time_s,f0_hz,midi,nearest_midi,cents_deviation,voiced_prob
0.0,238.34839409963237,58.386820576352434,58.0,38.68205763524344,0.010037765502929688
0.023219954648526078,236.97560836585026,58.286820576352426,58.0,28.682057635242586,0.01000123296498612
0.046439909297052155,235.61072929608412,58.18682057635243,58.0,18.682057635243154,0.010009025493342986
0.06965986394557823,239.72913230026904,58.48682057635243,58.0,48.68205763524287,0.010622609040911533
0.09287981859410431,243.91952372092192,58.78682057635243,59.0,-21.317942364756703,0.010259050559778863
0.11609977324263039,246.75373206527053,58.98682057635243,59.0,-1.3179423647571298,0.011085791888943373
0.13931972789115646,248.18316189339754,59.08682057635242,59.0,8.682057635242302,0.022944219124638603
0.16253968253968254,245.3325351471361,58.88682057635243,59.0,-11.317942364757272,0.015085587297504338
0.18575963718820862,236.97560836585026,58.286820576352426,58.0,28.682057635242586,0.010191075496968311
0.2089795918367347,219.83258359329426,56.98682057635243,57.0,-1.3179423647571298,0.010073751764282884
0.23219954648526078,218.56644108070327,56.88682057635242,57.0,-11.317942364757982,0.01000419105279527
0.25541950113378686,219.83258359329426,56.98682057635243,57.0,-1.3179423647571298,0.010000802780927255
0.2786394557823129,219.83258359329426,56.98682057635243,57.0,-1.3179423647571298,0.010000127845232543
0.301859410430839,228.90334918964132,57.68682057635243,58.0,-31.317942364756846,0.010467533617069905
0.3250793650793651,234.25371135130007,58.08682057635243,58.0,8.682057635243012,0.011422334250709074
0.34829931972789113,232.90450925475,57.98682057635243,58.0,-1.3179423647571298,0.01646758759311301
0.37151927437641724,232.90450925475,57.98682057635243,58.0,-1.3179423647571298,0.018187375734912182
0.3947392290249433,236.97560836585026,58.286820576352426,58.0,28.682057635242586,0.010467533617069905
0.4179591836734694,238.34839409963237,58.386820576352434,58.0,38.68205763524344,0.010101974593744989
0.44117913832199546,,,,,0.010000002871100368
0.46439909297052157,,,,,0.010000000814014904
0.4876190476190476,,,,,0.01000000002170159
0.5108390022675737,,,,,0.01000020633903134
0.5340589569160997,,,,,0.01000123296498612
0.5572789115646258,,,,,0.010009025493342986
0.5804988662131519,,,,,0.010009025493342986
0.603718820861678,,,,,0.010000027850262286
0.626938775510204,,,,,0.010000127845232541
0.6501587301587302,,,,,0.010000802780927253
0.6733786848072563,,,,,0.01000187304601255
0.6965986394557823,,,,,0.010000516719604523
0.7198185941043084,,,,,0.010000000417925077
0.7430385487528345,,,,,0.010000002871100368
0.7662585034013606,,,,,0.010000005216229449
0.7894784580498866,,,,,0.010000001546554296
0.8126984126984127,,,,,0.010000001546554296
0.8359183673469388,,,,,0.010000000021701592
0.8591383219954648,,,,,0.010000000417925077
0.8823582766439909,,,,,0.010000000003996623
0.905578231292517,,,,,0.0100000470079773
0.9287981859410431,,,,,0.01002672467381077
0.9520181405895691,,,,,0.01001876450976914
0.9752380952380952,,,,,0.010037765502929688
0.9984580498866213,,,,,0.0100028158258111
1.0216780045351475,,,,,0.010000127845232541
1.0448979591836736,,,,,0.010000000417925075
1.0681179138321995,,,,,0.010000005216229449
1.0913378684807256,,,,,0.010000000814014906
1.1145578231292517,,,,,0.010000027850262286
1.1377777777777778,,,,,0.01000020633903134
1.1609977324263039,,,,,0.010000516719604524
1.18421768707483,,,,,0.010000047007977299
1.207437641723356,,,,,0.0100000470079773
1.230657596371882,,,,,0.010000802780927255
1.253877551020408,,,,,0.0100028158258111
1.2770975056689342,316.3244865129268,63.28682057635243,63.0,28.682057635243297,0.010000802780927255
1.3003174603174603,312.69118989895867,63.08682057635242,63.0,8.682057635242302,0.010009025493342988
1.3235374149659864,314.50259153448036,63.18682057635244,63.0,18.682057635243865,0.010259050559778864
1.3467573696145125,312.69118989895867,63.08682057635242,63.0,8.682057635242302,0.010140046044704068
1.3699773242630386,316.3244865129268,63.28682057635243,63.0,28.682057635243297,0.010467533617069905
1.3931972789115645,318.15693562161516,63.38682057635243,63.0,38.68205763524273,0.011085791888943373
1.4164172335600906,318.15693562161516,63.38682057635243,63.0,38.68205763524273,0.010140046044704068
1.4396371882086167,318.15693562161516,63.38682057635243,63.0,38.68205763524273,0.01010197459374499
1.4628571428571429,318.15693562161516,63.38682057635243,63.0,38.68205763524273,0.010018764509769138
1.486077097505669,316.3244865129268,63.28682057635243,63.0,28.682057635243297,0.01002672467381077
1.509297052154195,316.3244865129268,63.28682057635243,63.0,28.682057635243297,0.010009025493342986
1.5325170068027212,316.3244865129268,63.28682057635243,63.0,28.682057635243297,0.010037765502929688
1.555736961451247,316.3244865129268,63.28682057635243,63.0,28.682057635243297,0.01000123296498612
1.5789569160997732,316.3244865129268,63.28682057635243,63.0,28.682057635243297,0.010001873046012551
1.6021768707482993,316.3244865129268,63.28682057635243,63.0,28.682057635243297,0.010001873046012551
1.6253968253968254,316.3244865129268,63.28682057635243,63.0,28.682057635243297,0.01000123296498612
1.6486167800453515,316.3244865129268,63.28682057635243,63.0,28.682057635243297,0.010013068846238975
1.6718367346938776,312.69118989895867,63.08682057635242,63.0,8.682057635242302,0.010009025493342986
1.6950566893424037,312.69118989895867,63.08682057635242,63.0,8.682057635242302,0.010037765502929688
1.7182766439909296,314.50259153448036,63.18682057635244,63.0,18.682057635243865,0.010013068846238975
1.7414965986394557,310.89022116915385,62.98682057635243,63.0,-1.3179423647571298,0.01000419105279527
1.7647165532879818,310.89022116915385,62.98682057635243,63.0,-1.3179423647571298,0.0100028158258111
1.787936507936508,310.89022116915385,62.98682057635243,63.0,-1.3179423647571298,0.01000123296498612
1.811156462585034,309.09962525595057,62.886820576352434,63.0,-11.317942364756561,0.01000419105279527
1.8343764172335602,312.69118989895867,63.08682057635242,63.0,8.682057635242302,0.01001876450976914
1.8575963718820863,312.69118989895867,63.08682057635242,63.0,8.682057635242302,0.010622609040911531
1.8808163265306121,312.69118989895867,63.08682057635242,63.0,8.682057635242302,0.011422334250709074
1.9040362811791383,312.69118989895867,63.08682057635242,63.0,8.682057635242302,0.013100262550513395
1.9272562358276644,312.69118989895867,63.08682057635242,63.0,8.682057635242302,0.012403124793551348
1.9504761904761905,312.69118989895867,63.08682057635242,63.0,8.682057635242302,0.010824463728234167
1.9736961451247166,312.69118989895867,63.08682057635242,63.0,8.682057635242302,0.015085587297504338
1.9969160997732427,312.69118989895867,63.08682057635242,63.0,8.682057635242302,0.0229442191246386
2.020136054421769,312.69118989895867,63.08682057635242,63.0,8.682057635242302,0.056071395445892624
2.043356009070295,310.89022116915385,62.98682057635243,63.0,-1.3179423647571298,0.09203757081218114
2.066575963718821,310.89022116915385,62.98682057635243,63.0,-1.3179423647571298,0.15046460134333883
2.089795918367347,310.89022116915385,62.98682057635243,63.0,-1.3179423647571298,0.12793708630129036
2.1130158730158732,310.89022116915385,62.98682057635243,63.0,-1.3179423647571298,0.09203757081218113
2.136235827664399,310.89022116915385,62.98682057635243,63.0,-1.3179423647571298,0.04069733156888106
2.159455782312925,310.89022116915385,62.98682057635243,63.0,-1.3179423647571298,0.07797523762294829
2.182675736961451,312.69118989895867,63.08682057635242,63.0,8.682057635242302,0.09203757081218113
2.2058956916099772,312.69118989895867,63.08682057635242,63.0,8.682057635242302,0.20650679911775216
2.2291156462585033,310.89022116915385,62.98682057635243,63.0,-1.3179423647571298,0.27960516533635904
2.2523356009070294,310.89022116915385,62.98682057635243,63.0,-1.3179423647571298,0.3233360583906409
2.2755555555555556,310.89022116915385,62.98682057635243,63.0,-1.3179423647571298,0.3233360583906409
2.2987755102040817,309.09962525595057,62.886820576352434,63.0,-11.317942364756561,0.1085797565566083
2.3219954648526078,310.89022116915385,62.98682057635243,63.0,-1.3179423647571298,0.0920375708121795
2.345215419501134,310.89022116915385,62.98682057635243,63.0,-1.3179423647571298,0.047686993082525
2.36843537414966,310.89022116915385,62.98682057635243,63.0,-1.3179423647571298,0.04768699308253103
2.391655328798186,310.89022116915385,62.98682057635243,63.0,-1.3179423647571298,0.026168028608935752
2.414875283446712,309.09962525595057,62.886820576352434,63.0,-11.317942364756561,0.026168028608935755
2.4380952380952383,310.89022116915385,62.98682057635243,63.0,-1.3179423647571298,0.056071395445892624
2.461315192743764,310.89022116915385,62.98682057635243,63.0,-1.3179423647571298,0.056071395445892624
2.48453514739229,310.89022116915385,62.98682057635243,63.0,-1.3179423647571298,0.020317628556360583
2.507755102040816,312.69118989895867,63.08682057635242,63.0,8.682057635242302,0.0100028158258111
2.5309750566893423,316.3244865129268,63.28682057635243,63.0,28.682057635243297,0.0100028158258111
2.5541950113378684,314.50259153448036,63.18682057635244,63.0,18.682057635243865,0.010001873046012551
2.5774149659863945,,,,,0.010009025493342986
2.6006349206349206,,,,,0.01000419105279527
2.6238548752834467,,,,,0.010001873046012551
2.647074829931973,,,,,0.010000516719604524
2.670294784580499,,,,,0.010000802780927255
2.693514739229025,,,,,0.01000020633903134
2.716734693877551,,,,,0.010000016226422834
2.7399546485260773,,,,,0.010000000814014906
2.7631746031746034,,,,,0.010000001546554201
2.786394557823129,,,,,0.010000000101429396
2.809614512471655,,,,,0.010000001546552662
2.8328344671201813,,,,,0.010000002871100368
2.8560544217687074,,,,,0.01000000287110037
2.8792743764172335,,,,,0.0100000470079773
2.9024943310657596,,,,,0.010000127845232541
2.9257142857142857,,,,,0.0100028158258111
2.948934240362812,,,,,0.010191075496968311
2.972154195011338,,,,,0.010191075496968311
2.995374149659864,,,,,0.010349055133375844
3.01859410430839,,,,,0.010622609040911533
3.0418140589569163,,,,,0.011422334250709074
3.0650340136054424,,,,,0.010824463728234167
3.0882539682539685,,,,,0.010622609040911533
3.111473922902494,,,,,0.01003776550292969
3.1346938775510202,,,,,0.010001873046012551
3.1579138321995464,,,,,0.010004191052795272
3.1811337868480725,,,,,0.010013068846238975
3.2043537414965986,,,,,0.01001876450976914
3.2275736961451247,,,,,0.010013068846238975
3.250793650793651,,,,,0.010001873046012551
3.274013605442177,,,,,0.01000032860450166
3.297233560090703,,,,,0.01000020633903134
3.320453514739229,,,,,0.010000005216229449
3.3436734693877552,,,,,0.010000027850262286
3.3668934240362813,,,,,0.010000802780927255
3.3901133786848074,,,,,0.0100000470079773
3.4133333333333336,,,,,0.010000078102280324
3.436553287981859,,,,,0.01000000928748663
3.4597732426303853,,,,,0.010000127845232541
3.4829931972789114,312.69118989895867,63.08682057635242,63.0,8.682057635242302,0.01000020633903134
3.5062131519274375,316.3244865129268,63.28682057635243,63.0,28.682057635243297,0.010000516719604524
3.5294331065759637,320.0,63.48682057635242,63.0,48.68205763524216,0.010000516719604524
3.5526530612244898,318.15693562161516,63.38682057635243,63.0,38.68205763524273,0.010000078102280324
3.575873015873016,316.3244865129268,63.28682057635243,63.0,28.682057635243297,0.010013068846238975
3.599092970521542,314.50259153448036,63.18682057635244,63.0,18.682057635243865,0.010622609040911533
3.622312925170068,312.69118989895867,63.08682057635242,63.0,8.682057635242302,0.011853505394683413
3.645532879818594,312.69118989895867,63.08682057635242,63.0,8.682057635242302,0.01646758759311301
3.6687528344671203,314.50259153448036,63.18682057635244,63.0,18.682057635243865,0.01508558729750434
3.6919727891156464,314.50259153448036,63.18682057635244,63.0,18.682057635243865,0.013980210380185928
3.7151927437641725,316.3244865129268,63.28682057635243,63.0,28.682057635243297,0.015085587297504338
3.7384126984126986,314.50259153448036,63.18682057635244,63.0,18.682057635243865,0.016467587593113005
3.7616326530612243,312.69118989895867,63.08682057635242,63.0,8.682057635242302,0.0229442191246386
3.7848526077097504,312.69118989895867,63.08682057635242,63.0,8.682057635242302,0.034897428019625254
3.8080725623582765,312.69118989895867,63.08682057635242,63.0,8.682057635242302,0.047686993082531035
3.8312925170068026,314.50259153448036,63.18682057635244,63.0,18.682057635243865,0.10857977072874499
3.8545124716553287,314.50259153448036,63.18682057635244,63.0,18.682057635243865,0.07797523762294828
3.877732426303855,314.50259153448036,63.18682057635244,63.0,18.682057635243865,0.09203757081218111
3.900952380952381,312.69118989895867,63.08682057635242,63.0,8.682057635242302,0.07797523762294829
3.924172335600907,312.69118989895867,63.08682057635242,63.0,8.682057635242302,0.09203757081218114
3.947392290249433,312.69118989895867,63.08682057635242,63.0,8.682057635242302,0.06608151270920662
3.9706122448979593,312.69118989895867,63.08682057635242,63.0,8.682057635242302,0.05607139544589263
3.9938321995464854,314.50259153448036,63.18682057635244,63.0,18.682057635243865,0.04768699308253103
4.017052154195011,314.50259153448036,63.18682057635244,63.0,18.682057635243865,0.06608151270920701
4.040272108843538,314.50259153448036,63.18682057635244,63.0,18.682057635243865,0.12793708630129033
4.063492063492063,314.50259153448036,63.18682057635244,63.0,18.682057635243865,0.07797523762294828
4.08671201814059,314.50259153448036,63.18682057635244,63.0,18.682057635243865,0.10857977072874497
4.1099319727891155,314.50259153448036,63.18682057635244,63.0,18.682057635243865,0.07797523762294829
4.133151927437642,314.50259153448036,63.18682057635244,63.0,18.682057635243865,0.05607139544588659
4.156371882086168,312.69118989895867,63.08682057635242,63.0,8.682057635242302,0.05607139544589263
4.179591836734694,312.69118989895867,63.08682057635242,63.0,8.682057635242302,0.06608151270920701
4.20281179138322,310.89022116915385,62.98682057635243,63.0,-1.3179423647571298,0.04768699308253103
4.2260317460317465,310.89022116915385,62.98682057635243,63.0,-1.3179423647571298,0.09203757081218111
4.249251700680272,310.89022116915385,62.98682057635243,63.0,-1.3179423647571298,0.09203757081218113
4.272471655328798,310.89022116915385,62.98682057635243,63.0,-1.3179423647571298,0.047686993082531035
4.295691609977324,314.50259153448036,63.18682057635244,63.0,18.682057635243865,0.09203757080869047
4.31891156462585,314.50259153448036,63.18682057635244,63.0,18.682057635243865,0.09203757081077843
4.342131519274377,316.3244865129268,63.28682057635243,63.0,28.682057635243297,0.09203757081217506
4.365351473922902,314.50259153448036,63.18682057635244,63.0,18.682057635243865,0.10857977072874497
4.388571428571429,314.50259153448036,63.18682057635244,63.0,18.682057635243865,0.02616802860839961
4.4117913832199545,312.69118989895867,63.08682057635242,63.0,8.682057635242302,0.03489742801962526
4.435011337868481,309.09962525595057,62.886820576352434,63.0,-11.317942364756561,0.0229442191246386
4.458231292517007,307.3193424163214,62.78682057635244,63.0,-21.317942364755993,0.013100262550513397
4.481451247165533,305.54931325133333,62.686820576352424,63.0,-31.317942364757556,0.010824463728234167
4.504671201814059,307.3193424163214,62.78682057635244,63.0,-21.317942364755993,0.010037765502929688
4.527891156462585,,,,,0.010052967545965854
4.551111111111111,,,,,0.010622609040911533
4.574331065759637,,,,,0.010004191052795272
4.597551020408163,,,,,0.010001232964986123
4.620770975056689,,,,,0.010000078102280324
4.6439909297052155,,,,,0.010000016226422836
4.667210884353741,,,,,0.010000127845232543
4.690430839002268,,,,,0.010000027850262286
4.713650793650793,,,,,0.0100000470079773
4.73687074829932,,,,,0.010000516719604524
4.760090702947846,,,,,0.010001873046012551
4.783310657596372,,,,,0.0100028158258111
4.806530612244898,,,,,0.010052967545965857
4.829750566893424,,,,,0.010013068846238975
4.85297052154195,,,,,0.010013068846238975
4.876190476190477,,,,,0.0100028158258111
4.899410430839002,,,,,0.010000127845232543
4.922630385487528,,,,,0.010000802780927255
4.9458503401360545,,,,,0.010000000208892744
4.96907029478458,,,,,0.010000000001606035
4.992290249433107,,,,,0.010000000001606035
5.015510204081632,,,,,0.010000000814014906
5.038730158730159,,,,,0.010000516719604526
5.061950113378685,,,,,0.010000802780927253
5.085170068027211,,,,,0.010002815825811098
5.108390022675737,,,,,0.010009025493342986
5.131609977324263,,,,,0.010004191052795272
5.154829931972789,,,,,0.010013068846238976
5.178049886621316,,,,,0.010018764509769138
5.201269841269841,,,,,0.01001876450976914
5.224489795918367,,,,,0.01000032860450166
5.2477097505668935,,,,,0.010000000417925078
5.270929705215419,,,,,0.010000000208892744
5.294149659863946,,,,,0.010000000814014906
5.317369614512471,,,,,0.010000000417925077
5.340589569160998,,,,,0.010000516719604524
5.363809523809524,,,,,0.01000419105279527
5.38702947845805,,,,,0.010000802780927255
5.410249433106576,,,,,0.010000516719604524
5.433469387755102,,,,,0.010000000009505967
5.456689342403628,,,,,0.010000016226422836
5.479909297052155,,,,,0.01000032860450166
5.50312925170068,,,,,0.010000802780927255
5.526349206349207,,,,,0.010002815825811098
5.5495691609977325,,,,,0.0100000470079773
5.572789115646258,,,,,0.01000123296498612
5.596009070294785,,,,,0.01000020633903134
5.61922902494331,,,,,0.010000127845232541
5.642448979591837,,,,,0.010000516719604523
5.6656689342403626,,,,,0.010000002871100368
5.688888888888889,,,,,0.010000127845232541
5.712108843537415,,,,,0.01000032860450166
5.735328798185941,,,,,0.01000032860450166
5.758548752834467,,,,,0.010052967545965857
5.7817687074829935,,,,,0.010622609040911531
5.804988662131519,,,,,0.013980210380185928
5.828208616780046,,,,,0.013980210380185928
5.851428571428571,,,,,0.015085587297504336
5.874648526077097,,,,,0.011853505394683413
5.897868480725624,,,,,0.010622609040911533
5.921088435374149,,,,,0.010140046044704068
5.944308390022676,,,,,0.010824463728234167
5.9675283446712015,,,,,0.010140046044704068
5.990748299319728,,,,,0.010140046044704068
6.013968253968254,,,,,0.011422334250709073
6.03718820861678,,,,,0.01240312479355135
6.060408163265306,,,,,0.015085587297504338
6.0836281179138325,,,,,0.010467533617069905
6.106848072562358,,,,,0.01034905513337546
6.130068027210885,,,,,0.010349055133375844
6.15328798185941,,,,,0.01019107549696831
6.176507936507937,,,,,0.01010197459374499
6.199727891156463,,,,,0.010052967545965857
6.222947845804988,,,,,0.01010197459374499
6.246167800453515,,,,,0.0100028158258111
6.2693877551020405,,,,,0.010037765502929688
6.292607709750567,,,,,0.010018764509769141
6.315827664399093,,,,,0.01002672467381077
6.339047619047619,,,,,0.010009025493342986
6.362267573696145,,,,,0.010013068846238976
6.3854875283446715,,,,,0.010140046044704068
6.408707482993197,,,,,0.010349055133375844
6.431927437641724,,,,,0.011085791888943373
6.455147392290249,,,,,0.011853505394683413
6.478367346938776,,,,,0.011853505394683413
6.501587301587302,,,,,0.010259050559778863
6.524807256235827,,,,,0.010052967545965857
6.548027210884354,,,,,0.01000187304601255
6.5712471655328795,,,,,0.010000078102280322
6.594467120181406,,,,,0.010000000003996623
6.617687074829932,,,,,0.010000000003996621
6.640907029478458,,,,,0.010000002871100368
6.664126984126984,,,,,0.010000000047726025
6.6873469387755105,,,,,0.010000000417859221
6.710566893424036,,,,,0.010000000100893074
6.733786848072563,,,,,0.010000000101235144
6.757006802721088,,,,,0.010000000013244572
6.780226757369615,,,,,0.010000000021695543
6.8034467120181406,,,,,0.010000000208892744
6.826666666666667,,,,,0.010000000208356575
6.849886621315193,,,,,0.010000000003996621
6.873106575963718,,,,,0.010000000001606037
6.896326530612245,,,,,0.010000000047726026
6.919546485260771,,,,,0.010000000101429395
6.942766439909297,,,,,0.010000000417925075
6.965986394557823,,,,,0.010000000208892745
6.989206349206349,,,,,0.010000001546554296
7.012426303854875,,,,,0.010000047007977303
7.035646258503402,,,,,0.010000000101429396
7.058866213151927,,,,,0.010000000208892744
7.082086167800454,,,,,0.010000000814014904
7.1053061224489795,,,,,0.010000000208892742
7.128526077097506,,,,,0.010000005216229447
7.151746031746032,,,,,0.010000005216229449
7.174965986394557,,,,,0.010000127845232541
7.198185941043084,,,,,0.01000001622642245
7.22140589569161,,,,,0.010000000417925077
7.244625850340136,,,,,0.010000000021701592
7.267845804988662,,,,,0.010000000009505967
7.291065759637188,,,,,0.010000002871099983
7.314285714285714,,,,,0.010000000813949032
7.337505668934241,,,,,0.010000002871079496
7.360725623582766,,,,,0.010000005125989439
7.383945578231293,,,,,0.010000000021701592
7.4071655328798185,,,,,0.010000000208892744
7.430385487528345,,,,,0.010000000812612132
7.453605442176871,,,,,0.010000000047726025
7.476825396825397,,,,,0.010000000021701592
7.500045351473923,,,,,0.01000012784523254
7.523265306122449,,,,,0.010000027850262288
7.546485260770975,,,,,0.010000001546554296
7.569705215419501,,,,,0.01000000521622945
7.592925170068027,,,,,0.010000000009505967
7.616145124716553,,,,,0.010000000047726025
7.63936507936508,,,,,0.010000000814014906
7.662585034013605,,,,,0.0100000470079773
7.685804988662132,,,,,0.010000000417925077
7.7090249433106575,,,,,0.010000016226422836
7.732244897959184,,,,,0.010000000208892744
7.75546485260771,,,,,0.010000001546554298
7.778684807256236,,,,,0.010000000047726025
7.801904761904762,,,,,0.010000002871100368
7.825124716553288,,,,,0.010000027850262286
7.848344671201814,,,,,0.01000000928748663
7.87156462585034,,,,,0.010000000814014906
7.894784580498866,,,,,0.010000000047726025
7.918004535147392,,,,,0.010000078102280326
7.9412244897959186,,,,,0.01000419105279527
7.964444444444444,,,,,0.010000516719604524
7.987664399092971,,,,,0.010000516719604526
8.010884353741497,,,,,0.01000020633903134
8.034104308390022,,,,,0.010001873046012551
8.057324263038549,,,,,0.01000123296498612
8.080544217687075,,,,,0.01000419105279527
8.103764172335602,,,,,0.01000020633903134
8.126984126984127,,,,,0.010000802780927255
8.150204081632653,,,,,0.01000020633903134
8.17342403628118,,,,,0.010004191052795269
8.196643990929704,,,,,0.0100028158258111
8.219863945578231,,,,,0.010000000417925077
8.243083900226758,,,,,0.010000000101429398
8.266303854875284,,,,,0.010000078093964717
8.289523809523809,,,,,0.010000027850256239
8.312743764172335,,,,,0.010000206338837522
8.335963718820862,,,,,0.010001232964985736
8.359183673469389,,,,,0.010006178554797934
8.382403628117913,,,,,0.01005296745737517
8.40562358276644,,,,,0.010000127756467598
8.428843537414966,,,,,3.679669574425688e-10
8.452063492063493,,,,,1.1306667980799438e-09
8.475283446712018,,,,,2.499329467062251e-08
8.498503401360544,,,,,0.010000022273249505
8.52172335600907,,,,,0.010000027850262286
8.544943310657596,,,,,0.010000027850262286
8.568163265306122,,,,,0.010000002870564045
8.591383219954649,,,,,0.0100000470079773
8.614603174603175,,,,,0.0100000470079773
8.6378231292517,,,,,0.01000000928748663
8.661043083900227,,,,,0.010000016226422836
8.684263038548753,,,,,0.010000000814014906
8.70748299319728,,,,,0.010000000417925077
8.730702947845804,,,,,0.010000000208892744
8.753922902494331,,,,,0.010000001546554296
8.777142857142858,,,,,0.010000127845232541
8.800362811791382,,,,,0.01000032860450166
8.823582766439909,,,,,0.0100000470079773
8.846802721088435,,,,,0.010000002871100368
8.870022675736962,,,,,0.010000000208892744
8.893242630385487,,,,,0.010000001546554296
8.916462585034013,,,,,0.010000001546554296
8.93968253968254,,,,,0.0100000470079773
8.962902494331066,,,,,0.010000802780927256
8.986122448979591,,,,,0.010000802780927253
9.009342403628118,,,,,0.01000419105279527
9.032562358276644,,,,,0.01000617837283905
9.05578231292517,,,,,0.010004166724541333
9.079002267573696,,,,,0.010001585360996056
9.102222222222222,,,,,0.01000018195970005
9.125442176870749,,,,,0.010000000329163018
9.148662131519274,,,,,0.010000320490307099
9.1718820861678,,,,,0.010000046999661734
9.195102040816327,,,,,0.010004191052793638
9.218321995464853,,,,,0.010349055133309987
9.241541950113378,,,,,0.011085791706488577
9.264761904761905,,,,,0.010259046003724136
9.287981859410431,,,,,0.010139865770445372
9.311201814058958,,,,,0.010139333711728902
9.334421768707482,,,,,0.01007329228863098
9.357641723356009,,,,,0.013750024233239122
9.380861678004536,,,,,0.0007818011180159154
9.404081632653062,,,,,0.000617535859401801
9.427301587301587,,,,,0.0010070861038431003
9.450521541950113,,,,,0.0008133906727848304
9.47374149659864,,,,,0.0006249122178488894
9.496961451247165,,,,,0.00029231824291730234
9.520181405895691,,,,,0.00029081815556464665
9.543401360544218,,,,,0.0007860156678613564
9.566621315192744,,,,,0.005582431761823527
9.58984126984127,,,,,0.024217704563476633
9.613061224489796,,,,,0.01715088999159146
9.636281179138322,,,,,0.040354399528537845
9.659501133786849,,,,,0.026319993206609788
9.682721088435374,,,,,0.010078198207611857
9.7059410430839,,,,,9.92825672452071e-05
9.729160997732427,,,,,0.0002893932408474248
9.752380952380953,,,,,0.0004796264807782769
9.775600907029478,,,,,0.0007790158214418677
9.798820861678005,,,,,0.0004793347587098606
9.822040816326531,,,,,0.00028944184187643546
9.845260770975056,,,,,0.00017127057532610222
9.868480725623582,,,,,0.0002894178673664105
9.891700680272109,,,,,0.000986245159729641
9.914920634920636,310.89022116915385,62.98682057635243,63.0,-1.3179423647571298,0.014652482662837921
9.93814058956916,314.50259153448036,63.18682057635244,63.0,18.682057635243865,0.06766985284324874
9.961360544217687,314.50259153448036,63.18682057635244,63.0,18.682057635243865,0.08200870569751267
9.984580498866213,314.50259153448036,63.18682057635244,63.0,18.682057635243865,0.10565727603169357
10.00780045351474,312.69118989895867,63.08682057635242,63.0,8.682057635242302,0.033481476841416564
10.031020408163265,312.69118989895867,63.08682057635242,63.0,8.682057635242302,0.04031876678451332
10.054240362811791,312.69118989895867,63.08682057635242,63.0,8.682057635242302,0.06629467667264037
10.077460317460318,310.89022116915385,62.98682057635243,63.0,-1.3179423647571298,0.13193597332145524
10.100680272108843,312.69118989895867,63.08682057635242,63.0,8.682057635242302,0.06882537949323232
10.12390022675737,310.89022116915385,62.98682057635243,63.0,-1.3179423647571298,0.06157968428821665
10.147120181405896,309.09962525595057,62.886820576352434,63.0,-11.317942364756561,0.014778890949999983
10.170340136054422,307.3193424163214,62.78682057635244,63.0,-21.317942364755993,0.01605920465952215
10.193560090702947,305.54931325133333,62.686820576352424,63.0,-31.317942364757556,0.012235934927233192
10.216780045351474,305.54931325133333,62.686820576352424,63.0,-31.317942364757556,0.010209455266475414
10.24,,,,,0.0002283950988245716
10.263219954648527,,,,,0.0004845747235786912
10.286439909297052,,,,,0.00037627430822591664
10.309659863945578,,,,,0.00028989018770374936
10.332879818594105,,,,,0.010498037379256137
10.356099773242631,,,,,0.010193460565522339
10.379319727891156,,,,,0.010376847445855665
10.402539682539683,,,,,0.010251060805127473
10.425759637188209,,,,,1.2305539636780919e-05
10.448979591836734,,,,,8.882294033277863e-06
10.47219954648526,,,,,0.0101345680858467
10.495419501133787,,,,,0.010024221256661721
10.518639455782314,,,,,0.010026541226587398
10.541859410430838,,,,,0.010073737401601179
10.565079365079365,,,,,0.01025900940395892
10.588299319727891,,,,,0.010824422670220256
10.611519274376418,,,,,0.010824463017274076
10.634739229024943,,,,,0.010006178555334078
10.65795918367347,,,,,0.010052967545945026
10.681179138321996,,,,,0.010037765502929686
10.704399092970522,,,,,0.010140046044702436
10.727619047619047,,,,,0.010467533598115666
10.750839002267574,,,,,0.010259050559778765
10.7740589569161,,,,,0.010009024780634618
10.797278911564625,,,,,0.010006177201237355
10.820498866213152,,,,,0.010000327893329967
10.843718820861678,,,,,6.24635087086084e-08
10.866938775510205,,,,,2.6002591918123076e-08
10.89015873015873,,,,,0.01000012775662003
10.913378684807256,,,,,0.010000802780927255
10.936598639455783,,,,,0.010004191052795272
10.95981859410431,,,,,0.010009025493342986
10.983038548752834,,,,,0.010004191052795272
11.00625850340136,,,,,0.01000020633903134
11.029478458049887,,,,,0.010000206339025295
11.052698412698414,,,,,0.01000001622642245
11.075918367346938,,,,,0.010000005216229447
11.099138321995465,,,,,0.010000000047726025
11.122358276643991,,,,,0.010000016226422836
11.145578231292516,,,,,0.01000000521622945
11.168798185941043,,,,,0.0100000470079773
11.19201814058957,,,,,0.010000005216229449
11.215238095238096,,,,,0.010000027850262286
11.23845804988662,,,,,0.01000123296498612
11.261678004535147,,,,,0.010006178555333981
11.284897959183674,,,,,0.010002815825810715
11.3081179138322,,,,,0.010001873046012551
11.331337868480725,,,,,0.01000051671960414
11.354557823129252,,,,,0.010000027850260653
11.377777777777778,,,,,0.010000516719604524
11.400997732426303,,,,,0.01000617855393136
11.42421768707483,,,,,0.010013068845702829
11.447437641723356,,,,,0.010101974593744607
11.470657596371883,,,,,0.010052967545964225
11.493877551020407,,,,,0.010037765502928057
11.517097505668934,,,,,0.010009025493342986
11.54031746031746,,,,,0.010009025493342986
11.563537414965987,,,,,0.010467533617069907
11.586757369614512,,,,,0.01014004604470407
11.609977324263038,,,,,0.010349055133375844
11.633197278911565,,,,,0.01010197459374499
11.656417233560092,,,,,0.010037765502929688
11.679637188208616,,,,,0.010013068846238975
11.702857142857143,,,,,0.01000419105279527
11.72607709750567,309.09962525595057,62.886820576352434,63.0,-11.317942364756561,0.010191075496968311
11.749297052154194,309.09962525595057,62.886820576352434,63.0,-11.317942364756561,0.011085791888943373
11.77251700680272,309.09962525595057,62.886820576352434,63.0,-11.317942364756561,0.010622609040911533
11.795736961451247,309.09962525595057,62.886820576352434,63.0,-11.317942364756561,0.011085791888943373
11.818956916099774,309.09962525595057,62.886820576352434,63.0,-11.317942364756561,0.010824463728234165
11.842176870748299,309.09962525595057,62.886820576352434,63.0,-11.317942364756561,0.010824463728234167
11.865396825396825,309.09962525595057,62.886820576352434,63.0,-11.317942364756561,0.011853505394683413
11.888616780045352,309.09962525595057,62.886820576352434,63.0,-11.317942364756561,0.03010686179419501
11.911836734693878,309.09962525595057,62.886820576352434,63.0,-11.317942364756561,0.02031762855636058
11.935056689342403,307.3193424163214,62.78682057635244,63.0,-21.317942364755993,0.026168028608935752
11.95827664399093,307.3193424163214,62.78682057635244,63.0,-21.317942364755993,0.013980210380185928
11.981496598639456,307.3193424163214,62.78682057635244,63.0,-21.317942364755993,0.010622609040911533
12.004716553287983,307.3193424163214,62.78682057635244,63.0,-21.317942364755993,0.011422334250709074
12.027936507936507,307.3193424163214,62.78682057635244,63.0,-21.317942364755993,0.011085791888943373
12.051156462585034,307.3193424163214,62.78682057635244,63.0,-21.317942364755993,0.015085587297504338
12.07437641723356,309.09962525595057,62.886820576352434,63.0,-11.317942364756561,0.015085587297504338
12.097596371882085,307.3193424163214,62.78682057635244,63.0,-21.317942364755993,0.011085791888943375
12.120816326530612,307.3193424163214,62.78682057635244,63.0,-21.317942364755993,0.010622609040911533
12.144036281179138,307.3193424163214,62.78682057635244,63.0,-21.317942364755993,0.010349055133375844
12.167256235827665,307.3193424163214,62.78682057635244,63.0,-21.317942364755993,0.013100262550513393
12.19047619047619,307.3193424163214,62.78682057635244,63.0,-21.317942364755993,0.030106861794195007
12.213696145124716,307.3193424163214,62.78682057635244,63.0,-21.317942364755993,0.026168028608935755
12.236916099773243,307.3193424163214,62.78682057635244,63.0,-21.317942364755993,0.02031762855636058
12.26013605442177,305.54931325133333,62.686820576352424,63.0,-31.317942364757556,0.010349055133375844
12.283356009070294,303.7894787041662,62.58682057635243,63.0,-41.31794236475699,0.010052967545965857
12.30657596371882,305.54931325133333,62.686820576352424,63.0,-31.317942364757556,0.01001876450976914
12.329795918367347,303.7894787041662,62.58682057635243,63.0,-41.31794236475699,0.01000032860450166
12.353015873015874,,,,,0.010000000208892744
12.376235827664399,285.0875898049086,61.48682057635243,61.0,48.68205763524287,0.010000005216229449
12.399455782312925,281.8130795507675,61.28682057635242,61.0,28.682057635241875,0.010006178555334077
12.422675736961452,280.18995564988325,61.186820576352424,61.0,18.682057635242444,0.01002672467381077
12.445895691609977,280.18995564988325,61.186820576352424,61.0,18.682057635242444,0.010349055133375844
12.469115646258503,280.18995564988325,61.186820576352424,61.0,18.682057635242444,0.010052967545965857
12.49233560090703,281.8130795507675,61.28682057635242,61.0,28.682057635241875,0.01000419105279527
12.515555555555556,280.18995564988325,61.186820576352424,61.0,18.682057635242444,0.010349055133375844
12.538775510204081,280.18995564988325,61.186820576352424,61.0,18.682057635242444,0.010140046044704068
12.561995464852608,278.5761802547597,61.08682057635243,61.0,8.682057635243012,0.010824463728234167
12.585215419501134,276.9716995219658,60.986820576352436,61.0,-1.3179423647564192,0.011422334250709074
12.60843537414966,276.9716995219658,60.986820576352436,61.0,-1.3179423647564192,0.010191075496968313
12.631655328798185,276.9716995219658,60.986820576352436,61.0,-1.3179423647564192,0.01001876450976914
12.654875283446712,278.5761802547597,61.08682057635243,61.0,8.682057635243012,0.010101974593744992
12.678095238095239,278.5761802547597,61.08682057635243,61.0,8.682057635243012,0.010037765502929688
12.701315192743763,278.5761802547597,61.08682057635243,61.0,8.682057635243012,0.01001876450976914
12.72453514739229,278.5761802547597,61.08682057635243,61.0,8.682057635243012,0.0100028158258111
12.747755102040816,278.5761802547597,61.08682057635243,61.0,8.682057635243012,0.01000032860450166
12.770975056689343,278.5761802547597,61.08682057635243,61.0,8.682057635243012,0.010000516719604526
12.794195011337868,276.9716995219658,60.986820576352436,61.0,-1.3179423647564192,0.010000206339031339
12.817414965986394,278.5761802547597,61.08682057635243,61.0,8.682057635243012,0.01000032860450166
12.84063492063492,283.44560611275534,61.386820576352434,61.0,38.68205763524344,0.010000127845232541
12.863854875283447,,,,,0.010000016226422836
12.887074829931972,303.7894787041662,62.58682057635243,63.0,-41.31794236475699,0.010000127845232541
12.910294784580499,310.89022116915385,62.98682057635243,63.0,-1.3179423647571298,0.010000516719604524
12.933514739229025,310.89022116915385,62.98682057635243,63.0,-1.3179423647571298,0.010000016226422836
12.956734693877552,309.09962525595057,62.886820576352434,63.0,-11.317942364756561,0.010018764509769138
12.979954648526077,310.89022116915385,62.98682057635243,63.0,-1.3179423647571298,0.010000802780927255
13.003174603174603,305.54931325133333,62.686820576352424,63.0,-31.317942364757556,0.01000123296498612
13.02639455782313,307.3193424163214,62.78682057635244,63.0,-21.317942364755993,0.010004191052793638
13.049614512471654,300.3001589347658,62.38682057635242,62.0,38.68205763524202,0.010000000814014523
13.072834467120181,300.3001589347658,62.38682057635242,62.0,38.68205763524202,0.010000328604501276
13.096054421768708,293.44129382549477,61.98682057635242,62.0,-1.3179423647578403,0.010000802780927255
13.119274376417234,293.44129382549477,61.98682057635242,62.0,-1.3179423647578403,0.010006178555334078
13.142494331065759,291.75119633862937,61.88682057635243,62.0,-11.317942364757272,0.01000187304601255
13.165714285714285,286.73908541182476,61.58682057635242,62.0,-41.3179423647577,0.0100028158258111
13.188934240362812,283.44560611275534,61.386820576352434,61.0,38.68205763524344,0.01000000928748663
13.212154195011339,278.5761802547597,61.08682057635243,61.0,8.682057635243012,0.010000078102280324
13.235374149659863,265.9961267656921,60.28682057635243,60.0,28.682057635243297,0.010000000417925077
13.25859410430839,,,,,0.010000000208891111
13.281814058956916,246.75373206527053,58.98682057635243,59.0,-1.3179423647571298,0.010000000047726025
13.305034013605443,243.91952372092192,58.78682057635243,59.0,-21.317942364756703,0.010000016226422836
13.328253968253968,248.18316189339754,59.08682057635242,59.0,8.682057635242302,0.010000078102280324
13.351473922902494,246.75373206527053,58.98682057635243,59.0,-1.3179423647571298,0.01000020633903134
13.374693877551021,245.3325351471361,58.88682057635243,59.0,-11.317942364757272,0.010000328604501658
13.397913832199546,246.75373206527053,58.98682057635243,59.0,-1.3179423647571298,0.0100028158258111
13.421133786848072,245.3325351471361,58.88682057635243,59.0,-11.317942364757272,0.01000012784523254
13.444353741496599,245.3325351471361,58.88682057635243,59.0,-11.317942364757272,0.010009025493342986
13.467573696145125,243.91952372092192,58.78682057635243,59.0,-21.317942364756703,0.01000617855533408
13.49079365079365,243.91952372092192,58.78682057635243,59.0,-21.317942364756703,0.010013068846238975
13.514013605442177,243.91952372092192,58.78682057635243,59.0,-21.317942364756703,0.010009025493342986
13.537233560090703,243.91952372092192,58.78682057635243,59.0,-21.317942364756703,0.010004191052795272
13.56045351473923,243.91952372092192,58.78682057635243,59.0,-21.317942364756703,0.010013068846238973
13.583673469387755,243.91952372092192,58.78682057635243,59.0,-21.317942364756703,0.010013068846238973
13.606893424036281,245.3325351471361,58.88682057635243,59.0,-11.317942364757272,0.010026724673810768
13.630113378684808,245.3325351471361,58.88682057635243,59.0,-11.317942364757272,0.010191075496968311
13.653333333333334,246.75373206527053,58.98682057635243,59.0,-1.3179423647571298,0.010140046044704068
13.676553287981859,246.75373206527053,58.98682057635243,59.0,-1.3179423647571298,0.01240312479355135
13.699773242630386,246.75373206527053,58.98682057635243,59.0,-1.3179423647571298,0.013100262550513397
13.722993197278912,246.75373206527053,58.98682057635243,59.0,-1.3179423647571298,0.011853505394683413
13.746213151927437,245.3325351471361,58.88682057635243,59.0,-11.317942364757272,0.010349055133375844
13.769433106575963,243.91952372092192,58.78682057635243,59.0,-21.317942364756703,0.010037765502929688
13.79265306122449,243.91952372092192,58.78682057635243,59.0,-21.317942364756703,0.01001876450976914
13.815873015873017,243.91952372092192,58.78682057635243,59.0,-21.317942364756703,0.010073751764282882
13.839092970521541,243.91952372092192,58.78682057635243,59.0,-21.317942364756703,0.010037765502929688
13.862312925170068,242.5146506416637,58.68682057635243,59.0,-31.317942364756846,0.010013068846238976
13.885532879818594,242.5146506416637,58.68682057635243,59.0,-31.317942364756846,0.010191075496968311
13.908752834467121,243.91952372092192,58.78682057635243,59.0,-21.317942364756703,0.010259050559778863
13.931972789115646,243.91952372092192,58.78682057635243,59.0,-21.317942364756703,0.010467533617069907
13.955192743764172,243.91952372092192,58.78682057635243,59.0,-21.317942364756703,0.010037765502929303
13.978412698412699,,,,,0.010000005174545348
14.001632653061224,,,,,0.010000001527596204
14.02485260770975,,,,,0.010000007933372022
14.048072562358277,,,,,3.675634769783305e-10
14.071292517006803,,,,,1.2354584452105633e-11
14.094512471655328,,,,,0.01000001966382585
14.117732426303855,,,,,0.010000025336510837
14.140952380952381,,,,,0.010000126494227183
14.164172335600908,,,,,0.010000512163728494
14.187392290249432,,,,,0.010000001790636294
14.210612244897959,,,,,0.010000057000231823
14.233832199546486,,,,,1.118413773572209e-09
14.257052154195012,,,,,2.4844665654357973e-08
14.280272108843537,,,,,6.221679055145745e-08
14.303492063492063,,,,,1.2278527861605371e-05
14.32671201814059,,,,,0.00028948118956364724
14.349931972789115,,,,,0.0003733887700465919
14.373151927437641,,,,,0.0019504383235083927
14.396371882086168,,,,,0.004582057259267448
14.419591836734694,,,,,0.017020258078134638
14.44281179138322,,,,,0.018568419545198854
14.466031746031746,,,,,0.014563867361694433
14.489251700680272,,,,,0.014329553418725135
14.512471655328799,,,,,0.0007787692764677763
14.535691609977324,,,,,0.000985904796597377
14.55891156462585,,,,,0.011786201264095521
14.582131519274377,,,,,0.004566700506580298
14.605351473922903,,,,,0.06653122199265786
14.628571428571428,,,,,0.1767145878108041
14.651791383219955,,,,,0.19275616942293994
14.675011337868481,,,,,0.06753932165375542
14.698231292517006,,,,,0.019097574532346125
14.721451247165533,,,,,0.0037031385737032927
14.744671201814059,,,,,0.0024299494312817428
14.767891156462586,,,,,0.00017152500728971127
14.79111111111111,,,,,9.940019026680339e-05
14.814331065759637,,,,,3.176018128620334e-05
14.837551020408164,,,,,1.7275254117001645e-05
14.86077097505669,,,,,0.010007948616731726
14.883990929705215,,,,,0.010000047007977303
14.907210884353741,,,,,0.010000206339030955
14.930430839002268,,,,,0.010000516719604524
14.953650793650795,,,,,0.010259049208788174
14.97687074829932,,,,,0.010191072989268031
15.000090702947846,,,,,0.01010197324298538
15.023310657596372,,,,,0.0103490551298852
15.046530612244897,,,,,0.01000419105279527
15.069750566893424,,,,,0.01001876450976914
15.09297052154195,,,,,0.010013068846238975
15.116190476190477,,,,,0.010000802780927255
15.139410430839002,,,,,0.010000127845232541
15.162630385487528,,,,,0.010000001546554298
15.185850340136055,,,,,0.010000000021701592
15.209070294784581,,,,,0.0100000015465542
15.232290249433106,,,,,0.01000000521273769
15.255510204081633,,,,,0.01000000008244841
15.27873015873016,,,,,0.010000005216163593
15.301950113378684,,,,,0.010000000101427766
15.32517006802721,,,,,0.010000000009505872
15.348390022675737,,,,,0.010000000000613475
15.371609977324264,,,,,0.010000005212737688
15.394829931972788,,,,,0.010000516719604429
15.418049886621315,232.90450925475,57.98682057635243,58.0,-1.3179423647571298,0.010002815825811098
15.441269841269841,234.25371135130007,58.08682057635243,58.0,8.682057635243012,0.01010197459374499
15.464489795918368,232.90450925475,57.98682057635243,58.0,-1.3179423647571298,0.010037765502929688
15.487709750566893,231.5630779904605,57.886820576352434,58.0,-11.317942364756561,0.010259050559778863
15.51092970521542,232.90450925475,57.98682057635243,58.0,-1.3179423647571298,0.010009025493342988
15.534149659863946,231.5630779904605,57.886820576352434,58.0,-11.317942364756561,0.010000127845232541
15.557369614512472,230.2293728017312,57.786820576352426,58.0,-21.317942364757414,0.010000802780927255
15.580589569160997,231.5630779904605,57.886820576352434,58.0,-11.317942364756561,0.01000123296498612
15.603809523809524,232.90450925475,57.98682057635243,58.0,-1.3179423647571298,0.01000419105279527
15.62702947845805,234.25371135130007,58.08682057635243,58.0,8.682057635243012,0.010013068846238975
15.650249433106575,236.97560836585026,58.286820576352426,58.0,28.682057635242586,0.01003776550292969
15.673469387755102,235.61072929608412,58.18682057635243,58.0,18.682057635243154,0.01019107549696831
15.696689342403628,234.25371135130007,58.08682057635243,58.0,8.682057635243012,0.01010197459374499
15.719909297052155,232.90450925475,57.98682057635243,58.0,-1.3179423647571298,0.010140046044704068
15.74312925170068,232.90450925475,57.98682057635243,58.0,-1.3179423647571298,0.011853505394683413
15.766349206349206,231.5630779904605,57.886820576352434,58.0,-11.317942364756561,0.010349055133375843
15.789569160997733,232.90450925475,57.98682057635243,58.0,-1.3179423647571298,0.010259050559778863
15.81278911564626,234.25371135130007,58.08682057635243,58.0,8.682057635243012,0.010824463728234165
15.836009070294784,234.25371135130007,58.08682057635243,58.0,8.682057635243012,0.010140046044704068
15.85922902494331,234.25371135130007,58.08682057635243,58.0,8.682057635243012,0.01014004604470407
15.882448979591837,232.90450925475,57.98682057635243,58.0,-1.3179423647571298,0.010037765502929688
15.905668934240364,230.2293728017312,57.786820576352426,58.0,-21.317942364757414,0.010026724673810772
15.928888888888888,232.90450925475,57.98682057635243,58.0,-1.3179423647571298,0.010052967545965857
15.952108843537415,232.90450925475,57.98682057635243,58.0,-1.3179423647571298,0.010073751764282886
15.975328798185942,232.90450925475,57.98682057635243,58.0,-1.3179423647571298,0.010467533617069905
15.998548752834466,234.25371135130007,58.08682057635243,58.0,8.682057635243012,0.010622609040911531
16.021768707482995,234.25371135130007,58.08682057635243,58.0,8.682057635243012,0.010191075496968311
16.04498866213152,235.61072929608412,58.18682057635243,58.0,18.682057635243154,0.010101974593744989
16.068208616780044,235.61072929608412,58.18682057635243,58.0,18.682057635243154,0.01001876450976914
16.091428571428573,236.97560836585026,58.286820576352426,58.0,28.682057635242586,0.010006178555334077
16.114648526077097,236.97560836585026,58.286820576352426,58.0,28.682057635242586,0.010006178555334078
16.137868480725622,235.61072929608412,58.18682057635243,58.0,18.682057635243154,0.010006178555334078
16.16108843537415,234.25371135130007,58.08682057635243,58.0,8.682057635243012,0.010009025493342986
16.184308390022675,232.90450925475,57.98682057635243,58.0,-1.3179423647571298,0.010259050559778864
16.207528344671204,232.90450925475,57.98682057635243,58.0,-1.3179423647571298,0.010467533617069905
16.23074829931973,232.90450925475,57.98682057635243,58.0,-1.3179423647571298,0.010622609040911534
16.253968253968253,232.90450925475,57.98682057635243,58.0,-1.3179423647571298,0.010191075496968311
16.27718820861678,239.72913230026904,58.48682057635243,58.0,48.68205763524287,0.010000078102280324
16.300408163265306,236.97560836585026,58.286820576352426,58.0,28.682057635242586,0.0100000470079773
16.32362811791383,239.72913230026904,58.48682057635243,58.0,48.68205763524287,0.010000078102280324
16.34684807256236,236.97560836585026,58.286820576352426,58.0,28.682057635242586,0.010000802780927255
16.370068027210884,236.97560836585026,58.286820576352426,58.0,28.682057635242586,0.010013068846238973
16.39328798185941,235.61072929608412,58.18682057635243,58.0,18.682057635243154,0.010018764509769141
16.416507936507937,239.72913230026904,58.48682057635243,58.0,48.68205763524287,0.010013068846238975
16.439727891156462,246.75373206527053,58.98682057635243,59.0,-1.3179423647571298,0.01019107549696831
16.46294784580499,245.3325351471361,58.88682057635243,59.0,-11.317942364757272,0.010037765502929688
16.486167800453515,245.3325351471361,58.88682057635243,59.0,-11.317942364757272,0.01010197459374499
16.50938775510204,242.5146506416637,58.68682057635243,59.0,-31.317942364756846,0.01003776550292969
16.532607709750568,242.5146506416637,58.68682057635243,59.0,-31.317942364756846,0.010026724673810768
16.555827664399093,243.91952372092192,58.78682057635243,59.0,-21.317942364756703,0.010191075496968311
16.579047619047618,243.91952372092192,58.78682057635243,59.0,-21.317942364756703,0.010191075496968311
16.602267573696146,243.91952372092192,58.78682057635243,59.0,-21.317942364756703,0.010013068846238973
16.62548752834467,242.5146506416637,58.68682057635243,59.0,-31.317942364756846,0.01000419105279527
16.648707482993196,239.72913230026904,58.48682057635243,58.0,48.68205763524287,0.010037765502929688
16.671927437641724,239.72913230026904,58.48682057635243,58.0,48.68205763524287,0.010349055133375844
16.69514739229025,241.11786903593213,58.58682057635244,59.0,-41.31794236475628,0.012403124793551348
16.718367346938777,241.11786903593213,58.58682057635244,59.0,-41.31794236475628,0.012403124793551348
16.741587301587302,242.5146506416637,58.68682057635243,59.0,-31.317942364756846,0.010349055133375844
16.764807256235827,243.91952372092192,58.78682057635243,59.0,-21.317942364756703,0.010622609040911531
16.788027210884355,245.3325351471361,58.88682057635243,59.0,-11.317942364757272,0.010824463728234167
16.81124716553288,246.75373206527053,58.98682057635243,59.0,-1.3179423647571298,0.010622609040911533
16.834467120181404,251.06691132696022,59.286820576352426,59.0,28.682057635242586,0.010191075496968311
16.857687074829933,249.6208723242795,59.18682057635243,59.0,18.682057635243154,0.010004190870287415
16.880907029478458,249.6208723242795,59.18682057635243,59.0,18.682057635243154,0.010001872863504683
16.904126984126986,248.18316189339754,59.08682057635242,59.0,8.682057635242302,0.010000046642842058
16.92734693877551,245.3325351471361,58.88682057635243,59.0,-11.317942364757272,0.010013068845702827
16.950566893424035,245.3325351471361,58.88682057635243,59.0,-11.317942364757272,0.010018764508366421
16.973786848072564,242.5146506416637,58.68682057635243,59.0,-31.317942364756846,0.01001876450957532
16.99700680272109,242.5146506416637,58.68682057635243,59.0,-31.317942364756846,0.010052967545965855
17.020226757369613,243.91952372092192,58.78682057635243,59.0,-21.317942364756703,0.010018764509769141
17.04344671201814,243.91952372092192,58.78682057635243,59.0,-21.317942364756703,0.01000123296498612
17.066666666666666,242.5146506416637,58.68682057635243,59.0,-31.317942364756846,0.010000078102280324
17.08988662131519,239.72913230026904,58.48682057635243,58.0,48.68205763524287,0.01000419105279527
17.11310657596372,234.25371135130007,58.08682057635243,58.0,8.682057635243012,0.010073751755980066
17.136326530612244,234.25371135130007,58.08682057635243,58.0,8.682057635243012,0.010052967527011713
17.159546485260773,232.90450925475,57.98682057635243,58.0,-1.3179423647571298,0.010009025451658903
17.182766439909297,232.90450925475,57.98682057635243,58.0,-1.3179423647571298,0.010259049208966656
17.205986394557822,234.25371135130007,58.08682057635243,58.0,8.682057635243012,0.010000127845232541
17.22920634920635,,,,,0.0100000470079773
17.252426303854875,,,,,0.010000027850262286
17.2756462585034,,,,,0.01000000521622945
17.29886621315193,,,,,0.010000016226422836
17.322086167800453,,,,,0.010000127845232541
17.345306122448978,,,,,0.010000005216229449
17.368526077097506,,,,,0.010000047007977299
17.39174603174603,,,,,0.010000002871100366
17.41496598639456,,,,,0.010000000417925073
17.438185941043084,,,,,0.010000206339031342
17.46140589569161,,,,,0.01000020633903134
17.484625850340137,,,,,0.01000020633903134
17.507845804988662,,,,,0.010000078102280324
17.531065759637187,,,,,0.010009025493342986
17.554285714285715,,,,,0.010073751764282884
17.57750566893424,,,,,0.010467533617069905
17.600725623582765,,,,,0.011085791888943373
17.623945578231293,,,,,0.01014004604470407
17.647165532879818,,,,,0.010002815825811102
17.670385487528346,,,,,0.010009025493342986
17.69360544217687,,,,,0.010101974593744992
17.716825396825396,,,,,0.010037765502929688
17.740045351473924,,,,,0.010140046044704067
17.76326530612245,,,,,0.010000516719604526
17.786485260770974,,,,,0.010000078102280324
17.809705215419502,,,,,0.010000001546554295
17.832925170068027,,,,,0.010000002871100368
17.856145124716555,,,,,0.0100000470079773
17.87936507936508,,,,,0.010000002871100368
17.902585034013605,,,,,0.010000000417925077
17.925804988662133,,,,,0.010000000047726025
17.949024943310658,,,,,0.010000000417925075
17.972244897959182,,,,,0.010000001546554296
17.99546485260771,,,,,0.010000000047726025
18.018684807256236,,,,,0.010000000417925077
18.04190476190476,,,,,0.010000000814014906
18.06512471655329,,,,,0.010000016226422834
18.088344671201813,,,,,0.010000078102280322
18.11156462585034,,,,,0.010000009287486632
18.134784580498867,,,,,0.01000020633903134
18.15800453514739,,,,,0.010037765502929688
18.18122448979592,,,,,0.010140046044704068
18.204444444444444,,,,,0.010140046044704068
18.22766439909297,,,,,0.010026724673810772
18.250884353741498,,,,,0.010101974593744989
18.274104308390022,,,,,0.010101974593744992
18.297324263038547,547.5808164368653,72.78682057635243,73.0,-21.317942364757414,0.010259050559778863
18.320544217687075,531.9922535313842,72.28682057635243,72.0,28.682057635242586,0.018187375734912182
18.3437641723356,522.852945037152,71.98682057635243,72.0,-1.3179423647571298,0.0229442191246386
18.36698412698413,525.8818013349058,72.08682057635242,72.0,8.682057635242302,0.0229442191246386
18.390204081632653,519.8415336679908,71.88682057635243,72.0,-11.317942364756561,0.03010686179419501
18.413424036281178,528.9282036186955,72.18682057635243,72.0,18.682057635243154,0.022944219124638603
18.436643990929706,531.9922535313842,72.28682057635243,72.0,28.682057635242586,0.018187375734912182
18.45986394557823,528.9282036186955,72.18682057635243,72.0,18.682057635243154,0.018187375734912182
18.483083900226756,519.8415336679908,71.88682057635243,72.0,-11.317942364756561,0.06608151270920702
18.506303854875284,519.8415336679908,71.88682057635243,72.0,-11.317942364756561,0.06608151270920701
18.52952380952381,,,,,0.05607139544589263
18.552743764172334,,,,,0.03010686179419501
18.575963718820862,,,,,0.010140046044704067
18.599183673469387,,,,,0.010140046044704068
18.622403628117915,,,,,0.010349055133375844
18.64562358276644,,,,,0.010140046044704068
18.668843537414965,490.6650702942722,70.88682057635242,71.0,-11.317942364757982,0.010622609040911533
18.692063492063493,487.83904744184383,70.78682057635243,71.0,-21.317942364757414,0.011422334250709074
18.715283446712018,482.2357380718643,70.58682057635242,71.0,-41.3179423647577,0.01010197459374499
18.738503401360543,479.45826460053814,70.48682057635243,70.0,48.68205763524287,0.010037765502929688
18.76172335600907,479.45826460053814,70.48682057635243,70.0,48.68205763524287,0.01002672467381077
18.784943310657596,487.83904744184383,70.78682057635243,71.0,-21.317942364757414,0.010052967545965857
18.808163265306124,485.0293012833274,70.68682057635243,71.0,-31.317942364756846,0.010349055133375844
18.83138321995465,493.50746413054105,70.98682057635241,71.0,-1.3179423647585509,0.010349055133375844
18.854603174603174,493.50746413054105,70.98682057635241,71.0,-1.3179423647585509,0.010140046044704068
18.877823129251702,496.3663237867951,71.08682057635244,71.0,8.682057635243723,0.010622609040911533
18.901043083900227,493.50746413054105,70.98682057635241,71.0,-1.3179423647585509,0.010467533617069905
18.92426303854875,487.83904744184383,70.78682057635243,71.0,-21.317942364757414,0.011422334250709073
18.94748299319728,487.83904744184383,70.78682057635243,71.0,-21.317942364757414,0.011422334250709074
18.970702947845805,482.2357380718643,70.58682057635242,71.0,-41.3179423647577,0.011853505394683413
18.99392290249433,482.2357380718643,70.58682057635242,71.0,-41.3179423647577,0.013100262550513395
19.017142857142858,485.0293012833274,70.68682057635243,71.0,-31.317942364756846,0.012403124793551346
19.040362811791383,490.6650702942722,70.88682057635242,71.0,-11.317942364757982,0.011085791888943373
19.06358276643991,502.13382265392045,71.28682057635243,71.0,28.682057635242586,0.010073751764282884
19.086802721088436,513.8706443925608,71.68682057635243,72.0,-31.317942364756846,0.010006178555334078
19.11002267573696,522.852945037152,71.98682057635243,72.0,-1.3179423647571298,0.01000032860450166
19.13324263038549,531.9922535313842,72.28682057635243,72.0,28.682057635242586,0.010000516719604524
19.156462585034014,531.9922535313842,72.28682057635243,72.0,28.682057635242586,0.01000123296498612
19.17968253968254,538.1737057623773,72.48682057635241,72.0,48.68205763524145,0.010006178555334078
19.202902494331067,531.9922535313842,72.28682057635243,72.0,28.682057635242586,0.01000419105279527
19.22612244897959,538.1737057623773,72.48682057635241,72.0,48.68205763524145,0.0100028158258111
19.249342403628116,547.5808164368653,72.78682057635243,73.0,-21.317942364757414,0.010000516719604524
19.272562358276645,,,,,0.010000078102280324
19.29578231292517,,,,,0.01000020633903134
19.319002267573698,276.9716995219658,60.986820576352436,61.0,-1.3179423647564192,0.010000802780927255
19.342222222222222,283.44560611275534,61.386820576352434,61.0,38.68205763524344,0.01000020633903134
19.365442176870747,281.8130795507675,61.28682057635242,61.0,28.682057635241875,0.01000123296498612
19.388662131519276,283.44560611275534,61.386820576352434,61.0,38.68205763524344,0.010006178555334077
19.4118820861678,283.44560611275534,61.386820576352434,61.0,38.68205763524344,0.01000419105279527
19.435102040816325,278.5761802547597,61.08682057635243,61.0,8.682057635243012,0.010052967545965857
19.458321995464853,276.9716995219658,60.986820576352436,61.0,-1.3179423647564192,0.010013068846238973
19.481541950113378,278.5761802547597,61.08682057635243,61.0,8.682057635243012,0.010622609040911534
19.504761904761907,278.5761802547597,61.08682057635243,61.0,8.682057635243012,0.010824463728234167
19.52798185941043,278.5761802547597,61.08682057635243,61.0,8.682057635243012,0.010349055133375843
19.551201814058956,278.5761802547597,61.08682057635243,61.0,8.682057635243012,0.010191075496968311
19.574421768707484,281.8130795507675,61.28682057635242,61.0,28.682057635241875,0.010073751764282884
19.59764172335601,281.8130795507675,61.28682057635242,61.0,28.682057635241875,0.010349055133375844
19.620861678004534,281.8130795507675,61.28682057635242,61.0,28.682057635241875,0.011085791888943373
19.644081632653062,281.8130795507675,61.28682057635242,61.0,28.682057635241875,0.013980210380185928
19.667301587301587,278.5761802547597,61.08682057635243,61.0,8.682057635243012,0.01646758759311301
19.690521541950112,278.5761802547597,61.08682057635243,61.0,8.682057635243012,0.01508558729750434
19.71374149659864,278.5761802547597,61.08682057635243,61.0,8.682057635243012,0.022944219124638603
19.736961451247165,278.5761802547597,61.08682057635243,61.0,8.682057635243012,0.01398021038018593
19.760181405895693,278.5761802547597,61.08682057635243,61.0,8.682057635243012,0.01002672467381077
19.783401360544218,278.5761802547597,61.08682057635243,61.0,8.682057635243012,0.010037765502929688
19.806621315192743,278.5761802547597,61.08682057635243,61.0,8.682057635243012,0.01000123296498612
19.82984126984127,278.5761802547597,61.08682057635243,61.0,8.682057635243012,0.010013068846238973
19.853061224489796,278.5761802547597,61.08682057635243,61.0,8.682057635243012,0.010073751764282884
19.87628117913832,276.9716995219658,60.986820576352436,61.0,-1.3179423647564192,0.010140046044704068
19.89950113378685,278.5761802547597,61.08682057635243,61.0,8.682057635243012,0.010622609040911533
19.922721088435374,276.9716995219658,60.986820576352436,61.0,-1.3179423647564192,0.010140046044704068
19.9459410430839,276.9716995219658,60.986820576352436,61.0,-1.3179423647564192,0.01010197459374499
19.969160997732427,275.3764599181857,60.88682057635244,61.0,-11.31794236475585,0.010259050559778861
19.99238095238095,273.7904082184327,60.786820576352426,61.0,-21.317942364757414,0.010349055133375844
20.01560090702948,273.7904082184327,60.786820576352426,61.0,-21.317942364757414,0.010824463728234167
20.038820861678005,275.3764599181857,60.88682057635244,61.0,-11.31794236475585,0.01010197459374499
20.06204081632653,275.3764599181857,60.88682057635244,61.0,-11.31794236475585,0.010013068846238975
20.085260770975058,276.9716995219658,60.986820576352436,61.0,-1.3179423647564192,0.010000005216229447
20.108480725623583,276.9716995219658,60.986820576352436,61.0,-1.3179423647564192,0.0100028158258111
20.131700680272107,280.18995564988325,61.186820576352424,61.0,18.682057635242444,0.010001873046012551
20.154920634920636,281.8130795507675,61.28682057635242,61.0,28.682057635241875,0.010001873046012551
20.17814058956916,280.18995564988325,61.186820576352424,61.0,18.682057635242444,0.010013068846238975
20.201360544217685,,,,,0.01000020633903134
20.224580498866214,,,,,0.01001876450976914
20.24780045351474,,,,,0.010013068846238975
20.271020408163267,,,,,0.010006178555334078
20.29424036281179,,,,,0.010009025493342986
20.317460317460316,,,,,0.01000123296498612
20.340680272108845,,,,,0.0100000470079773
20.36390022675737,,,,,0.010000328604501662
20.387120181405894,,,,,0.010000027850262286
20.410340136054423,,,,,0.010000027850262284
20.433560090702947,,,,,0.010000516719604523
20.456780045351476,,,,,0.010000127845232541
20.48,,,,,0.01000123296498612
20.503219954648525,,,,,0.010000016226422836
20.526439909297054,,,,,0.01000032860450166
20.54965986394558,,,,,0.010001232964986116
20.572879818594103,,,,,0.010000802780927255
20.59609977324263,,,,,0.010000047007977299
20.619319727891156,,,,,0.010000000771610224
20.64253968253968,,,,,2.5916298475733463e-11
20.66575963718821,,,,,2.484479766381217e-08
20.688979591836734,,,,,2.2595147576221637e-06
20.712199546485262,,,,,1.5765131940029605e-06
20.735419501133787,,,,,7.443521077295995e-07
20.758639455782312,318.15693562161516,63.38682057635243,63.0,38.68205763524273,0.010019379530645297
20.78185941043084,320.0,63.48682057635242,63.0,48.68205763524216,0.010032269143587767
20.805079365079365,320.0,63.48682057635242,63.0,48.68205763524216,0.010235276692674638
20.82829931972789,323.7182208966152,63.68682057635243,64.0,-31.317942364756846,0.010598839609457556
20.851519274376418,325.5935014728596,63.786820576352426,64.0,-21.317942364757414,0.010812839398910139
20.874739229024943,325.5935014728596,63.786820576352426,64.0,-21.317942364757414,0.012399400690284343
20.897959183673468,325.5935014728596,63.786820576352426,64.0,-21.317942364757414,0.01397855531210353
20.921179138321996,325.5935014728596,63.786820576352426,64.0,-21.317942364757414,0.020317448132344196
20.94439909297052,323.7182208966152,63.68682057635243,64.0,-31.317942364756846,0.06605816405843676
20.96761904761905,320.0,63.48682057635242,63.0,48.68205763524216,0.06606510878387283
20.990839002267574,320.0,63.48682057635242,63.0,48.68205763524216,0.07797505740663621
21.0140589569161,318.15693562161516,63.38682057635243,63.0,38.68205763524273,0.04768629192216715
21.037278911564627,316.3244865129268,63.28682057635243,63.0,28.682057635243297,0.018187375693227193
21.060498866213152,314.50259153448036,63.18682057635244,63.0,18.682057635243865,0.026168028600632883
21.083718820861677,314.50259153448036,63.18682057635244,63.0,18.682057635243865,0.018187375552416424
21.106938775510205,312.69118989895867,63.08682057635242,63.0,8.682057635242302,0.040697330857683955
21.13015873015873,312.69118989895867,63.08682057635242,63.0,8.682057635242302,0.03489741990523664
21.153378684807254,312.69118989895867,63.08682057635242,63.0,8.682057635242302,0.026166951381663934
21.176598639455783,314.50259153448036,63.18682057635244,63.0,18.682057635243865,0.026167848033844903
21.199818594104308,316.3244865129268,63.28682057635243,63.0,28.682057635243297,0.013980205822821293
21.223038548752836,316.3244865129268,63.28682057635243,63.0,28.682057635243297,0.016467586241902244
21.24625850340136,316.3244865129268,63.28682057635243,63.0,28.682057635243297,0.011853505393280696
21.269478458049885,314.50259153448036,63.18682057635244,63.0,18.682057635243865,0.011853505394677364
21.292698412698414,314.50259153448036,63.18682057635244,63.0,18.682057635243865,0.013100262531558531
21.31591836734694,312.69118989895867,63.08682057635242,63.0,8.682057635242302,0.015085587255818943
21.339138321995463,312.69118989895867,63.08682057635242,63.0,8.682057635242302,0.016467583037087005
21.36235827664399,310.89022116915385,62.98682057635243,63.0,-1.3179423647571298,0.02030621072985953
21.385578231292516,310.89022116915385,62.98682057635243,63.0,-1.3179423647571298,0.03485115234038076
21.408798185941045,312.69118989895867,63.08682057635242,63.0,8.682057635242302,0.05512110875068669
21.43201814058957,312.69118989895867,63.08682057635242,63.0,8.682057635242302,0.06445961629252074
21.455238095238094,314.50259153448036,63.18682057635244,63.0,18.682057635243865,0.06397832923171254
21.478458049886623,316.3244865129268,63.28682057635243,63.0,28.682057635243297,0.032148299785663324
21.501678004535147,312.69118989895867,63.08682057635242,63.0,8.682057635242302,0.01231242863707416
21.524897959183672,310.89022116915385,62.98682057635243,63.0,-1.3179423647571298,0.022936334111134535
21.5481179138322,310.89022116915385,62.98682057635243,63.0,-1.3179423647571298,0.018186298589480992
21.571337868480725,310.89022116915385,62.98682057635243,63.0,-1.3179423647571298,0.022943767324890535
21.59455782312925,312.69118989895867,63.08682057635242,63.0,8.682057635242302,0.022940553097250637
21.61777777777778,314.50259153448036,63.18682057635244,63.0,18.682057635243865,0.015052254198785215
21.640997732426303,316.3244865129268,63.28682057635243,63.0,28.682057635243297,0.01508488098605714
21.66421768707483,314.50259153448036,63.18682057635244,63.0,18.682057635243865,0.012403124611104545
21.687437641723356,318.15693562161516,63.38682057635243,63.0,38.68205763524273,0.011085791885452707
21.71065759637188,321.8537411417131,63.58682057635244,64.0,-41.31794236475628,0.010259050559778863
21.73387755102041,327.4796454389679,63.88682057635242,64.0,-11.317942364757982,0.010259050559778863
21.757097505668934,333.203888811138,64.18682057635243,64.0,18.682057635243154,0.010824463709280011
21.78031746031746,337.07553150554753,64.38682057635243,64.0,38.68205763524344,0.010349055129885197
21.803537414965987,339.0281901949745,64.48682057635243,64.0,48.68205763524287,0.010259050540820795
21.826757369614512,340.992160521115,64.58682057635242,65.0,-41.3179423647577,0.010073751755980343
21.849977324263037,339.0281901949745,64.48682057635243,64.0,48.68205763524287,0.010073751764282884
21.873197278911565,337.07553150554753,64.38682057635243,64.0,38.68205763524344,0.010052967545965857
21.89641723356009,331.28477562924076,64.08682057635244,64.0,8.682057635243723,0.01010197459374499
21.91963718820862,329.3767157259174,63.986820576352436,64.0,-1.3179423647564192,0.010467533617069905
21.942857142857143,327.4796454389679,63.88682057635242,64.0,-11.317942364757982,0.010191075496968311
21.966077097505668,329.3767157259174,63.986820576352436,64.0,-1.3179423647564192,0.010052967545965857
21.989297052154196,331.28477562924076,64.08682057635244,64.0,8.682057635243723,0.010001873045476407
22.01251700680272,331.28477562924076,64.08682057635244,64.0,8.682057635243723,0.010000027850262286
22.035736961451246,329.3767157259174,63.986820576352436,64.0,-1.3179423647564192,0.010000047007977204
22.058956916099774,,,,,0.010000516719604427
22.0821768707483,,,,,0.010004191051392563
22.105396825396827,,,,,0.010001871695207288
22.128616780045352,,,,,0.010000047006574584
22.151836734693877,,,,,0.010000027841959745
22.175056689342405,,,,,0.010000201783169143
22.19827664399093,,,,,0.01000020625044303
22.221496598639455,,,,,0.01000281582440839
22.244716553287983,,,,,0.01000000040962086
22.267936507936508,,,,,0.010000000189726743
22.291156462585032,,,,,2.7797960738536048e-14
22.31437641723356,,,,,0.010000001527255354
22.337596371882086,,,,,0.010000000814014906
22.360816326530614,,,,,0.010000000208892744
22.38403628117914,,,,,0.010000005216229449
22.407256235827663,,,,,0.010000005216229449
22.430476190476192,,,,,0.010000008915684356
22.453696145124717,,,,,0.010000000001606033
22.47691609977324,,,,,0.010000000208891113
22.50013605442177,,,,,0.010000005216227816
22.523356009070294,,,,,0.010000206339030957
22.54657596371882,,,,,0.010000027850196429
22.569795918367348,,,,,0.010000000417924692
22.593015873015872,,,,,0.010000000009505967
22.6162358276644,,,,,0.010000000417925077
22.639455782312925,,,,,0.010000206339031339
22.66267573696145,,,,,0.010000328604501658
22.68589569160998,,,,,0.010000078102280322
22.709115646258503,,,,,0.0100000470079773
22.732335600907028,,,,,0.010000078102280324
22.755555555555556,,,,,0.010000016226422836
22.77877551020408,,,,,0.010000047007977299
22.801995464852606,,,,,0.010000027850262284
22.825215419501134,,,,,0.01000000521622945
22.84843537414966,,,,,0.010000001546554295
22.871655328798187,,,,,0.010000002871100368
22.894875283446712,,,,,0.010000005216229447
22.918095238095237,,,,,0.010000206339025295
22.941315192743765,,,,,0.010000127845226492
22.96453514739229,,,,,0.010000009287465795
22.987755102040815,,,,,0.010000000208892742
23.010975056689343,,,,,0.010000000417925077
23.034195011337868,,,,,0.010000005216229449
23.057414965986396,,,,,0.010000001546554296
23.08063492063492,,,,,0.01000000928748663
23.103854875283446,,,,,0.010000000417925078
23.127074829931974,,,,,0.010000001546554298
23.1502947845805,,,,,0.010000078102280326
23.173514739229024,,,,,0.010000000417925077
23.196734693877552,,,,,0.010000000021701592
23.219954648526077,,,,,0.010000000021701592
23.2431746031746,,,,,0.0100000000000754
23.26639455782313,,,,,0.010000000047725928
23.289614512471655,,,,,0.010000000101429396
23.312834467120183,,,,,0.010000078102280324
23.336054421768708,,,,,0.010000516719604524
23.359274376417233,,,,,0.01000012784523254
23.38249433106576,,,,,0.010000127845232541
23.405714285714286,,,,,0.010000000101429398
23.42893424036281,,,,,0.010000001546554296
23.45215419501134,,,,,0.010000000101429396
23.475374149659864,,,,,0.010000000009505967
23.49859410430839,,,,,0.010000000003996623
23.521814058956917,,,,,0.010000000009505966
23.54503401360544,,,,,0.010000000009505967
23.56825396825397,,,,,0.010000000208892744
23.591473922902495,,,,,0.010000000814014904
23.61469387755102,,,,,0.010000016226422836
23.637913832199548,,,,,0.010000027850262288
23.661133786848072,,,,,0.010000016226422838
23.684353741496597,,,,,0.010000009287486629
23.707573696145126,,,,,0.010000005216229449
23.73079365079365,,,,,0.010000000208892744
23.754013605442175,,,,,0.010000000208892742
23.777233560090703,,,,,0.010000000208892744
23.800453514739228,,,,,0.010000000814014906
23.823673469387757,,,,,0.010000000101429396
23.84689342403628,,,,,0.010000002871100368
23.870113378684806,,,,,0.010000002871100368
23.893333333333334,,,,,0.010000078102280324
23.91655328798186,,,,,0.010000005216229449
23.939773242630384,,,,,0.010000005216229447
23.962993197278912,,,,,0.010000000417925075
23.986213151927437,,,,,0.010000000047726025
24.009433106575965,,,,,0.010000000101429396
24.03265306122449,,,,,0.010000000021695543
24.055873015873015,,,,,0.010000016226422452
24.079092970521543,,,,,0.010000009287292813
24.102312925170068,,,,,0.010000001546488441
24.125532879818593,,,,,0.010000005216163593
24.14875283446712,314.50259153448036,63.18682057635244,63.0,18.682057635243865,0.01000002784972614
24.171972789115646,314.50259153448036,63.18682057635244,63.0,18.682057635243865,0.01000051671611287
24.19519274376417,316.3244865129268,63.28682057635243,63.0,28.682057635243297,0.01000419105279527
24.2184126984127,321.8537411417131,63.58682057635244,64.0,-41.31794236475628,0.01002672467381077
24.241632653061224,325.5935014728596,63.786820576352426,64.0,-21.317942364757414,0.010037765502929688
24.264852607709752,329.3767157259174,63.986820576352436,64.0,-1.3179423647564192,0.01010197459374499
24.288072562358277,333.203888811138,64.18682057635243,64.0,18.682057635243154,0.01002672467381077
24.3112925170068,333.203888811138,64.18682057635243,64.0,18.682057635243154,0.01001876450976914
24.33451247165533,335.13411930260065,64.28682057635244,64.0,28.682057635244007,0.010073751764282884
24.357732426303855,335.13411930260065,64.28682057635244,64.0,28.682057635244007,0.010009025493342986
24.38095238095238,318.15693562161516,63.38682057635243,63.0,38.68205763524273,0.01001876450976914
24.404172335600908,316.3244865129268,63.28682057635243,63.0,28.682057635243297,0.010013068846238975
24.427392290249433,312.69118989895867,63.08682057635242,63.0,8.682057635242302,0.01002672467381077
24.450612244897957,312.69118989895867,63.08682057635242,63.0,8.682057635242302,0.010052967545965857
24.473832199546486,316.3244865129268,63.28682057635243,63.0,28.682057635243297,0.01001876450836596
24.49705215419501,327.4796454389679,63.88682057635242,64.0,-11.317942364757982,0.010018764509703283
24.52027210884354,325.5935014728596,63.786820576352426,64.0,-21.317942364757414,0.01034905513197282
24.543492063492064,331.28477562924076,64.08682057635244,64.0,8.682057635243723,0.010622608999125264
24.56671201814059,327.4796454389679,63.88682057635242,64.0,-11.317942364757982,0.010622608952110656
24.589931972789117,323.7182208966152,63.68682057635243,64.0,-31.317942364756846,0.013980205813854492
24.61315192743764,323.7182208966152,63.68682057635243,64.0,-31.317942364756846,0.01082439534968681
24.636371882086166,318.15693562161516,63.38682057635243,63.0,38.68205763524273,0.01505200535847879
24.659591836734695,316.3244865129268,63.28682057635243,63.0,28.682057635243297,0.013810219098795361
24.68281179138322,316.3244865129268,63.28682057635243,63.0,28.682057635243297,0.010688825160224126
24.706031746031748,316.3244865129268,63.28682057635243,63.0,28.682057635243297,0.00047928532015149817
24.729251700680273,314.50259153448036,63.18682057635244,63.0,18.682057635243865,0.0037029158466136327
24.752471655328797,316.3244865129268,63.28682057635243,63.0,28.682057635243297,0.015102528345095073
24.775691609977326,318.15693562161516,63.38682057635243,63.0,38.68205763524273,0.002427635196683223
24.79891156462585,318.15693562161516,63.38682057635243,63.0,38.68205763524273,0.014652681396610228
24.822131519274375,318.15693562161516,63.38682057635243,63.0,38.68205763524273,0.012546342590435215
24.845351473922904,318.15693562161516,63.38682057635243,63.0,38.68205763524273,0.014531660546359237
24.86857142857143,316.3244865129268,63.28682057635243,63.0,28.682057635243297,0.02129521152186352
24.891791383219953,316.3244865129268,63.28682057635243,63.0,28.682057635243297,0.04316454609950678
24.91501133786848,316.3244865129268,63.28682057635243,63.0,28.682057635243297,0.04169880182333355
24.938231292517006,318.15693562161516,63.38682057635243,63.0,38.68205763524273,0.06480406283623341
24.961451247165535,320.0,63.48682057635242,63.0,48.68205763524216,0.04820877487178048
24.98467120181406,321.8537411417131,63.58682057635244,64.0,-41.31794236475628,0.05458251400605463
25.007891156462584,325.5935014728596,63.786820576352426,64.0,-21.317942364757414,0.02656723230468203
25.031111111111112,325.5935014728596,63.786820576352426,64.0,-21.317942364757414,0.03794015916489556
25.054331065759637,325.5935014728596,63.786820576352426,64.0,-21.317942364757414,0.044148064849251295
25.077551020408162,325.5935014728596,63.786820576352426,64.0,-21.317942364757414,0.02734914541821615
25.10077097505669,327.4796454389679,63.88682057635242,64.0,-11.317942364757982,0.027969957423897348
25.123990929705215,327.4796454389679,63.88682057635242,64.0,-11.317942364757982,0.021978754579566762
25.14721088435374,327.4796454389679,63.88682057635242,64.0,-11.317942364757982,0.033251174448166054
25.170430839002268,327.4796454389679,63.88682057635242,64.0,-11.317942364757982,0.04696021657965215
25.193650793650793,321.8537411417131,63.58682057635244,64.0,-41.31794236475628,0.03009896771200813
25.21687074829932,318.15693562161516,63.38682057635243,63.0,38.68205763524273,0.034897425512008105
25.240090702947846,318.15693562161516,63.38682057635243,63.0,38.68205763524273,0.015085587278550182
25.26331065759637,318.15693562161516,63.38682057635243,63.0,38.68205763524273,0.013100221402951728
25.2865306122449,318.15693562161516,63.38682057635243,63.0,38.68205763524273,0.011853214171606664
25.309750566893424,312.69118989895867,63.08682057635242,63.0,8.682057635242302,0.011422334247218292
25.33297052154195,312.69118989895867,63.08682057635242,63.0,8.682057635242302,0.011422334250707442
25.356190476190477,310.89022116915385,62.98682057635243,63.0,-1.3179423647571298,0.011853505394683413
25.379410430839002,312.69118989895867,63.08682057635242,63.0,8.682057635242302,0.013100262550513395
25.402630385487527,314.50259153448036,63.18682057635244,63.0,18.682057635243865,0.010622609040911533
25.425850340136055,312.69118989895867,63.08682057635242,63.0,8.682057635242302,0.011422334250709074
25.44907029478458,314.50259153448036,63.18682057635244,63.0,18.682057635243865,0.013100262550513395
25.472290249433108,314.50259153448036,63.18682057635244,63.0,18.682057635243865,0.015085587297504338
25.495510204081633,314.50259153448036,63.18682057635244,63.0,18.682057635243865,0.013100262550492564
25.518730158730158,314.50259153448036,63.18682057635244,63.0,18.682057635243865,0.018187375734912088
25.541950113378686,314.50259153448036,63.18682057635244,63.0,18.682057635243865,0.016467587593113005
25.56517006802721,314.50259153448036,63.18682057635244,63.0,18.682057635243865,0.01646758759311301
25.588390022675735,312.69118989895867,63.08682057635242,63.0,8.682057635242302,0.018187375734912182
25.611609977324264,312.69118989895867,63.08682057635242,63.0,8.682057635242302,0.013980210380185928
25.63482993197279,310.89022116915385,62.98682057635243,63.0,-1.3179423647571298,0.012403124793551346
25.658049886621317,309.09962525595057,62.886820576352434,63.0,-11.317942364756561,0.01508558729750434
25.68126984126984,309.09962525595057,62.886820576352434,63.0,-11.317942364756561,0.018187375734912185
25.704489795918366,309.09962525595057,62.886820576352434,63.0,-11.317942364756561,0.012403124793530515
25.727709750566895,309.09962525595057,62.886820576352434,63.0,-11.317942364756561,0.018187375023948484
25.75092970521542,310.89022116915385,62.98682057635243,63.0,-1.3179423647571298,0.01310022149250307
25.774149659863944,309.09962525595057,62.886820576352434,63.0,-11.317942364756561,0.010349054950928116
25.797369614512473,309.09962525595057,62.886820576352434,63.0,-11.317942364756561,0.010467533613579258
25.820589569160997,305.54931325133333,62.686820576352424,63.0,-31.317942364757556,0.01001876450976914
25.843809523809522,309.09962525595057,62.886820576352434,63.0,-11.317942364756561,0.010004191052794886
25.86702947845805,310.89022116915385,62.98682057635243,63.0,-1.3179423647571298,0.010000516719583692
25.890249433106575,,,,,0.010000063925388903
25.913469387755104,316.3244865129268,63.28682057635243,63.0,28.682057635243297,0.010000058489678786
25.93668934240363,314.50259153448036,63.18682057635244,63.0,18.682057635243865,0.01000141332681819
25.959909297052153,314.50259153448036,63.18682057635244,63.0,18.682057635243865,0.01002601048671784
25.98312925170068,316.3244865129268,63.28682057635243,63.0,28.682057635243297,0.010101515110421334
26.006349206349206,318.15693562161516,63.38682057635243,63.0,38.68205763524273,0.010073292054967728
26.02956916099773,316.3244865129268,63.28682057635243,63.0,28.682057635243297,0.010018750073281768
26.05278911564626,320.0,63.48682057635242,63.0,48.68205763524216,0.010018739743062903
26.076009070294784,316.3244865129268,63.28682057635243,63.0,28.682057635243297,0.010002814450157542
26.09922902494331,312.69118989895867,63.08682057635242,63.0,8.682057635242302,0.01000051663079911
26.122448979591837,318.15693562161516,63.38682057635243,63.0,38.68205763524273,0.010000802779524132
26.145668934240362,318.15693562161516,63.38682057635243,63.0,38.68205763524273,0.010000206337628567
26.16888888888889,316.3244865129268,63.28682057635243,63.0,28.682057635243297,0.010000516719538655
26.192108843537415,314.50259153448036,63.18682057635244,63.0,18.682057635243865,0.010006178372826203
26.21532879818594,312.69118989895867,63.08682057635242,63.0,8.682057635242302,0.010002815114612956
26.23854875283447,312.69118989895867,63.08682057635242,63.0,8.682057635242302,0.010000802739157672
26.261768707482993,310.89022116915385,62.98682057635243,63.0,-1.3179423647571298,0.010001230451229328
26.284988662131518,310.89022116915385,62.98682057635243,63.0,-1.3179423647571298,0.0100000028705641
26.308208616780046,,,,,0.010000001546548247
26.33142857142857,,,,,0.010000000417919028
26.354648526077096,,,,,0.010000000101408564
26.377868480725624,,,,,0.010000000101423347
26.40108843537415,,,,,0.010000000021695533
26.424308390022677,,,,,0.010000000814008855
26.447528344671202,,,,,0.010000000417925078
26.470748299319727,,,,,0.010000016226422836
26.493968253968255,,,,,0.010000027850262286
26.51718820861678,393.96621227037315,67.08682057635244,67.0,8.682057635243723,0.010000516719604524
26.540408163265305,398.5438791548234,67.28682057635244,67.0,28.682057635244007,0.01000419105279527
26.563628117913833,400.852620359721,67.38682057635243,67.0,38.68205763524344,0.0100028158258111
26.586848072562358,400.852620359721,67.38682057635243,67.0,38.68205763524344,0.01002672467381077
26.610068027210886,389.44112437458904,66.88682057635242,67.0,-11.317942364757982,0.01000419105279527
26.63328798185941,384.96801154627735,66.68682057635243,67.0,-31.317942364756846,0.0100028158258111
26.656507936507936,382.7507589559692,66.58682057635244,67.0,-41.31794236475628,0.010009025493342986
26.679727891156464,374.0087195395986,66.18682057635243,66.0,18.682057635243154,0.010001873046012551
26.70294784580499,367.5834735990512,65.88682057635243,66.0,-11.317942364756561,0.010002815825790268
26.726167800453513,367.5834735990512,65.88682057635243,66.0,-11.317942364756561,0.010009025493149123
26.749387755102042,361.268609537962,65.58682057635244,66.0,-41.31794236475628,0.01000122833023401
26.772607709750567,357.1190856416714,65.38682057635242,65.0,38.68205763524202,0.010000794520946574
26.79582766439909,353.01722309239886,65.18682057635243,65.0,18.682057635243154,0.010000203784938265
26.81904761904762,335.13411930260065,64.28682057635244,64.0,28.682057635244007,0.010000086034406433
26.842267573696144,339.0281901949745,64.48682057635243,64.0,48.68205763524287,0.010000447232476199
26.865487528344673,337.07553150554753,64.38682057635243,64.0,38.68205763524344,0.01000400748028697
26.888707482993198,333.203888811138,64.18682057635243,64.0,18.682057635243154,0.010100882420326225
26.911927437641722,333.203888811138,64.18682057635243,64.0,18.682057635243154,0.01108030255123485
26.93514739229025,331.28477562924076,64.08682057635244,64.0,8.682057635243723,0.013946887305206622
26.958367346938775,329.3767157259174,63.986820576352436,64.0,-1.3179423647564192,0.011356725076556098
26.9815873015873,327.4796454389679,63.88682057635242,64.0,-11.317942364757982,0.01111178662816367
27.00480725623583,325.5935014728596,63.786820576352426,64.0,-21.317942364757414,0.011299600364501117
27.028027210884353,325.5935014728596,63.786820576352426,64.0,-21.317942364757414,0.010100349974904133
27.051247165532878,320.0,63.48682057635242,63.0,48.68205763524216,0.01082077489511231
27.074467120181406,321.8537411417131,63.58682057635244,64.0,-41.31794236475628,0.01034894343839982
27.09768707482993,312.69118989895867,63.08682057635242,63.0,8.682057635242302,0.010073751764282884
27.12090702947846,310.89022116915385,62.98682057635243,63.0,-1.3179423647571298,0.010191075496968311
27.144126984126984,309.09962525595057,62.886820576352434,63.0,-11.317942364756561,0.010191075496968311
27.16734693877551,309.09962525595057,62.886820576352434,63.0,-11.317942364756561,0.012403124793551348
27.190566893424037,309.09962525595057,62.886820576352434,63.0,-11.317942364756561,0.010622609040911533
27.213786848072562,309.09962525595057,62.886820576352434,63.0,-11.317942364756561,0.010622609040911533
27.237006802721087,307.3193424163214,62.78682057635244,63.0,-21.317942364755993,0.010824463728234167
27.260226757369615,305.54931325133333,62.686820576352424,63.0,-31.317942364757556,0.013100262550513393
27.28344671201814,305.54931325133333,62.686820576352424,63.0,-31.317942364757556,0.015085587297504338
27.30666666666667,305.54931325133333,62.686820576352424,63.0,-31.317942364757556,0.01646758759311301
27.329886621315193,307.3193424163214,62.78682057635244,63.0,-21.317942364755993,0.015085587297504338
27.353106575963718,307.3193424163214,62.78682057635244,63.0,-21.317942364755993,0.011085791888943373
27.376326530612246,307.3193424163214,62.78682057635244,63.0,-21.317942364755993,0.010824463728234169
27.39954648526077,305.54931325133333,62.686820576352424,63.0,-31.317942364757556,0.010824463728234167
27.422766439909296,305.54931325133333,62.686820576352424,63.0,-31.317942364757556,0.010622609040911531
27.445986394557824,305.54931325133333,62.686820576352424,63.0,-31.317942364757556,0.010622609040911533
27.46920634920635,305.54931325133333,62.686820576352424,63.0,-31.317942364757556,0.010824463728234167
27.492426303854874,305.54931325133333,62.686820576352424,63.0,-31.317942364757556,0.01010197459374499
27.515646258503402,,,,,0.010009025493342986
27.538866213151927,,,,,0.010000802780927253
27.562086167800455,,,,,0.010000027850262288
27.58530612244898,,,,,0.01000020633903134
27.608526077097505,,,,,0.010006178555334077
27.631746031746033,,,,,0.010001873046012551
27.654965986394558,,,,,0.01000020633903134
27.678185941043083,,,,,0.010000005216229449
27.70140589569161,,,,,0.010000000417925077
27.724625850340136,,,,,0.01000000928748663
27.74784580498866,,,,,0.010000802780906422
27.77106575963719,,,,,0.010004191052729414
27.794285714285714,,,,,0.01000123296498612
27.817505668934242,,,,,0.010000078102280324
27.840725623582767,,,,,0.010000000208892744
27.86394557823129,,,,,0.01000000002170159
27.88716553287982,,,,,0.010000009287486629
27.910385487528345,,,,,0.010000009287485
27.93360544217687,,,,,0.010000000375598228
27.956825396825398,,,,,5.882148617592625e-12
27.980045351473922,,,,,2.024843973063584e-13
28.003265306122447,,,,,1.280014965107524e-12
28.026485260770976,,,,,1.9376131826515766e-13
28.0497052154195,,,,,0.010000001538249075
28.07292517006803,,,,,0.01000000018287776
28.096145124716553,,,,,1.8917452461367452e-10
28.11936507936508,,,,,1.1973593537026973e-09
28.142585034013607,,,,,2.777042582558951e-08
28.16580498866213,,,,,9.690839164142525e-08
28.189024943310656,,,,,9.634069037580472e-09
28.212244897959184,,,,,1.5735863673896394e-06
28.23546485260771,,,,,1.5735920079983208e-06
28.258684807256238,,,,,1.484576283066665e-07
28.281904761904762,,,,,0.010003898924623713
28.305124716553287,,,,,0.010002811185683354
28.328344671201815,,,,,0.010001228365502835
28.35156462585034,,,,,0.010001218531393966
28.374784580498865,,,,,0.010000327253395837
28.398004535147393,,,,,0.010000127756620014
28.421224489795918,,,,,0.010000022304979195
28.444444444444443,,,,,0.010000007917620278
28.46766439909297,,,,,3.574011734455259e-10
28.490884353741496,,,,,9.806970179555284e-11
28.514104308390024,,,,,0.010000000398923884
28.53732426303855,,,,,0.010000016225886676
28.560544217687074,,,,,0.010000005216229449
28.583764172335602,,,,,0.010000005216229449
28.606984126984127,,,,,0.01000000928748663
28.63020408163265,,,,,0.010000078102280324
28.65342403628118,,,,,0.0100000470079773
28.676643990929705,,,,,0.01000123296498612
28.69986394557823,,,,,0.010000516719604526
28.723083900226758,,,,,0.010000078098789661
28.746303854875283,,,,,0.010000016226422836
28.76952380952381,,,,,0.010000127845232541
28.792743764172336,,,,,0.010000206339031339
28.81596371882086,,,,,0.01000032860450166
28.83918367346939,,,,,0.010037765502929688
28.862403628117914,,,,,0.010052967545965857
28.88562358276644,,,,,0.010037765502929688
28.908843537414967,,,,,0.010013068846238975
28.93206349206349,,,,,0.010009025493342986
28.955283446712016,,,,,0.010000802780927255
28.978503401360545,,,,,0.010000802780927255
29.00172335600907,,,,,0.01000419105279527
29.024943310657598,,,,,0.01000123296498612
29.048163265306123,,,,,0.0100000470079773
29.071383219954647,,,,,0.010000000814014906
29.094603174603176,,,,,0.01000000521622945
29.1178231292517,,,,,0.010000000417925077
29.141043083900225,,,,,0.01000001622642284
29.164263038548754,,,,,0.01000012784523254
29.18748299319728,,,,,0.0100000470079773
29.210702947845807,273.7904082184327,60.786820576352426,61.0,-21.317942364757414,0.010004191052795269
29.23392290249433,269.08685288118863,60.48682057635242,60.0,48.68205763524216,0.010622609040911533
29.257142857142856,267.53702665232305,60.38682057635243,60.0,38.68205763524273,0.022944211012772584
29.280362811791385,265.9961267656921,60.28682057635243,60.0,28.682057635243297,0.047686988526656045
29.30358276643991,265.9961267656921,60.28682057635243,60.0,28.682057635243297,0.10857970251398139
29.326802721088434,264.46410180934777,60.18682057635244,60.0,18.682057635243865,0.1504644211265926
29.350022675736962,264.46410180934777,60.18682057635244,60.0,18.682057635243865,0.10857972966635314
29.373242630385487,264.46410180934777,60.18682057635244,60.0,18.682057635243865,0.12793706197683674
29.396462585034012,264.46410180934777,60.18682057635244,60.0,18.682057635243865,0.0660815125267593
29.41968253968254,262.94090066745287,60.08682057635242,60.0,8.682057635242302,0.04768699308199489
29.442902494331065,262.94090066745287,60.08682057635242,60.0,8.682057635242302,0.026168028608935752
29.466122448979593,259.92076683399534,59.886820576352434,60.0,-11.317942364756561,0.013980210380185926
29.489342403628118,264.46410180934777,60.18682057635244,60.0,18.682057635243865,0.01398021037669528
29.512562358276643,267.53702665232305,60.38682057635243,60.0,38.68205763524273,0.015085587278550196
29.53578231292517,267.53702665232305,60.38682057635243,60.0,38.68205763524273,0.02294421912114795
29.559002267573696,269.08685288118863,60.48682057635242,60.0,48.68205763524216,0.04069733156886023
29.58222222222222,269.08685288118863,60.48682057635242,60.0,48.68205763524216,0.03489742801961922
29.60544217687075,267.53702665232305,60.38682057635243,60.0,38.68205763524273,0.040697331568860226
29.628662131519274,265.9961267656921,60.28682057635243,60.0,28.682057635243297,0.02616802860893537
29.6518820861678,262.94090066745287,60.08682057635242,60.0,8.682057635242302,0.02616802860893576
29.675102040816327,259.92076683399534,59.886820576352434,60.0,-11.317942364756561,0.026168028608935755
29.698321995464852,256.9353221962805,59.686820576352424,60.0,-31.317942364757556,0.010467533617069907
29.72154195011338,,,,,0.01000123296498612
29.744761904761905,,,,,0.010000802780927256
29.76798185941043,,,,,0.010052967545965857
29.791201814058958,,,,,0.010073751764282884
29.814421768707483,,,,,0.010073751764282882
29.837641723356008,,,,,0.010006178555334078
29.860861678004536,,,,,0.010000516719604524
29.88408163265306,,,,,0.0100028158258111
29.90730158730159,,,,,0.010013068846238975
29.930521541950114,,,,,0.01010197459374499
29.95374149659864,,,,,0.010073751764282886
29.976961451247167,,,,,0.010259050559778863
30.00018140589569,,,,,0.010013068846238975
30.023401360544216,,,,,0.010001873046012553
30.046621315192745,,,,,0.010052967545965857
30.06984126984127,,,,,0.010006178555334078
30.093061224489794,,,,,0.010000005216229449
30.116281179138323,,,,,0.010000802780927255
30.139501133786847,,,,,0.010140046044704068
30.162721088435376,,,,,0.011085791888943373
30.1859410430839,264.46410180934777,60.18682057635244,60.0,18.682057635243865,0.010622609040911534
30.209160997732425,267.53702665232305,60.38682057635243,60.0,38.68205763524273,0.01508558729750434
30.232380952380954,269.08685288118863,60.48682057635242,60.0,48.68205763524216,0.03489742801962526
30.25560090702948,267.53702665232305,60.38682057635243,60.0,38.68205763524273,0.03489742801962526
30.278820861678003,265.9961267656921,60.28682057635243,60.0,28.682057635243297,0.1504646013433388
30.30204081632653,264.46410180934777,60.18682057635244,60.0,18.682057635243865,0.32333605839064083
30.325260770975056,264.46410180934777,60.18682057635244,60.0,18.682057635243865,0.3721358982975089
30.34848072562358,264.46410180934777,60.18682057635244,60.0,18.682057635243865,0.3721358982975089
30.37170068027211,262.94090066745287,60.08682057635242,60.0,8.682057635242302,0.20650679911775208
30.394920634920634,262.94090066745287,60.08682057635242,60.0,8.682057635242302,0.07797523762294829
30.418140589569163,264.46410180934777,60.18682057635244,60.0,18.682057635243865,0.020317628556360583
30.441360544217687,265.9961267656921,60.28682057635243,60.0,28.682057635243297,0.03489742801962527
30.464580498866212,267.53702665232305,60.38682057635243,60.0,38.68205763524273,0.030106861794195014
30.48780045351474,267.53702665232305,60.38682057635243,60.0,38.68205763524273,0.05607139544589263
30.511020408163265,267.53702665232305,60.38682057635243,60.0,38.68205763524273,0.06608151270920701
30.53424036281179,265.9961267656921,60.28682057635243,60.0,28.682057635243297,0.02616802860893576
30.55746031746032,262.94090066745287,60.08682057635242,60.0,8.682057635242302,0.03489742801962526
30.580680272108843,259.92076683399534,59.886820576352434,60.0,-11.317942364756561,0.047686993082531035
30.603900226757368,256.9353221962805,59.686820576352424,60.0,-31.317942364757556,0.04768699308253103
30.627120181405896,255.45548363412797,59.58682057635243,60.0,-41.31794236475699,0.04069733156888106
30.65034013605442,249.6208723242795,59.18682057635243,59.0,18.682057635243154,0.010622609040911533
30.67356009070295,251.06691132696022,59.286820576352426,59.0,28.682057635242586,0.010013068846238975
30.696780045351474,,,,,0.010000802780927255
30.72,,,,,0.010000802780927255
30.743219954648527,,,,,0.01000123296498612
30.766439909297052,,,,,0.010013068846238975
30.789659863945577,,,,,0.010073751764282884
30.812879818594105,,,,,0.010013068846238976
30.83609977324263,,,,,0.010006178555334078
30.859319727891158,,,,,0.01000419105279527
30.882539682539683,,,,,0.010052967544563148
30.905759637188208,,,,,0.010140046043301359
30.928979591836736,,,,,0.01025905047119056
30.95219954648526,,,,,0.010259049848819297
30.975419501133786,,,,,0.01019107531452166
30.998639455782314,,,,,0.01001306633862208
31.02185941043084,,,,,0.010002813314974036
31.045079365079363,,,,,0.010013068846238975
31.068299319727892,,,,,0.010009025493342986
31.091519274376417,,,,,0.01000123296498612
31.114739229024945,,,,,0.010000516719604524
31.13795918367347,,,,,0.010006178555334078
31.161179138321994,,,,,0.010006178555334078
31.184399092970523,,,,,0.01000032860450166
31.207619047619048,,,,,0.01000123296498612
31.230839002267572,265.9961267656921,60.28682057635243,60.0,28.682057635243297,0.010073751764282884
31.2540589569161,264.46410180934777,60.18682057635244,60.0,18.682057635243865,0.010259050559778864
31.277278911564625,264.46410180934777,60.18682057635244,60.0,18.682057635243865,0.010824463728234167
31.30049886621315,269.08685288118863,60.48682057635242,60.0,48.68205763524216,0.015085587297504338
31.32371882086168,269.08685288118863,60.48682057635242,60.0,48.68205763524216,0.03489742801962526
31.346938775510203,267.53702665232305,60.38682057635243,60.0,38.68205763524273,0.07797523762288244
31.37015873015873,267.53702665232305,60.38682057635243,60.0,38.68205763524273,0.12793708630122452
31.393378684807256,267.53702665232305,60.38682057635243,60.0,38.68205763524273,0.17653060863270365
31.41659863945578,265.9961267656921,60.28682057635243,60.0,28.682057635243297,0.20650679911755837
31.43981859410431,262.94090066745287,60.08682057635242,60.0,8.682057635242302,0.1765306086327037
31.463038548752834,261.42647251857596,59.98682057635243,60.0,-1.3179423647571298,0.12793708630109654
31.48625850340136,258.42373337601344,59.78682057635242,60.0,-21.317942364758125,0.12793708630109657
31.509478458049887,255.45548363412797,59.58682057635243,60.0,-41.31794236475699,0.018187375726609632
31.532698412698412,256.9353221962805,59.686820576352424,60.0,-31.317942364757556,0.010101974593724158
31.555918367346937,256.9353221962805,59.686820576352424,60.0,-31.317942364757556,0.010349055133309975
31.579138321995465,261.42647251857596,59.98682057635243,60.0,-1.3179423647571298,0.010349055114382513
31.60235827664399,267.53702665232305,60.38682057635243,60.0,38.68205763524273,0.012403124793357522
31.62557823129252,269.08685288118863,60.48682057635242,60.0,48.68205763524216,0.018187375734912185
31.648798185941043,267.53702665232305,60.38682057635243,60.0,38.68205763524273,0.026168028608929708
31.672018140589568,264.46410180934777,60.18682057635244,60.0,18.682057635243865,0.05607139544588658
31.695238095238096,261.42647251857596,59.98682057635243,60.0,-1.3179423647571298,0.06608151270914116
31.71845804988662,259.92076683399534,59.886820576352434,60.0,-11.317942364756561,0.09203757081216031
31.741678004535146,258.42373337601344,59.78682057635242,60.0,-21.317942364758125,0.040697331568860226
31.764897959183674,256.9353221962805,59.686820576352424,60.0,-31.317942364757556,0.011085791888943276
31.7881179138322,255.45548363412797,59.58682057635243,60.0,-41.31794236475699,0.010037765502393544
31.811337868480727,,,,,0.01000000521273865
31.834557823129252,,,,,0.010000206330728468
31.857777777777777,,,,,0.010052967545772038
31.880997732426305,,,,,0.01082446372823407
31.90421768707483,,,,,0.011853505394683028
31.927437641723355,,,,,0.011853505394683028
31.950657596371883,,,,,0.010467533616876088
31.973877551020408,,,,,0.010052967527011715
31.997097505668933,,,,,0.010000009287292748
32.02031746031746,,,,,0.010000009287292803
32.04353741496599,,,,,0.010026724632113343
32.066757369614514,,,,,0.01398021037878321
32.08997732426304,,,,,0.018187375734910548
32.113197278911564,,,,,0.07797523762294829
32.13641723356009,,,,,0.030106861794195014
32.15963718820862,,,,,0.013100262550513393
32.182857142857145,,,,,0.011422334250709074
32.20607709750567,,,,,0.010140046044704068
32.229297052154195,,,,,0.01000419105279527
32.25251700680272,,,,,0.010000516719604524
32.275736961451244,,,,,0.010000127845232444
32.298956916099776,,,,,0.010001873046010919
32.3221768707483,,,,,0.010006178555334077
32.345396825396826,,,,,0.010191075493477664
32.36861678004535,,,,,0.010259049209013023
32.391836734693875,,,,,0.011422334242406572
32.41505668934241,,,,,0.015085587278550184
32.43827664399093,,,,,0.04069733156888096
32.46149659863946,,,,,0.108579770728745
32.48471655328798,,,,,0.10857977072874499
32.507936507936506,,,,,0.04069733156888106
32.53115646258503,,,,,0.0229442191246386
32.55437641723356,,,,,0.010001873044609842
32.57759637188209,,,,,0.010000078083114382
32.60081632653061,,,,,0.010000516719604141
32.62403628117914,,,,,0.01000187304601255
32.64725623582766,,,,,0.010000328604501658
32.670476190476194,,,,,0.010000127845232541
32.69369614512472,,,,,0.01000123296498612
32.71691609977324,,,,,0.010009025493342986
32.74013605442177,,,,,0.0100028158258111
32.76335600907029,,,,,0.010000516719604524
32.78657596371882,,,,,0.010000206339031342
32.80979591836735,,,,,0.010000127845232541
32.833015873015874,,,,,0.010013068846238975
32.8562358276644,,,,,0.01000902549334299
32.879455782312924,,,,,0.010052967545965857
32.90267573696145,,,,,0.010001232964986121
32.92589569160998,,,,,0.01000020633903134
32.949115646258505,,,,,0.01000123296498612
32.97233560090703,,,,,0.01002672467381077
32.995555555555555,,,,,0.010259050559778863
33.01877551020408,,,,,0.010467533617069905
33.041995464852604,,,,,0.010259050559778863
33.065215419501136,,,,,0.01010197459374499
33.08843537414966,,,,,0.010259050559778863
33.111655328798186,,,,,0.011085791888943373
33.13487528344671,,,,,0.010140046044704068
33.158095238095235,,,,,0.010259050559778863
33.18131519274377,,,,,0.01002672467381077
33.20453514739229,,,,,0.010013068846238975
33.22775510204082,,,,,0.010009025493342986
33.25097505668934,,,,,0.010000516719604524
33.274195011337866,,,,,0.01001876450976914
33.29741496598639,,,,,0.010001873046012551
33.32063492063492,,,,,0.010000002871100368
33.34385487528345,,,,,0.01000032860450166
33.36707482993197,,,,,0.010000516719604524
33.3902947845805,,,,,0.010000127845232541
33.41351473922902,,,,,0.01000020633903134
33.436734693877554,,,,,0.01000032860450166
33.45995464852608,,,,,0.010000027850262286
33.483174603174604,,,,,0.01000020633903134
33.50639455782313,,,,,0.01000032860450166
33.52961451247165,,,,,0.01000123296498612
33.55283446712018,,,,,0.01002672467381077
33.57605442176871,,,,,0.01010197459374499
33.599274376417235,,,,,0.010349055133375844
33.62249433106576,,,,,0.010824463728234167
33.645714285714284,,,,,0.011422334250709076
33.66893424036281,,,,,0.011853505394683415
33.69215419501134,,,,,0.013100262550513393
33.715374149659866,,,,,0.013980210380185926
33.73859410430839,,,,,0.010622609040911531
33.761814058956915,,,,,0.013980210380185928
33.78503401360544,,,,,0.01240312479355135
33.80825396825397,,,,,0.01010197459374499
33.8314739229025,,,,,0.010073751764282884
33.85469387755102,,,,,0.01000617855533408
33.877913832199546,,,,,0.010013068846238976
33.90113378684807,,,,,0.010018764509769141
33.924353741496596,,,,,0.010073751764282884
33.94757369614513,,,,,0.010259050559778864
33.97079365079365,,,,,0.01010197459374499
33.99401360544218,,,,,0.010259050559778864
34.0172335600907,,,,,0.010037765502929688
34.04045351473923,,,,,0.010006178555334078
34.06367346938776,,,,,0.0100028158258111
34.08689342403628,,,,,0.010037765502929688
34.11011337868481,429.62320088968426,68.58682057635244,69.0,-41.31794236475628,0.01000419105279527
34.13333333333333,427.1487533344109,68.48682057635244,68.0,48.68205763524429,0.01000032860450166
34.15655328798186,429.62320088968426,68.58682057635244,69.0,-41.31794236475628,0.01000123296498612
34.17977324263038,434.61518202474286,68.78682057635244,69.0,-21.317942364755993,0.010001873046012551
34.202993197278914,437.1328821614066,68.88682057635243,69.0,-11.317942364756561,0.010001873046012551
34.22621315192744,437.1328821614066,68.88682057635243,69.0,-11.317942364756561,0.01001876450976914
34.249433106575964,432.1119827738207,68.68682057635243,69.0,-31.317942364756846,0.010006178555334078
34.27265306122449,429.62320088968426,68.58682057635244,69.0,-41.31794236475628,0.01000123296498612
34.29587301587301,427.1487533344109,68.48682057635244,68.0,48.68205763524429,0.010013068846238975
34.319092970521545,429.62320088968426,68.58682057635244,69.0,-41.31794236475628,0.01001876450976914
34.34231292517007,434.61518202474286,68.78682057635244,69.0,-21.317942364755993,0.010013068846238975
34.365532879818595,432.1119827738207,68.68682057635243,69.0,-31.317942364756846,0.010824463728234167
34.38875283446712,434.61518202474286,68.78682057635244,69.0,-21.317942364755993,0.010349055133375844
34.411972789115644,437.1328821614066,68.88682057635243,69.0,-11.317942364756561,0.010622609040911533
34.43519274376417,437.1328821614066,68.88682057635243,69.0,-11.317942364756561,0.011422334250709074
34.4584126984127,439.6651671865886,68.98682057635243,69.0,-1.3179423647571298,0.011853505394683413
34.481632653061226,439.6651671865886,68.98682057635243,69.0,-1.3179423647571298,0.01646758759311301
34.50485260770975,437.1328821614066,68.88682057635243,69.0,-11.317942364756561,0.03489742801962526
34.528072562358275,439.6651671865886,68.98682057635243,69.0,-1.3179423647571298,0.0779752376229483
34.5512925170068,442.2121215896884,69.08682057635242,69.0,8.682057635242302,0.04069733156888106
34.57451247165533,442.2121215896884,69.08682057635242,69.0,8.682057635242302,0.026168028608935752
34.59773242630386,442.2121215896884,69.08682057635242,69.0,8.682057635242302,0.010349055133375844
34.62095238095238,437.1328821614066,68.88682057635243,69.0,-11.317942364756561,0.010037765502929688
34.644172335600906,434.61518202474286,68.78682057635244,69.0,-21.317942364755993,0.011853505394683413
34.66739229024943,434.61518202474286,68.78682057635244,69.0,-21.317942364755993,0.011422334250709074
34.690612244897956,437.1328821614066,68.88682057635243,69.0,-11.317942364756561,0.012403124793551346
34.71383219954649,434.61518202474286,68.78682057635244,69.0,-21.317942364755993,0.010467533617069905
34.73705215419501,429.62320088968426,68.58682057635244,69.0,-41.31794236475628,0.010259050559778863
34.76027210884354,422.24253144732614,68.28682057635243,68.0,28.682057635242586,0.011853505394683413
34.78349206349206,419.8105934199836,68.18682057635243,68.0,18.682057635243154,0.013100262550513395
34.80671201814059,414.9886574883231,67.98682057635241,68.0,-1.3179423647585509,0.012403124793551348
34.82993197278912,412.59849870066535,67.88682057635242,68.0,-11.317942364757982,0.010349055133375844
34.853151927437644,414.9886574883231,67.98682057635241,68.0,-1.3179423647585509,0.01001876450976914
34.87637188208617,410.2221062146333,67.78682057635243,68.0,-21.317942364757414,0.010000127845232541
34.89959183673469,,,,,0.010000002871100365
34.92281179138322,,,,,0.010000078102280326
34.94603174603174,,,,,0.010000000021701592
34.969251700680275,,,,,0.010000005216229449
34.9924716553288,,,,,0.010000127845232541
35.015691609977324,,,,,0.0100028158258111
35.03891156462585,,,,,0.010000078102280324
35.062131519274374,,,,,0.010000002871100368
35.085351473922906,,,,,0.010000000208892744
35.10857142857143,,,,,0.010000000001606035
35.131791383219955,,,,,0.010000000208892744
35.15501133786848,,,,,0.010000000814014906
35.178231292517005,,,,,0.010000000814014906
35.20145124716553,,,,,0.010000078102280324
35.22467120181406,,,,,0.010000078102280324
35.247891156462586,,,,,0.010000016226422836
35.27111111111111,,,,,0.010000009287486632
35.294331065759636,,,,,0.010000027850262286
35.31755102040816,,,,,0.0100000470079773
35.34077097505669,,,,,0.010000016226422836
35.36399092970522,,,,,0.010000000047726025
35.38721088435374,,,,,0.010000000009505967
35.41043083900227,,,,,0.010000000000221911
35.43365079365079,,,,,0.010000000021701592
35.456870748299316,,,,,0.010000000417925077
35.48009070294785,,,,,0.0100000470079773
35.50331065759637,,,,,0.010000005216229449
35.5265306122449,,,,,0.010000005216229449
35.54975056689342,,,,,0.01000000928748663
35.57297052154195,,,,,0.010000000417925077
35.59619047619048,,,,,0.010000009287486629
35.619410430839004,,,,,0.010009025493342986
35.64263038548753,,,,,0.010002815825811098
35.66585034013605,,,,,0.01000419105279527
35.68907029478458,,,,,0.0100028158258111
35.71229024943311,,,,,0.01000032860450166
35.735510204081635,,,,,0.010001232964986118
35.75873015873016,,,,,0.01000419105279527
35.781950113378684,,,,,0.0100028158258111
35.80517006802721,,,,,0.010002815825811102
35.828390022675734,,,,,0.010001232964986118
35.851609977324266,,,,,0.010000802780927255
35.87482993197279,,,,,0.010009025493342984
35.898049886621315,,,,,0.01001876450976914
35.92126984126984,,,,,0.01002672467381077
35.944489795918365,,,,,0.010000802780927256
35.9677097505669,,,,,0.010000005216229449
35.99092970521542,419.8105934199836,68.18682057635243,68.0,18.682057635243154,0.010000000208892744
36.014149659863946,422.24253144732614,68.28682057635243,68.0,28.682057635242586,0.010000002871100368
36.03736961451247,424.68855754834175,68.38682057635242,68.0,38.68205763524202,0.010000005216229449
36.060589569160996,412.59849870066535,67.88682057635242,68.0,-11.317942364757982,0.010000027850262286
36.08380952380952,414.9886574883231,67.98682057635241,68.0,-1.3179423647585509,0.0100000470079773
36.10702947845805,417.3926623249805,68.08682057635244,68.0,8.682057635243723,0.010000516719604524
36.13024943310658,419.8105934199836,68.18682057635243,68.0,18.682057635243154,0.01000123296498612
36.1534693877551,427.1487533344109,68.48682057635244,68.0,48.68205763524429,0.01000123296498612
36.17668934240363,427.1487533344109,68.48682057635244,68.0,48.68205763524429,0.01001876450976914
36.19990929705215,429.62320088968426,68.58682057635244,69.0,-41.31794236475628,0.010013068846238975
36.22312925170068,424.68855754834175,68.38682057635242,68.0,38.68205763524202,0.010013068846238975
36.24634920634921,424.68855754834175,68.38682057635242,68.0,38.68205763524202,0.010259050559778863
36.26956916099773,422.24253144732614,68.28682057635243,68.0,28.682057635242586,0.010052967545965857
36.29278911564626,417.3926623249805,68.08682057635244,68.0,8.682057635243723,0.010191075496968311
36.31600907029478,417.3926623249805,68.08682057635244,68.0,8.682057635243723,0.010037765502929688
36.33922902494331,424.68855754834175,68.38682057635242,68.0,38.68205763524202,0.010000516719604524
36.36244897959184,437.1328821614066,68.88682057635243,69.0,-11.317942364756561,0.010013068846238975
36.385668934240364,449.94185331915185,69.38682057635242,69.0,38.68205763524202,0.010467533617069905
36.40888888888889,455.1699258231301,69.58682057635244,70.0,-41.31794236475628,0.018187375734912185
36.432108843537414,455.1699258231301,69.58682057635244,70.0,-41.31794236475628,0.030106861794195014
36.45532879818594,460.4587456034624,69.78682057635243,70.0,-21.317942364757414,0.03010686179419501
36.47854875283447,460.4587456034624,69.78682057635243,70.0,-21.317942364757414,0.012403124793551346
36.501768707482995,463.12615598092094,69.88682057635242,70.0,-11.317942364757982,0.011085791888943373
36.52498866213152,465.80901850949994,69.98682057635244,70.0,-1.3179423647557087,0.010824463728234167
36.548208616780045,465.80901850949994,69.98682057635244,70.0,-1.3179423647557087,0.010467533617069905
36.57142857142857,465.80901850949994,69.98682057635244,70.0,-1.3179423647557087,0.010073751764282884
36.594648526077094,465.80901850949994,69.98682057635244,70.0,-1.3179423647557087,0.010001873046012551
36.617868480725626,471.2214585921681,70.18682057635243,70.0,18.682057635243154,0.01000419105279527
36.64108843537415,471.2214585921681,70.18682057635243,70.0,18.682057635243154,0.010013068846238975
36.664308390022676,479.45826460053814,70.48682057635243,70.0,48.68205763524287,0.012403124793551348
36.6875283446712,479.45826460053814,70.48682057635243,70.0,48.68205763524287,0.020317628556360583
36.710748299319725,473.9512167317006,70.28682057635244,70.0,28.682057635244007,0.015085587297504338
36.73396825396826,,,,,0.010824463728234169
36.75718820861678,,,,,0.015085587297504338
36.78040816326531,,,,,0.02616802860893576
36.80362811791383,,,,,0.09203757081218113
36.826848072562356,,,,,0.03010686179419501
36.85006802721088,,,,,0.010013068846238973
36.87328798185941,,,,,0.010000000208892744
36.89650793650794,,,,,0.010000000208892744
36.91972789115646,,,,,0.010000000814014906
36.94294784580499,,,,,0.010000001546554296
36.96616780045351,,,,,0.010000027850262286
36.989387755102044,,,,,0.010000127845232541
37.01260770975057,,,,,0.010001232964986121
37.03582766439909,,,,,0.010006178555334078
37.05904761904762,,,,,0.01000020633903134
37.08226757369614,,,,,0.0100000470079773
37.10548752834467,,,,,0.010000127845232541
37.1287074829932,,,,,0.010000027850262286
37.151927437641724,,,,,0.01000020633903134
37.17514739229025,,,,,0.01000020633903134
37.198367346938774,,,,,0.010000802780927255
37.2215873015873,,,,,0.01000123296498612
37.24480725623583,,,,,0.01000187304601255
37.268027210884355,,,,,0.010002815825811102
37.29124716553288,,,,,0.010006178555334078
37.314467120181405,,,,,0.01010197459374499
37.33768707482993,,,,,0.01000419105279527
37.36090702947846,,,,,0.010009025493342986
37.384126984126986,,,,,0.01000419105279527
37.40734693877551,,,,,0.010013068846238973
37.430566893424036,560.3799112997665,73.18682057635243,73.0,18.682057635243154,0.010073751764282884
37.45378684807256,570.1751796098172,73.48682057635243,73.0,48.68205763524287,0.018187375734912182
37.477006802721085,573.4781708236496,73.58682057635242,74.0,-41.3179423647577,0.022944219124638603
37.50022675736962,570.1751796098172,73.48682057635243,73.0,48.68205763524287,0.018187375734912182
37.52344671201814,566.8912122255109,73.38682057635243,73.0,38.68205763524344,0.012403124793551348
37.54666666666667,566.8912122255109,73.38682057635243,73.0,38.68205763524344,0.016467587593113005
37.56988662131519,570.1751796098172,73.48682057635243,73.0,48.68205763524287,0.01818737573491218
37.593106575963716,570.1751796098172,73.48682057635243,73.0,48.68205763524287,0.02616802860893576
37.61632653061225,570.1751796098172,73.48682057635243,73.0,48.68205763524287,0.03489742801962527
37.63954648526077,566.8912122255109,73.38682057635243,73.0,38.68205763524344,0.013980210380185928
37.6627664399093,560.3799112997665,73.18682057635243,73.0,18.682057635243154,0.010259050559778863
37.68598639455782,550.7529198363712,72.88682057635242,73.0,-11.317942364757982,0.010467533617069905
37.70920634920635,541.291314324127,72.58682057635244,73.0,-41.31794236475628,0.010140046044704068
37.73242630385487,541.291314324127,72.58682057635244,73.0,-41.31794236475628,0.010622609040911533
37.755646258503404,538.1737057623773,72.48682057635241,72.0,48.68205763524145,0.018187375734912182
37.77886621315193,535.0740533046461,72.38682057635242,72.0,38.68205763524202,0.016467587593113005
37.802086167800454,,,,,0.013980210380185926
37.82530612244898,,,,,0.020317628556360583
37.8485260770975,,,,,0.022944219124638603
37.871746031746035,,,,,0.015085587297504336
37.89496598639456,,,,,0.01646758759311301
37.918185941043085,,,,,0.010824463728234167
37.94140589569161,,,,,0.010101974593744992
37.964625850340134,,,,,0.010037765502929688
37.98784580498866,,,,,0.010000516719604524
38.01106575963719,,,,,0.010000516719604523
38.034285714285716,,,,,0.010000016226422836
38.05750566893424,,,,,0.010000027850262286
38.080725623582765,,,,,0.010000016226422836
38.10394557823129,,,,,0.010000047007975668
38.12716553287982,,,,,0.010000328604500026
38.15038548752835,,,,,0.010000802780391112
38.17360544217687,,,,,0.010000009286950488
38.196825396825396,,,,,0.010000002870564222
38.22004535147392,,,,,0.010000205973906516
38.243265306122446,,,,,0.010000515368801016
38.26648526077098,,,,,0.010000516354587317
38.2897052154195,,,,,0.010000205973899926
38.31292517006803,,,,,0.01000000037622841
38.33614512471655,,,,,0.010000078093977826
38.35936507936508,,,,,0.01000051671611388
38.38258503401361,,,,,0.010002815817508599
38.40580498866213,,,,,0.010006178555268225
38.42902494331066,,,,,0.010000802779524545
38.45224489795918,,,,,0.010000127845211709
38.47546485260771,,,,,0.010000002870906551
38.49868480725623,,,,,0.010000000409622536
38.521904761904764,,,,,0.010000000047724392
38.54512471655329,,,,,0.010000005212738791
38.568344671201814,,,,,0.010000009287480582
38.59156462585034,,,,,0.010000002869697659
38.61478458049886,,,,,0.010000046296993722
38.638004535147395,,,,,0.010004149986766754
38.66122448979592,,,,,0.010026273363369063
38.684444444444445,,,,,0.010139344878067579
38.70766439909297,,,,,0.010052855886105449
38.730884353741494,,,,,0.010052926489259404
38.75410430839002,,,,,4.426775909177589e-08
38.77732426303855,,,,,1.5756309873185859e-06
38.800544217687076,,,,,6.382933797880378e-06
38.8237641723356,,,,,1.127607587949463e-06
38.846984126984125,,,,,0.01000417688006916
38.87020408163265,,,,,0.010000001546554298
38.89342403628118,,,,,0.010000027850262284
38.91664399092971,447.3503789372862,69.28682057635243,69.0,28.682057635242586,0.010013068846238975
38.93986394557823,463.12615598092094,69.88682057635242,70.0,-11.317942364757982,0.040697331568881064
38.963083900226756,471.2214585921681,70.18682057635243,70.0,18.682057635243154,0.24075439447557415
38.98630385487528,471.2214585921681,70.18682057635243,70.0,18.682057635243154,0.6860828109301791
39.00952380952381,471.2214585921681,70.18682057635243,70.0,18.682057635243154,0.8266685594724995
39.03274376417234,473.9512167317006,70.28682057635244,70.0,28.682057635244007,0.8266685594724996
39.05596371882086,473.9512167317006,70.28682057635244,70.0,28.682057635244007,0.6860828109301791
39.07918367346939,476.6967881992648,70.38682057635243,70.0,38.68205763524344,0.7571601330199091
39.10240362811791,479.45826460053814,70.48682057635243,70.0,48.68205763524287,0.5485250542599844
39.12562358276644,479.45826460053814,70.48682057635243,70.0,48.68205763524287,0.24075439447557417
39.14884353741497,482.2357380718643,70.58682057635242,71.0,-41.3179423647577,0.020317628556360583
39.172063492063494,,,,,0.01002672467381077
39.19528344671202,,,,,0.010622609040911534
39.21850340136054,,,,,0.07797523762294829
39.24172335600907,,,,,0.018187375734912182
39.2649433106576,,,,,0.06608151270920701
39.288163265306125,,,,,0.018187375734912182
39.31138321995465,,,,,0.010622609040911533
39.334603174603174,,,,,0.010052967545965857
39.3578231292517,,,,,0.0100000470079773
39.381043083900224,,,,,0.010000002871100368
39.404263038548756,,,,,0.010000328604501658
39.42748299319728,,,,,0.010000078102280324
39.450702947845805,,,,,0.010000328604501658
39.47392290249433,,,,,0.010000009287486632
39.497142857142855,,,,,0.010000078102280322
39.52036281179139,,,,,0.010000002871100368
39.54358276643991,,,,,0.010000016226422836
39.566802721088436,,,,,0.010000016226422836
39.59002267573696,,,,,0.0100000470079773
39.613242630385486,,,,,0.010000016226422836
39.63646258503401,,,,,0.010000047007977299
39.65968253968254,,,,,0.010000047007977299
39.68290249433107,,,,,0.010000001546554296
39.70612244897959,,,,,0.010009025493342984
39.72934240362812,,,,,0.01002672467381077
39.75256235827664,,,,,0.01002672467381077
39.77578231292517,,,,,0.01002672467381077
39.7990022675737,,,,,0.010140046044704067
39.82222222222222,,,,,0.010140046044704067
39.84544217687075,,,,,0.010018764509769143
39.86866213151927,,,,,0.010000516719604526
39.8918820861678,,,,,0.01000020633903134
39.91510204081633,,,,,0.0100028158258111
39.938321995464854,,,,,0.0100028158258111
39.96154195011338,,,,,0.01000123296498612
39.9847619047619,,,,,0.010006178555333983
40.00798185941043,,,,,0.010006178555328031
40.03120181405896,,,,,0.01062260902195739
40.054421768707485,,,,,0.010467533575386058
40.07764172335601,,,,,0.010622608999227685
40.100861678004534,,,,,0.010073751764282884
40.12408163265306,,,,,0.01000187304601255
40.147301587301584,,,,,0.010013068846238975
40.170521541950116,,,,,0.010622609040911533
40.19374149659864,,,,,0.012403124793551348
40.216961451247165,,,,,0.016467587593113005
40.24018140589569,,,,,0.013100262550513397
40.263401360544215,,,,,0.010052967545965857
40.28662131519275,,,,,0.01000032860450166
40.30984126984127,,,,,0.010000516719604526
40.333061224489796,,,,,0.010006178555334078
40.35628117913832,,,,,0.010052967545965857
40.379501133786846,,,,,0.010037765502929688
40.40272108843537,,,,,0.010006178555334078
40.4259410430839,,,,,0.01002672467381077
40.44916099773243,,,,,0.010349055133182027
40.47238095238095,,,,,0.010349055133182027
40.49560090702948,,,,,0.010467533616876088
40.518820861678,,,,,0.010052967545965857
40.542040816326534,,,,,0.010006178555334078
40.56526077097506,,,,,0.010073751764282886
40.58848072562358,,,,,0.010073751764282884
40.61170068027211,,,,,0.010073751764282884
40.63492063492063,,,,,0.01002672467381077
40.658140589569165,,,,,0.01002672467381077
40.68136054421769,,,,,0.01001876450976914
40.704580498866214,,,,,0.010037765502929305
40.72780045351474,,,,,0.010000078102280326
40.751020408163264,,,,,0.010000027850262286
40.77424036281179,,,,,0.010000127845232543
40.79746031746032,,,,,0.010000002871100368
40.820680272108845,,,,,0.010000027850262286
40.84390022675737,,,,,0.010000802780927255
40.867120181405895,,,,,0.010000802780927255
40.89034013605442,,,,,0.01000187304601255
40.91356009070295,,,,,0.010000078102280327
40.936780045351476,,,,,0.010001873046012553
40.96,,,,,0.010001232964986118
40.983219954648526,,,,,0.010009025493342986
41.00643990929705,,,,,0.01000020633903134
41.029659863945575,,,,,0.010000005216229449
41.05287981859411,,,,,0.010000001546554296
41.07609977324263,,,,,0.01000000928748663
41.09931972789116,,,,,0.0100000470079773
41.12253968253968,,,,,0.01000000928748663
41.145759637188206,,,,,0.010000027850262288
41.16897959183674,,,,,0.010000127845232541
41.19219954648526,,,,,0.010000047007977299
41.21541950113379,,,,,0.010004191052795269
41.23863945578231,,,,,0.010004191052795269
41.26185941043084,,,,,0.0100028158258111
41.28507936507936,,,,,0.010140046044704067
41.308299319727894,,,,,0.010000078102214469
41.33151927437642,,,,,0.010000027850256239
41.35473922902494,,,,,0.010000127845226492
41.37795918367347,,,,,0.01000020633903134
41.40117913832199,,,,,0.010000001546554296
41.424399092970525,,,,,0.010013068846238975
41.44761904761905,,,,,0.010000802780927255
41.470839002267574,,,,,0.010009025493342986
41.4940589569161,,,,,0.01000123296498612
41.517278911564624,,,,,0.010000516719583694
41.54049886621315,,,,,0.010000328604435806
41.56371882086168,,,,,0.010009025493342986
41.586938775510205,,,,,0.01000012784523254
41.61015873015873,,,,,0.0100000470079773
41.633378684807255,,,,,0.010002815784127253
41.65659863945578,,,,,0.01000902093749468
41.67981859410431,,,,,0.010018063358052111
41.703038548752836,,,,,0.010004176880652717
41.72625850340136,,,,,0.0100000470079773
41.749478458049886,,,,,0.010000078101744164
41.77269841269841,,,,,0.01000000928399079
41.795918367346935,,,,,0.01000020633903134
41.81913832199547,,,,,0.010000802780927255
41.84235827664399,,,,,0.010026724673810772
41.86557823129252,,,,,0.01000419105279527
41.88879818594104,,,,,0.01000419105279527
41.912018140589566,,,,,0.0100028158258111
41.9352380952381,,,,,0.010001232964986118
41.95845804988662,,,,,0.0100000470079773
41.98167800453515,,,,,0.010000002871100366
42.00489795918367,,,,,0.010000078102280322
42.0281179138322,,,,,0.010000027850262286
42.05133786848072,,,,,0.010000802780927255
42.074557823129254,,,,,0.010000802780927255
42.09777777777778,,,,,0.010001873046012553
42.120997732426304,,,,,0.01000419105279527
42.14421768707483,,,,,0.010018764509769138
42.16743764172335,,,,,0.010001232964986118
42.190657596371885,,,,,0.01000032860450166
42.21387755102041,,,,,0.01000123296498612
42.237097505668935,,,,,0.010000802780927255
42.26031746031746,,,,,0.010001873046012551
42.283537414965984,,,,,0.010002815825811098
42.30675736961451,,,,,0.010004191052795272
42.32997732426304,,,,,0.01002672467381077
42.353197278911566,,,,,0.010824463728234167
42.37641723356009,,,,,0.011853505394683415
42.399637188208615,,,,,0.010622609040911533
42.42285714285714,,,,,0.010052967545965859
42.44607709750567,,,,,0.010052967545965855
42.4692970521542,,,,,0.01000187304601255
42.49251700680272,,,,,0.010000127845232541
42.515736961451246,,,,,0.010037765502929686
42.53895691609977,,,,,0.010000328604501658
42.5621768707483,,,,,0.010000027850262284
42.58539682539683,,,,,0.010000002871100368
42.60861678004535,,,,,0.010000005216229447
42.63183673469388,,,,,0.01000123296498612
42.6550566893424,,,,,0.010000802780927255
42.67827664399093,,,,,0.010000802780927255
42.70149659863946,,,,,0.010026724673810772
42.72471655328798,,,,,0.011422334250709074
42.74793650793651,,,,,0.010001232964986121
42.77115646258503,,,,,0.01000020633903134
42.79437641723356,,,,,0.01000123296498612
42.81759637188209,,,,,0.010000802780927255
42.840816326530614,,,,,0.010000002871100366
42.86403628117914,,,,,0.010000047007977299
42.887256235827664,,,,,0.010000016226422834
42.91047619047619,,,,,0.010000078102280324
42.93369614512471,,,,,0.010000002871100366
42.956916099773245,,,,,0.010000000814014906
42.98013605442177,,,,,0.01000000521622945
43.003356009070295,,,,,0.010000000009505967
43.02657596371882,,,,,0.010000000021701592
43.049795918367344,,,,,0.010000000417925077
43.073015873015876,,,,,0.010000005216229449
43.0962358276644,,,,,0.010000000021701592
43.119455782312926,,,,,0.010000000417925077
43.14267573696145,,,,,0.010013068846238975
43.165895691609975,,,,,0.010000078102280324
43.1891156462585,,,,,0.010000508598317524
43.21233560090703,,,,,0.01000123296498612
43.23555555555556,,,,,0.010000027850262286
43.25877551020408,,,,,0.010000516719604524
43.281995464852606,,,,,0.010000001546548247
43.30521541950113,,,,,0.010000016226422739
43.32843537414966,,,,,0.01000123296498007
43.35165532879819,,,,,0.010018764509769044
43.37487528344671,,,,,0.01142233425070869
43.39809523809524,,,,,0.010824463728233783
43.42131519274376,,,,,0.010622609040911437
43.44453514739229,,,,,0.010073751764282884
43.46775510204082,,,,,0.010000516719604524
43.490975056689344,,,,,0.010037765502929688
43.51419501133787,,,,,0.010622609040911533
43.53741496598639,,,,,0.010467533617069905
43.56063492063492,,,,,0.010073751764282884
43.58385487528345,,,,,0.010073751764282884
43.607074829931975,,,,,0.010026724673810772
43.6302947845805,,,,,0.010013068846238975
43.653514739229024,,,,,0.010000328604501564
43.67673469387755,,,,,0.010000016226421203
43.699954648526074,,,,,0.010000516719604524
43.723174603174606,,,,,0.01000419105279527
43.74639455782313,,,,,0.010073751764282884
43.769614512471655,,,,,0.011085791888943371
43.79283446712018,,,,,0.01010197459374499
43.816054421768705,,,,,0.011085791888943373
43.83927437641724,,,,,0.015085587297504338
43.86249433106576,,,,,0.010191075496968311
43.885714285714286,,,,,0.020317628556360583
43.90893424036281,,,,,0.010073751764282886
43.932154195011336,,,,,0.026168028608935755
43.95537414965986,,,,,0.010000000814014906
43.97859410430839,,,,,0.010000016226422834
44.00181405895692,,,,,0.010000047007975668
44.02503401360544,,,,,0.010000000021701592
44.04825396825397,,,,,0.010000000009505967
44.07147392290249,,,,,0.010000000009505967
44.09469387755102,,,,,0.010000000021701592
44.11791383219955,,,,,0.010000000003996621
44.14113378684807,,,,,0.010000000814014904
44.1643537414966,,,,,0.010000005216229449
44.18757369614512,,,,,0.010000000208892745
44.210793650793654,,,,,0.010000000001606035
44.23401360544218,,,,,0.0100000000000754
44.257233560090704,,,,,0.010000000000613862
44.28045351473923,,,,,0.010000000021701592
44.30367346938775,,,,,0.010000000003996621
44.32689342403628,,,,,0.010000001546554295
44.35011337868481,,,,,0.010000000101429396
44.373333333333335,,,,,0.010000000417925077
44.39655328798186,,,,,0.010000000101429395
44.419773242630384,,,,,0.010000000001606033
44.44299319727891,,,,,0.010000000000023853
44.46621315192744,,,,,0.010000000000221913
44.489433106575966,,,,,0.010000000208826888
44.51265306122449,,,,,0.010000000417925075
44.535873015873015,,,,,0.010000000417925077
44.55909297052154,,,,,0.010000002871100368
44.582312925170065,,,,,0.0100000470079773
44.6055328798186,,,,,0.010000016226422836
44.62875283446712,,,,,0.010000000814014906
44.651972789115646,,,,,0.010000078102280324
44.67519274376417,,,,,0.01010197459374499
44.698412698412696,487.83904744184383,70.78682057635243,71.0,-21.317942364757414,0.015085587297504338
44.72163265306123,490.6650702942722,70.88682057635242,71.0,-11.317942364757982,0.10857977072874499
44.74485260770975,490.6650702942722,70.88682057635242,71.0,-11.317942364757982,0.06608151270920702
44.76807256235828,487.83904744184383,70.78682057635243,71.0,-21.317942364757414,0.12793708630129036
44.7912925170068,485.0293012833274,70.68682057635243,71.0,-31.317942364756846,0.09203757081218113
44.81451247165533,485.0293012833274,70.68682057635243,71.0,-31.317942364756846,0.030106861794195014
44.83773242630385,482.2357380718643,70.58682057635242,71.0,-41.3179423647577,0.018187375734912182
44.860952380952384,482.2357380718643,70.58682057635242,71.0,-41.3179423647577,0.010622609040911533
44.88417233560091,476.6967881992648,70.38682057635243,70.0,38.68205763524344,0.01001876450976914
44.90739229024943,,,,,0.01001876450976914
44.93061224489796,,,,,0.010013068846238973
44.95383219954648,,,,,0.010824463728234167
44.977052154195015,,,,,0.010073751764282884
45.00027210884354,,,,,0.010140046044704068
45.023492063492064,,,,,0.010140046044704068
45.04671201814059,,,,,0.010349055133375844
45.069931972789114,,,,,0.010259050559778863
45.09315192743764,,,,,0.011853505394683413
45.11637188208617,,,,,0.011422334250709076
45.139591836734695,,,,,0.010824463728234167
45.16281179138322,,,,,0.01646758759311301
45.186031746031745,,,,,0.015085587297504338
45.20925170068027,,,,,0.02616802860893576
45.2324716553288,,,,,0.018187375734912182
45.255691609977326,,,,,0.018187375734912182
45.27891156462585,,,,,0.013980210380185928
45.302131519274376,,,,,0.012403124793551348
45.3253514739229,,,,,0.026168028608935755
45.348571428571425,,,,,0.011085791888943373
45.37179138321996,,,,,0.010349055133375844
45.39501133786848,,,,,0.010006178555334078
45.41823129251701,,,,,0.010002815825811097
45.44145124716553,,,,,0.01010197459374499
45.464671201814056,,,,,0.010349055133375844
45.48789115646259,,,,,0.010000047007977304
45.51111111111111,,,,,0.010001232964986116
45.53433106575964,,,,,0.01002672467381077
45.55755102040816,,,,,0.01002672467381077
45.58077097505669,,,,,0.010000016226422836
45.60399092970521,,,,,0.010000000001606035
45.627210884353744,,,,,0.010000000417925075
45.65043083900227,,,,,0.010000009287486629
45.67365079365079,,,,,0.010000000417925077
45.69687074829932,,,,,0.010000000021701592
45.72009070294784,,,,,0.010000000328010742
45.743310657596375,,,,,2.2709904187625e-06
45.7665306122449,,,,,0.010002949757567341
45.789750566893424,,,,,2.3034940681260622e-05
45.81297052154195,,,,,3.1196393195045226e-05
45.836190476190474,,,,,2.2595147648618047e-06
45.859410430839006,,,,,5.046435989989556e-07
45.88263038548753,,,,,1.0867544389018347e-06
45.905850340136055,,,,,3.3904815640969506e-07
45.92907029478458,,,,,1.5736027130915813e-06
45.952290249433105,,,,,0.010224476058749156
45.97551020408163,,,,,2.2598022355523634e-06
45.99873015873016,,,,,3.2190877862670595e-06
46.021950113378686,,,,,7.47128398886258e-07
46.04517006802721,,,,,2.259804718658833e-06
46.068390022675736,,,,,0.010054850842964213
46.09160997732426,,,,,6.378380499032697e-06
46.11482993197279,,,,,3.3908862788351026e-07
46.13804988662132,,,,,9.407030166908551e-09
46.16126984126984,,,,,0.010000086718314866
46.18448979591837,,,,,0.010000000828323922
46.20770975056689,,,,,0.010000005127611424
46.23092970521542,,,,,0.010000016218117608
46.25414965986395,,,,,0.010000009286083508
46.27736961451247,,,,,0.010000009287420775
46.300589569161,,,,,0.010000027850262286
46.32380952380952,,,,,0.010000078102280324
46.34702947845805,,,,,0.01000020633903134
46.37024943310658,,,,,0.010000206339031342
46.393469387755104,,,,,0.010000000208886693
46.41668934240363,,,,,0.010000000002590432
46.439909297052154,,,,,0.010000000416506078
46.46312925170068,,,,,0.010000000000075305
46.4863492063492,,,,,0.010000000000001483
46.509569160997735,,,,,0.010000000000000439
46.53278911564626,,,,,0.010000000000006925
46.556009070294785,,,,,0.01000000000002385
46.57922902494331,,,,,0.010000027850262286
46.602448979591834,,,,,0.010000516719604524
46.625668934240366,,,,,0.010009025493342986
46.64888888888889,,,,,0.01000123296498612
46.672108843537416,,,,,0.01000032851590936
46.69532879818594,,,,,2.4357281103030095e-07
46.718548752834465,,,,,0.00031068782292216035
46.74176870748299,,,,,0.003194247163105692
46.76498866213152,414.9886574883231,67.98682057635241,68.0,-1.3179423647585509,0.010372033257017412
46.78820861678005,412.59849870066535,67.88682057635242,68.0,-11.317942364757982,0.01527256613042661
46.81142857142857,417.3926623249805,68.08682057635244,68.0,8.682057635243723,0.012452269624211317
46.834648526077096,417.3926623249805,68.08682057635244,68.0,8.682057635243723,0.029972204985683152
46.85786848072562,414.9886574883231,67.98682057635241,68.0,-1.3179423647585509,0.0690526082148917
46.88108843537415,417.3926623249805,68.08682057635244,68.0,8.682057635243723,0.13181292245600446
46.90430839002268,417.3926623249805,68.08682057635244,68.0,8.682057635243723,0.09654015231202483
46.9275283446712,419.8105934199836,68.18682057635243,68.0,18.682057635243154,0.06898612006468956
46.95074829931973,419.8105934199836,68.18682057635243,68.0,18.682057635243154,0.16869722588541908
46.97396825396825,419.8105934199836,68.18682057635243,68.0,18.682057635243154,0.08382394580531377
46.99718820861678,419.8105934199836,68.18682057635243,68.0,18.682057635243154,0.16910287397496157
47.02040816326531,,,,,0.04892054783634307
47.04362811791383,,,,,0.016162716481814873
47.06684807256236,,,,,0.010599267147194903
47.09006802721088,,,,,0.01025365411786286
47.11328798185941,,,,,0.010599267338297469
47.13650793650794,,,,,0.010258763555864664
47.159727891156464,,,,,0.016463927131808512
47.18294784580499,,,,,0.09079526682313582
47.206167800453514,,,,,0.08769196101661024
47.22938775510204,,,,,0.11988683267923637
47.25260770975056,,,,,0.07798866281124207
47.275827664399095,,,,,0.05622618420851131
47.29904761904762,,,,,0.010000001546553913
47.322267573696145,,,,,0.010000000417925077
47.34548752834467,,,,,0.01001876450976914
47.368707482993194,,,,,0.010349055133375844
47.391927437641726,,,,,0.011853505394677364
47.41514739229025,,,,,0.011853505394617558
47.438367346938776,,,,,0.011853502887068074
47.4615873015873,,,,,0.010037724445449632
47.484807256235825,,,,,0.010101973242985934
47.50802721088435,,,,,0.010052967457377554
47.53124716553288,,,,,0.010026724673274626
47.55446712018141,,,,,0.010004191052789223
47.57768707482993,,,,,0.010013068846218146
47.600907029478456,,,,,0.010191075496962266
47.62412698412698,,,,,0.0124031247935453
47.64734693877551,,,,,0.013100262542210897
47.67056689342404,,,,,0.013980209669226291
47.69378684807256,,,,,0.01240242364528781
47.71700680272109,,,,,0.010801116323200136
47.74022675736961,,,,,6.129793190964465e-05
47.763446712018144,,,,,0.01022553399452235
47.78666666666667,,,,,0.010467533617069905
47.809886621315194,,,,,0.010349055133375844
47.83310657596372,,,,,0.010349055133375844
47.85632653061224,,,,,1.0024013840656393e-05
47.87954648526077,,,,,0.0039001026915329
47.9027664399093,,,,,0.003952447859920669
47.925986394557825,,,,,0.003769604315053058
47.94920634920635,,,,,3.161996690231901e-05
47.972426303854874,,,,,0.03489742801962526
47.9956462585034,,,,,0.047686993082531035
48.01886621315193,,,,,0.018187375734912182
48.042086167800456,,,,,9.94561845925672e-05
48.06530612244898,,,,,0.011853505394683413
48.088526077097505,,,,,0.011422334250709074
48.11174603174603,,,,,0.010622609040911533
48.134965986394555,,,,,0.010073751764282884
48.15818594104309,,,,,0.01010197459374499
48.18140589569161,,,,,0.01000020633903134
48.204625850340136,,,,,0.010000516719604524
48.22784580498866,,,,,1.2525898758373784e-09
48.251065759637186,,,,,2.3995704787935442e-06
48.27428571428572,,,,,6.929762965336923e-06
48.29750566893424,,,,,1.3426731544816475e-05
48.32072562358277,,,,,4.817906704473319e-06
48.34394557823129,,,,,2.320896047390831e-06
48.36716553287982,,,,,2.410052426265849e-05
48.39038548752834,,,,,1.8381071968474368e-05
48.41360544217687,,,,,0.0001763383967087655
48.4368253968254,,,,,0.00010225382633762304
48.46004535147392,,,,,0.00014279252194913516
48.48326530612245,,,,,8.121404260658741e-07
48.50648526077097,,,,,2.8019950727540867e-08
48.529705215419504,,,,,1.019728205714824e-07
48.55292517006803,,,,,0.01000281331819381
48.576145124716554,,,,,6.405334918944898e-08
48.59936507936508,,,,,0.010000001545151587
48.6225850340136,,,,,0.01000004700797567
48.64580498866213,,,,,0.010000078083326182
48.66902494331066,,,,,0.010000127845232541
48.692244897959185,,,,,0.010001873046012551
48.71546485260771,,,,,0.010004191052795272
48.738684807256234,,,,,0.010000328603965516
48.76190476190476,,,,,0.010000002871034513
48.78512471655329,,,,,0.010000000012723437
48.808344671201816,,,,,0.010000000375816628
48.83156462585034,,,,,0.010000204988265558
48.854784580498865,,,,,2.6746378843343452e-08
48.87800453514739,,,,,1.7844296974279616e-06
48.901224489795915,,,,,4.711808330744624e-05
48.92444444444445,,,,,1.716542316000789e-05
48.94766439909297,,,,,0.0016371053043876115
48.970884353741496,,,,,0.005858546614045822
48.99410430839002,,,,,0.0540893599384262
49.017324263038546,,,,,0.18393812694857145
49.04054421768708,,,,,0.039504382512271306
49.0637641723356,,,,,0.012319288322893007
49.08698412698413,,,,,9.965446187677593e-05
49.11020408163265,,,,,2.3146722220043168e-05
49.13342403628118,,,,,2.3032898784179895e-07
49.1566439909297,,,,,0.010444138040135347
49.179863945578234,,,,,6.928582898408674e-06
49.20308390022676,,,,,4.734409521412863e-05
49.22630385487528,,,,,0.0016840825556036123
49.24952380952381,,,,,0.01275125764986487
49.27274376417233,,,,,0.03649124349182481
49.295963718820865,,,,,0.0595384155408614
49.31918367346939,,,,,0.0026596008132724206
49.342403628117914,,,,,0.015778456092964566
49.36562358276644,580.1416661939907,73.78682057635243,74.0,-21.317942364757414,0.011853505394683411
49.388843537414964,563.6261591015351,73.28682057635244,73.0,28.682057635244007,0.06608151270920701
49.412063492063496,557.1523605095193,73.08682057635244,73.0,8.682057635243723,0.10857977072874497
49.43528344671202,553.9433990439315,72.98682057635244,73.0,-1.3179423647557087,0.27960516533635893
49.458503401360545,553.9433990439315,72.98682057635244,73.0,-1.3179423647557087,0.17653060863289743
49.48172335600907,547.5808164368653,72.78682057635243,73.0,-21.317942364757414,0.20650679911775213
49.504943310657595,550.7529198363712,72.88682057635242,73.0,-11.317942364757982,0.27960516533635904
49.52816326530612,550.7529198363712,72.88682057635242,73.0,-11.317942364757982,0.2407543944755742
49.55138321995465,553.9433990439315,72.98682057635244,73.0,-1.3179423647557087,0.17653060863289743
49.574603174603176,553.9433990439315,72.98682057635244,73.0,-1.3179423647557087,0.09203757081218113
49.5978231292517,553.9433990439315,72.98682057635244,73.0,-1.3179423647557087,0.01646758759311301
49.621043083900226,557.1523605095193,73.08682057635244,73.0,8.682057635243723,0.010824463728234167
49.64426303854875,550.7529198363712,72.88682057635242,73.0,-11.317942364757982,0.04069733156888106
49.66748299319728,550.7529198363712,72.88682057635242,73.0,-11.317942364757982,0.04069733156888106
49.69070294784581,560.3799112997665,73.18682057635243,73.0,18.682057635243154,0.018187375734912185
49.71392290249433,560.3799112997665,73.18682057635243,73.0,18.682057635243154,0.020317628556360587
49.73714285714286,573.4781708236496,73.58682057635242,74.0,-41.3179423647577,0.011085791888943373
49.76036281179138,586.8825876509895,73.98682057635241,74.0,-1.3179423647585509,0.010824463728234167
49.783582766439906,597.1411145835567,74.28682057635243,74.0,28.682057635242586,0.020317628556360587
49.80680272108844,,,,,0.00013094869415095347
49.83002267573696,,,,,0.00017211764109952514
49.85324263038549,597.1411145835567,74.28682057635243,74.0,28.682057635242586,0.06608151270920701
49.87646258503401,590.282363895001,74.08682057635244,74.0,8.682057635243723,0.026168028608935755
49.89968253968254,566.8912122255109,73.38682057635243,73.0,38.68205763524344,0.012403124793551348
49.92290249433107,566.8912122255109,73.38682057635243,73.0,38.68205763524344,0.020317628556360583
49.946122448979594,566.8912122255109,73.38682057635243,73.0,38.68205763524344,0.018187375734912182
49.96934240362812,566.8912122255109,73.38682057635243,73.0,38.68205763524344,0.015085587297504338
49.99256235827664,553.9433990439315,72.98682057635244,73.0,-1.3179423647557087,0.010349055133375844
50.01578231292517,563.6261591015351,73.28682057635244,73.0,28.682057635244007,0.010140046044704068
50.03900226757369,560.3799112997665,73.18682057635243,73.0,18.682057635243154,0.01010197459374499
50.062222222222225,580.1416661939907,73.78682057635243,74.0,-21.317942364757414,0.010006178555334078
50.08544217687075,586.8825876509895,73.98682057635241,74.0,-1.3179423647585509,0.01002672467381077
50.108662131519274,586.8825876509895,73.98682057635241,74.0,-1.3179423647585509,0.01000123296498612
50.1318820861678,590.282363895001,74.08682057635244,74.0,8.682057635243723,0.010000078102280324
50.155102040816324,583.5023926772587,73.88682057635242,74.0,-11.317942364757982,0.010000127845232541
50.178321995464856,,,,,0.010000016226422836
50.20154195011338,,,,,0.010000001546553911
50.224761904761905,,,,,0.010001232964985734
50.24798185941043,,,,,0.01014004604470407
50.271201814058955,,,,,0.010467533617069907
50.29442176870748,,,,,0.010259050559778864
50.31764172335601,,,,,0.01000123296498612
50.340861678004536,,,,,0.010018764509769141
50.36408163265306,,,,,0.010013068846238975
50.387301587301586,,,,,0.010001232964986116
50.41052154195011,,,,,0.010006178555334077
50.43374149659864,,,,,0.010018764509769138
50.45696145124717,,,,,0.010140021719217504
50.48018140589569,,,,,0.010139758748528157
50.50340136054422,,,,,0.010047558796742942
50.52662131519274,,,,,0.010003076969529585
50.54984126984127,,,,,0.010000086738905878
50.5730612244898,,,,,0.010009025493342986
50.59628117913832,,,,,0.010073751764282882
50.61950113378685,,,,,0.010467533617069905
50.64272108843537,,,,,0.010622609040911533
50.6659410430839,,,,,0.010191075496968311
50.68916099773243,,,,,0.010191075496968313
50.712380952380954,,,,,0.010006178555334077
50.73560090702948,,,,,0.010018764509769141
50.758820861678004,,,,,0.010467533617069903
50.78204081632653,,,,,0.013100262550513393
50.80526077097505,,,,,0.010018764509748307
50.828480725623585,,,,,0.010073751764089065
50.85170068027211,,,,,0.010026724670320125
50.874920634920635,,,,,0.010001804820925286
50.89814058956916,,,,,0.010002363434953847
50.921360544217684,,,,,6.68770458269491e-08
50.944580498866216,,,,,0.010047559301422385
50.96780045351474,,,,,0.010316005776483487
50.991020408163266,,,,,0.01454081359931729
51.01424036281179,,,,,0.01499649526396117
51.037460317460315,,,,,0.016345252012591207
51.06068027210885,,,,,0.012379783451163119
51.08390022675737,,,,,0.010013066338623618
51.1071201814059,,,,,0.010002747588611959
51.13034013605442,,,,,0.010002361153188399
51.153560090702946,,,,,0.010000091519101802
51.17678004535147,,,,,1.6656841761889487e-08
51.2,,,,,2.2029424940815205e-09
51.22321995464853,,,,,0.010001831989135236
51.24643990929705,,,,,0.010000013718800316
51.26965986394558,,,,,0.010000516719604523
51.2928798185941,,,,,0.010002815825274956
51.316099773242634,,,,,0.010000802780921208
51.33931972789116,,,,,0.010000078101744182
51.36253968253968,,,,,0.010000078100877614
51.38575963718821,,,,,0.010000009286950488
51.40897959183673,,,,,0.01000020633072884
51.43219954648526,,,,,0.010000004850403045
51.45541950113379,,,,,0.010000000631319254
51.478639455782314,,,,,0.010052899331535461
51.50185941043084,,,,,0.010000027850262286
51.525079365079364,,,,,0.010000000009505967
51.54829931972789,,,,,0.010000000000221913
51.57151927437642,,,,,0.010000000208892744
51.594739229024945,,,,,0.0100028158258111
51.61795918367347,,,,,0.010004191052795269
51.641179138321995,,,,,0.01000547581316778
51.66439909297052,,,,,0.010047558035048856
51.687619047619044,,,,,0.010099510651343601
51.710839002267576,,,,,0.010062311421806221
51.7340589569161,,,,,0.010963366679899512
51.757278911564626,,,,,0.0116865831571605
51.78049886621315,,,,,0.010451140430474112
51.803718820861675,,,,,0.01142226603501182
51.82693877551021,,,,,0.01002672465485663
51.85015873015873,,,,,0.010000328596199155
51.87337868480726,,,,,0.01000002262335325
51.89659863945578,,,,,1.563939591032148e-07
51.919818594104306,,,,,0.0006750278030149857
51.94303854875283,,,,,0.00011164702563167602
51.96625850340136,,,,,1.886683772260123e-05
51.98947845804989,,,,,0.010611190899596628
52.01269841269841,,,,,0.010824463728234167
52.03591836734694,,,,,0.020317628556360583
52.05913832199546,,,,,0.040697331568881064
52.082358276643994,,,,,0.04768699308253104
52.10557823129252,,,,,0.06608151270920702
52.128798185941044,,,,,0.03010686179419501
52.15201814058957,,,,,0.011422334250709074
52.17523809523809,,,,,0.01010197459374499
52.19845804988662,,,,,0.01000123296498612
52.22167800453515,,,,,0.01000419105279527
52.244897959183675,,,,,0.010000127845232541
52.2681179138322,,,,,0.010000516719604524
52.291337868480724,,,,,0.010006178555334078
52.31455782312925,,,,,0.010009025493342986
52.33777777777778,,,,,0.010009025493342984
52.360997732426306,,,,,0.010000206339031339
52.38421768707483,,,,,0.010000000101429396
52.407437641723355,,,,,0.010000016226422836
52.43065759637188,,,,,0.010000016226422836
52.453877551020405,,,,,0.010000127845232541
52.47709750566894,,,,,0.010000802780927256
52.50031746031746,,,,,0.010000016184737122
52.523537414965986,,,,,0.010000000814014906
52.54675736961451,,,,,0.010000016225020125
52.569977324263036,,,,,0.010000001546554295
52.59319727891157,,,,,0.010000000101235577
52.61641723356009,,,,,0.010000005216229447
52.63963718820862,,,,,0.01000020633903134
52.66285714285714,,,,,0.010009025493342986
52.68607709750567,,,,,0.01001876450976914
52.70929705215419,,,,,0.010037765502929688
52.73251700680272,,,,,0.01002672467381077
52.75573696145125,,,,,0.01000419105279527
52.77895691609977,,,,,0.010000078102280324
52.8021768707483,,,,,0.010000516719604523
52.82539682539682,,,,,0.010037765502929688
52.848616780045354,,,,,0.010467533617069905
52.87183673469388,,,,,0.010622609040911533
52.895056689342404,,,,,0.010467533617069903
52.91827664399093,,,,,0.01000032860450166
52.94149659863945,,,,,0.0100000470079773
52.964716553287985,,,,,0.010000009287486629
52.98793650793651,,,,,0.01000020633903134
53.011156462585035,,,,,0.010000016226422836
53.03437641723356,,,,,0.010000078102280324
53.057596371882084,,,,,0.010000005216229449
53.08081632653061,,,,,0.010000000003996623
53.10403628117914,,,,,0.010000000021701592
53.127256235827666,,,,,0.010000000009505967
53.15047619047619,,,,,0.010000078102280326
53.173696145124715,,,,,0.010000802780927255
53.19691609977324,,,,,0.01000020633903134
53.22013605442177,,,,,0.01000419105279527
53.2433560090703,,,,,0.010000802780927255
53.26657596371882,,,,,0.0100000470079773
53.289795918367346,,,,,0.010000001546554296
53.31301587301587,,,,,0.0100000092874658
53.336235827664396,,,,,0.010000000101408568
53.35945578231293,,,,,0.010000000417731249
53.38267573696145,,,,,0.010000000805712377
53.40589569160998,,,,,0.01000001551545938
53.4291156462585,,,,,2.678734621671225e-11
53.45233560090703,,,,,1.8635329605074448e-10
53.47555555555556,,,,,9.415566117082736e-09
53.498775510204084,597.1411145835567,74.28682057635243,74.0,28.682057635242586,0.010467533617069905
53.52199546485261,590.282363895001,74.08682057635244,74.0,8.682057635243723,0.011422334250709074
53.54521541950113,590.282363895001,74.08682057635244,74.0,8.682057635243723,0.010349055133375844
53.56843537414966,580.1416661939907,73.78682057635243,74.0,-21.317942364757414,0.010467533617069905
53.59165532879818,580.1416661939907,73.78682057635243,74.0,-21.317942364757414,0.010467533617069905
53.614875283446715,580.1416661939907,73.78682057635243,74.0,-21.317942364757414,0.01010197459374499
53.63809523809524,580.1416661939907,73.78682057635243,74.0,-21.317942364757414,0.010349055133375844
53.661315192743764,590.282363895001,74.08682057635244,74.0,8.682057635243723,0.01019107549696831
53.68453514739229,590.282363895001,74.08682057635244,74.0,8.682057635243723,0.010052967545965857
53.707755102040814,586.8825876509895,73.98682057635241,74.0,-1.3179423647585509,0.010037765502929688
53.730975056689346,576.8002960709314,73.68682057635243,74.0,-31.317942364756846,0.010073751764282884
53.75419501133787,570.1751796098172,73.48682057635243,73.0,48.68205763524287,0.010191075496968311
53.777414965986395,563.6261591015351,73.28682057635244,73.0,28.682057635244007,0.010824463728234167
53.80063492063492,557.1523605095193,73.08682057635244,73.0,8.682057635243723,0.011422334250709074
53.823854875283445,557.1523605095193,73.08682057635244,73.0,8.682057635243723,0.013100262550513395
53.84707482993197,547.5808164368653,72.78682057635243,73.0,-21.317942364757414,0.015085587297504338
53.8702947845805,547.5808164368653,72.78682057635243,73.0,-21.317942364757414,0.02616802860893576
53.893514739229026,547.5808164368653,72.78682057635243,73.0,-21.317942364757414,0.03489742801962526
53.91673469387755,544.4269830085476,72.68682057635243,73.0,-31.317942364756846,0.018187375734912182
53.939954648526076,,,,,0.010001232964986121
53.9631746031746,,,,,0.01000012784523254
53.98639455782313,,,,,0.010000005216229449
54.00961451247166,,,,,0.01001876450976914
54.03283446712018,,,,,0.01010197459374499
54.05605442176871,,,,,0.01001876450976914
54.07927437641723,,,,,0.01001876450976914
54.102494331065756,,,,,0.010000127845232541
54.12571428571429,,,,,0.010000000101429396
54.14893424036281,,,,,0.010000000009505967
54.17215419501134,,,,,0.010000000003996621
54.19537414965986,,,,,0.010000000000221911
54.21859410430839,,,,,0.010000000101429396
54.24181405895692,,,,,0.010000000417925077
54.265034013605444,,,,,0.010000009287486629
54.28825396825397,,,,,0.010000000417925077
54.31147392290249,,,,,0.010000000417925077
54.33469387755102,,,,,0.010000000021701592
54.35791383219954,,,,,0.010000078102280322
54.381133786848075,,,,,0.010000002871100368
54.4043537414966,,,,,0.010000027850262286
54.427573696145124,,,,,0.01000000928748663
54.45079365079365,,,,,0.010000001546554296
54.474013605442174,,,,,0.01000020633903134
54.497233560090706,,,,,0.010000802780921206
54.52045351473923,,,,,0.0100028158258111
54.543673469387755,,,,,0.010001232964986118
54.56689342403628,,,,,0.0100000470079773
54.590113378684805,,,,,0.01000012784523254
54.61333333333334,,,,,0.010013068663792321
54.63655328798186,,,,,0.010006154227481901
54.659773242630386,,,,,0.010018584233835103
54.68299319727891,,,,,0.010008737830108493
54.706213151927436,,,,,0.010001868484245575
54.72943310657596,,,,,0.010001873004326967
54.75265306122449,,,,,0.010001872863559367
54.77587301587302,,,,,0.01000123296496529
54.79909297052154,,,,,0.01000123296498612
54.82231292517007,,,,,0.010004191052795272
54.84553287981859,,,,,0.01002672465485663
54.868752834467124,,,,,0.010258938899918474
54.89197278911565,,,,,0.015021172602176558
54.91519274376417,,,,,0.012098260491083871
54.9384126984127,,,,,0.010027199323300318
54.96163265306122,,,,,0.01018741458799589
54.98485260770975,,,,,0.010052266370740975
55.00807256235828,,,,,0.010257973683223542
55.031292517006804,,,,,0.010013068481222017
55.05451247165533,,,,,0.01000123296498007
55.077732426303854,,,,,0.010000516719602894
55.10095238095238,,,,,0.010000016226422836
55.12417233560091,,,,,0.010001232963583412
55.147392290249435,,,,,0.010000182008941778
55.17061224489796,,,,,0.010001052357876091
55.193832199546485,,,,,0.010006170441147218
55.21705215419501,,,,,0.010101794324407424
55.240272108843534,,,,,0.010101523271208687
55.263492063492066,,,,,0.010002774768272767
55.28671201814059,,,,,0.010000691003892193
55.309931972789116,,,,,0.010000802598475845
55.33315192743764,,,,,0.010000516716113777
55.356371882086165,,,,,0.010000206297345928
55.3795918367347,,,,,0.010000000005589881
55.40281179138322,,,,,0.010000002871100368
55.42603174603175,,,,,0.010000000006007965
55.44925170068027,,,,,0.010000000814008855
55.472471655328796,,,,,0.010000000208892744
55.49569160997732,,,,,0.010000027846771642
55.51891156462585,,,,,0.010000206339031342
55.54213151927438,,,,,0.010001873046012551
55.5653514739229,,,,,0.010037765502929688
55.58857142857143,,,,,0.01002672467381077
55.61179138321995,,,,,0.01000123296498612
55.635011337868484,,,,,0.0100028158258111
55.65823129251701,,,,,0.01010197459374499
55.68145124716553,,,,,0.010052967545965857
55.70467120181406,,,,,0.010052967545965857
55.72789115646258,590.282363895001,74.08682057635244,74.0,8.682057635243723,0.01001876450976914
55.75111111111111,590.282363895001,74.08682057635244,74.0,8.682057635243723,0.010073751764282884
55.77433106575964,586.8825876509895,73.98682057635241,74.0,-1.3179423647585509,0.010052967545965857
55.797551020408164,586.8825876509895,73.98682057635241,74.0,-1.3179423647585509,0.010467533617069905
55.82077097505669,583.5023926772587,73.88682057635242,74.0,-11.317942364757982,0.010073751764282884
55.843990929705214,573.4781708236496,73.58682057635242,74.0,-41.3179423647577,0.01002672467381077
55.86721088435374,590.282363895001,74.08682057635244,74.0,8.682057635243723,0.010622609040911533
55.89043083900227,597.1411145835567,74.28682057635243,74.0,28.682057635242586,0.015085587297504338
55.913650793650795,,,,,6.4429348257932804e-06
55.93687074829932,,,,,0.011422334250709074
55.960090702947845,,,,,3.464927773757746e-07
55.98331065759637,,,,,1.8774078014902545e-10
56.006530612244894,,,,,9.816395401040225e-09
56.029750566893426,,,,,6.221818769880039e-08
56.05297052154195,,,,,2.486655340350807e-08
56.076190476190476,,,,,0.010000802780927255
56.099410430839,,,,,0.010000001546554296
56.122630385487525,,,,,0.010000009287486629
56.14585034013606,,,,,0.010000016226422836
56.16907029478458,,,,,0.010000000814014904
56.19229024943311,,,,,0.0100000470079773
56.21551020408163,,,,,0.01000020633903134
56.23873015873016,,,,,0.010001873046012551
56.26195011337869,,,,,0.010018764509769141
56.28517006802721,,,,,0.010026724673274628
56.30839002267574,,,,,0.010026724673810772
56.33160997732426,,,,,0.010037765502929686
56.35482993197279,,,,,0.01001876450976914
56.37804988662131,,,,,0.010000027850262286
56.401269841269844,,,,,0.010000516719604524
56.42448979591837,,,,,0.01000020633903134
56.447709750566894,,,,,0.010000001546554296
56.47092970521542,,,,,0.010000000101429396
56.49414965986394,,,,,0.010000000009505967
56.517369614512475,,,,,0.010000002871099981
56.540589569161,,,,,0.010000027850256239
56.563809523809525,,,,,0.010000516719602892
56.58702947845805,,,,,0.010000078102280324
56.610249433106574,,,,,0.010000002871100368
56.6334693877551,,,,,0.010000005216229449
56.65668934240363,,,,,0.010000000814014904
56.679909297052156,,,,,0.010000000208892744
56.70312925170068,,,,,0.01000000521622945
56.726349206349205,,,,,0.010000127845038724
56.74956916099773,,,,,0.01000123296498612
56.77278911564626,,,,,0.010001873045946696
56.79600907029479,,,,,0.010000009287292812
56.81922902494331,,,,,0.010000027761657116
56.842448979591836,,,,,0.010000103088968294
56.86566893424036,,,,,0.010008913002398158
56.888888888888886,,,,,0.010052966195202882
56.91210884353742,,,,,0.01000123225401068
56.93532879818594,,,,,0.01000007810174418
56.95854875283447,,,,,0.010000127845232541
56.98176870748299,,,,,0.010000078102280324
57.00498866213152,,,,,0.01000002785026219
57.02820861678005,,,,,0.010000001546554201
57.05142857142857,,,,,0.010000027850262286
57.0746485260771,,,,,0.01000000287110037
57.09786848072562,,,,,0.010000000101429398
57.12108843537415,,,,,0.010000002871100366
57.14430839002267,,,,,0.010000000101429396
57.167528344671204,,,,,0.010000001546554296
57.19074829931973,,,,,0.01000000928748663
57.213968253968254,,,,,0.010000802780927255
57.23718820861678,,,,,0.010000002871100366
57.2604081632653,,,,,0.010000005216229449
57.283628117913835,,,,,0.010000206339031342
57.30684807256236,,,,,0.010000027850262286
57.330068027210885,,,,,0.010000027850262286
57.35328798185941,,,,,0.010000027850262286
57.376507936507934,,,,,0.010000127845232541
57.39972789115646,,,,,0.01002672467381077
57.42294784580499,,,,,0.01001876450976914
57.446167800453516,,,,,0.010000802780927255
57.46938775510204,,,,,0.010000516719604526
57.492607709750565,,,,,0.010000047007977303
57.51582766439909,,,,,0.01000020633903134
57.53904761904762,,,,,0.010000047007977299
57.56226757369615,,,,,0.010000001546554295
57.58548752834467,,,,,0.010000001546554296
57.608707482993196,,,,,0.010009025493342986
57.63192743764172,,,,,0.010006178555334078
57.655147392290246,,,,,0.010000206339029708
57.67836734693878,,,,,0.010002815825811003
57.7015873015873,,,,,0.010000047007977299
57.72480725623583,,,,,0.010000516719604524
57.74802721088435,,,,,0.010009025493342986
57.77124716553288,,,,,0.010140046044704068
57.79446712018141,,,,,0.010052967545965857
57.817687074829934,,,,,0.010037765502929686
57.84090702947846,,,,,0.010013068846238975
57.86412698412698,,,,,0.010101974593744994
57.88734693877551,,,,,0.01010197459374499
57.91056689342403,,,,,0.010101974593724158
57.933786848072565,,,,,0.010191075496968311
57.95700680272109,,,,,0.011422334250709074
57.980226757369614,,,,,0.010622609040911533
58.00344671201814,,,,,0.011085791888943373
58.026666666666664,,,,,0.01002672467381077
58.049886621315196,,,,,0.010000127845232541
58.07310657596372,,,,,0.010013068846238975
58.096326530612245,,,,,0.01000032860450166
58.11954648526077,,,,,0.010000127845232541
58.142766439909295,,,,,0.0100000470079773
58.16598639455783,,,,,0.01000000000950587
58.18920634920635,,,,,0.010000000208892744
58.212426303854876,,,,,0.010000005216229449
58.2356462585034,,,,,0.010000000417925075
58.258866213151926,,,,,0.010000027850262286
58.28208616780045,,,,,0.010000516719604524
58.30530612244898,,,,,0.010000206338965487
58.32852607709751,,,,,0.010009025493342986
58.35174603174603,,,,,0.010009025493342986
58.37496598639456,,,,,0.010191075496968311
58.39818594104308,,,,,0.010824463728234167
58.42140589569161,,,,,0.010622609040911533
58.44462585034014,,,,,0.010622609040911534
58.46784580498866,,,,,0.010013068846238975
58.49106575963719,,,,,0.010018764509769138
58.51428571428571,,,,,0.010000802780927255
58.53750566893424,,,,,0.010000516719604524
58.56072562358277,,,,,0.01000020633903134
58.583945578231294,,,,,0.010000002869697596
58.60716553287982,,,,,0.0100000470079773
58.63038548752834,,,,,0.01000123296498612
58.65360544217687,,,,,0.01000020633903134
58.6768253968254,,,,,0.010004191052795269
58.700045351473925,,,,,0.010001873046012551
58.72326530612245,,,,,0.01000032860450166
58.746485260770974,,,,,0.010259050559778863
58.7697052154195,,,,,0.01002672467381077
58.792925170068024,,,,,0.010349055133375844
58.816145124716556,,,,,0.011422334250709074
58.83936507936508,,,,,0.010052967545965857
58.862585034013605,,,,,0.01010197459374499
58.88580498866213,,,,,0.01010197459374499
58.909024943310655,,,,,0.01001876450976914
58.93224489795919,,,,,0.010009025493342984
58.95546485260771,,,,,0.0100028158258111
58.978684807256236,,,,,0.01001876450976914
59.00190476190476,,,,,0.01002672467381077
59.025124716553286,,,,,0.010000516719604524
59.04834467120181,,,,,0.010000516719604524
59.07156462585034,,,,,0.01000000928748663
59.09478458049887,,,,,0.010000009287486632
59.11800453514739,,,,,0.010000001546554296
59.14122448979592,,,,,0.010000000101429396
59.16444444444444,,,,,0.010000016226422836
59.187664399092974,,,,,0.010000016226422836
59.2108843537415,,,,,0.010000000417925077
59.23410430839002,,,,,0.010000078102280324
59.25732426303855,,,,,0.010000000417925078
59.28054421768707,,,,,0.010000027850262286
59.3037641723356,,,,,0.010000005216229447
59.32698412698413,,,,,0.01000000928748663
59.350204081632654,,,,,0.010000016226422836
59.37342403628118,,,,,0.01000000002170159
59.396643990929704,,,,,0.010000005216229447
59.41986394557823,,,,,0.01000020633903134
59.44308390022676,,,,,0.01000012713404682
59.466303854875285,,,,,1.0098269791656222e-10
59.48952380952381,,,,,1.01412298593566e-10
59.512743764172335,,,,,9.6432893798345e-09
59.53596371882086,,,,,2.801171140483568e-08
59.559183673469384,,,,,6.780201569833112e-06
59.582403628117916,,,,,4.5794302694136285e-05
59.60562358276644,,,,,2.45344197419939e-07
59.628843537414966,,,,,2.48860546971295e-08
59.65206349206349,,,,,1.1249686072603554e-09
59.675283446712015,,,,,5.895100788608109e-09
59.69850340136055,,,,,1.0420634394978019e-07
59.72172335600907,,,,,9.972899237860465e-08
59.7449433106576,,,,,1.5035927887375248e-07
59.76816326530612,,,,,0.01000020633903134
59.791383219954646,,,,,0.01000020633903134
59.81460317460318,,,,,0.010000005216229449
59.8378231292517,,,,,0.01000080027331177
59.86104308390023,,,,,0.01000419105279527
59.88426303854875,,,,,0.010073751764282882
59.90748299319728,,,,,0.010013366859939745
59.9307029478458,,,,,0.01000572637419772
59.953922902494334,,,,,0.010000344897407075
59.97714285714286,,,,,6.717359578091289e-10
60.00036281179138,,,,,0.01000032823948627
60.02358276643991,,,,,0.010000047006574591
60.04680272108843,,,,,0.010000016226422452
60.070022675736965,,,,,0.010000002871100368
60.09324263038549,,,,,0.0100012329635834
60.116462585034014,,,,,0.010000005216163595
60.13968253968254,,,,,0.010000047007971252
60.162902494331064,,,,,0.010000516719604524
60.18612244897959,,,,,0.010001232964986123
60.20934240362812,,,,,0.01000123296498612
60.232562358276645,,,,,0.0100000470079773
60.25578231292517,,,,,0.010000000009505967
60.279002267573695,,,,,0.010000000003996623
60.30222222222222,,,,,0.010000000000023851
60.32544217687075,,,,,0.010000000001606035
60.348662131519276,,,,,0.010000000000023851
60.3718820861678,,,,,0.010000000000075017
60.395102040816326,,,,,0.010000000417925077
60.41832199546485,,,,,0.010000001546554296
60.441541950113375,,,,,0.010000027850262286
60.46476190476191,,,,,0.010000000003996623
60.48798185941043,,,,,0.010000001546554296
60.51120181405896,,,,,0.0100000780939751
60.53442176870748,,,,,0.010000205626394875
60.55764172335601,,,,,0.01000279105988736
60.58086167800454,,,,,0.010000327253289863
60.60408163265306,,,,,0.010000000814008855
60.62730158730159,,,,,0.010000001538239076
60.65052154195011,,,,,0.010000002158381793
60.67374149659864,,,,,1.9943702449578016e-09
60.69696145124716,,,,,0.01000606686038513
60.720181405895694,,,,,0.010001166175185603
60.74340136054422,,,,,1.9667574034044986e-13
60.766621315192744,,,,,2.792640568501341e-14
60.78984126984127,,,,,7.709830662311375e-14
60.81306122448979,,,,,0.010000000000023851
60.836281179138325,,,,,0.010000000000000439
60.85950113378685,,,,,0.010000000009505967
60.882721088435375,,,,,0.010000000208892744
60.9059410430839,,,,,0.010000000000000439
60.929160997732424,,,,,0.010000000417925075
60.95238095238095,,,,,0.010000000047726023
60.97560090702948,,,,,0.010000000000221911
60.998820861678006,,,,,0.0100000000000754
61.02204081632653,,,,,0.010000000009505967
61.045260770975055,,,,,0.010000000003996623
61.06848072562358,,,,,0.010000000047726025
61.09170068027211,,,,,0.01000000002170159
61.11492063492064,,,,,0.010000000000023851
61.13814058956916,,,,,0.010000000000006923
61.161360544217686,,,,,0.0100000470079773
61.18458049886621,,,,,0.010000127845232541
61.207800453514736,,,,,0.010000016226422838
61.23102040816327,,,,,0.01000000928748663
61.25424036281179,,,,,0.010000016226422836
61.27746031746032,,,,,0.010000001546554296
61.30068027210884,,,,,0.010000000000023851
61.32390022675737,,,,,0.01000000000061386
61.3471201814059,,,,,0.010000000814014904
61.37034013605442,,,,,0.010000000047726025
61.39356009070295,,,,,0.010000005216229449
61.41678004535147,,,,,0.01000000928748663
61.44,,,,,0.010000009287486629
61.46321995464853,,,,,0.01000020633903134
61.486439909297054,,,,,0.010013068846238975
61.50965986394558,,,,,0.010191075496968311
61.532879818594104,,,,,0.01000032860450166
61.55609977324263,,,,,0.010000002871100368
61.57931972789115,,,,,0.010000127845232541
61.602539682539685,,,,,0.010000328604501662
61.62575963718821,,,,,0.010000001546554296
61.648979591836735,,,,,0.010000002871100368
61.67219954648526,,,,,0.010000001546554298
61.695419501133784,,,,,0.010000000417925077
61.718639455782316,,,,,0.01000000928748663
61.74185941043084,,,,,0.010001873046012551
61.765079365079366,,,,,0.0100000470079773
61.78829931972789,,,,,0.010000001546554296
61.811519274376415,,,,,0.010000000208892744
61.83473922902494,,,,,0.010000000101429396
61.85795918367347,,,,,0.010013068846238975
61.881179138322,,,,,0.010052967545965857
61.90439909297052,,,,,0.010052967545965857
61.92761904761905,,,,,0.01002672467381077
61.95083900226757,,,,,0.010009025493342986
61.9740589569161,,,,,0.01000123296498612
61.99727891156463,,,,,0.010000127845232541
62.02049886621315,,,,,0.0100000470079773
62.04371882086168,,,,,0.010000016226422836
62.0669387755102,,,,,0.0100028158258111
62.09015873015873,,,,,0.01000123296498612
62.11337868480726,,,,,0.010000127845232541
62.136598639455784,,,,,0.010000078102280324
62.15981859410431,,,,,0.010000027850262286
62.18303854875283,,,,,0.010000002871100368
62.20625850340136,,,,,0.010000002871100368
62.22947845804989,,,,,0.0100028158258111
62.252698412698415,,,,,0.010000802780927255
62.27591836734694,,,,,0.010000127845232541
62.299138321995464,,,,,0.010000802780927255
62.32235827664399,,,,,0.010000516719604524
62.345578231292514,,,,,0.010259050559778863
62.368798185941046,,,,,0.010467533617069905
62.39201814058957,,,,,0.010140046044704068
62.415238095238095,,,,,0.010349055133375844
62.43845804988662,,,,,0.01001876450976914
62.461678004535145,,,,,0.01000419105279527
62.48489795918368,,,,,0.010009025493342986
62.5081179138322,,,,,0.010006178555334078
62.531337868480726,,,,,0.010000027850262286
62.55455782312925,,,,,0.0100000470079773
62.577777777777776,,,,,0.010000002871100368
62.6009977324263,,,,,0.01000000928748663
62.62421768707483,,,,,0.010140046044704068
62.64743764172336,,,,,0.010140046044704068
62.67065759637188,,,,,0.01000032860450166
62.69387755102041,,,,,0.010000000009505967
62.71709750566893,,,,,0.010000001546554296
62.74031746031746,,,,,0.010000027850262286
62.76353741496599,,,,,0.010000005216229449
62.78675736961451,,,,,0.010000000021701592
62.80997732426304,,,,,0.01000419105279527
62.83319727891156,,,,,0.010006178555334078
62.85641723356009,,,,,0.01002672467381077
62.87963718820862,,,,,0.010191075496968311
62.902857142857144,,,,,0.010013068846238975
62.92607709750567,,,,,0.01000020633903134
62.94929705215419,,,,,0.010000000417925077
62.97251700680272,,,,,0.010000000021701592
62.99573696145125,,,,,0.010000000000613862
63.018956916099775,,,,,0.010000000001606035
63.0421768707483,,,,,0.010000000814014906
63.065396825396824,,,,,0.010000005216229449
63.08861678004535,,,,,0.010000001546554296
63.111836734693874,,,,,0.010000001546554296
63.135056689342406,,,,,0.010000000000221913
63.15827664399093,,,,,0.010000001546554296
63.181496598639455,,,,,0.010000000417925077
63.20471655328798,,,,,0.010000000814014906
63.227936507936505,,,,,0.010000000101429396
63.25115646258504,,,,,0.010000000208892745
63.27437641723356,,,,,0.010000027850241454
63.297596371882086,,,,,0.010000000021701592
63.32081632653061,,,,,0.010000000047726025
63.344036281179136,,,,,0.010000016226422838
63.36725623582767,,,,,0.010000000000075402
63.39047619047619,,,,,0.01000000000061386
63.41369614512472,,,,,0.010000000000001869
63.43691609977324,,,,,0.010000000001606037
63.46013605442177,,,,,0.010000000021701592
63.48335600907029,,,,,0.010000000009505966
63.506575963718824,,,,,0.01000000287110037
63.52979591836735,,,,,0.010000000003996623
63.55301587301587,,,,,0.01000000000061386
63.5762358276644,,,,,0.010000000000221911
63.59945578231292,,,,,0.010000000009505967
63.622675736961455,,,,,0.010000000009505967
63.64589569160998,,,,,0.010000000009505966
63.669115646258504,,,,,0.010000000003996621
63.69233560090703,,,,,0.010000000000023851
63.715555555555554,,,,,0.010000000001606035
63.73877551020408,,,,,0.01
63.76199546485261,,,,,0.010000000001606035
63.785215419501135,,,,,0.010000000000023851
63.80843537414966,,,,,0.010000000001606035
63.831655328798185,,,,,0.010000000000613858
63.85487528344671,,,,,0.010000000000221913
63.87809523809524,,,,,0.0100000000000754
63.901315192743766,,,,,0.010000000000001867
63.92453514739229,,,,,0.010000000000000439
63.947755102040816,,,,,0.01
63.97097505668934,,,,,0.01
63.994195011337865,,,,,0.01
64.01741496598639,,,,,0.010000000000006925
