time_s,f0_hz,midi,nearest_midi,cents_deviation,voiced_prob
0.0,,,,,2.3057760289025847e-07
0.023219954648526078,,,,,0.01000032860450166
0.046439909297052155,,,,,0.010000516719604524
0.06965986394557823,,,,,0.010000078102280324
0.09287981859410431,,,,,0.010013068846238975
0.11609977324263039,,,,,0.010349055133375843
0.13931972789115646,,,,,0.010073751764282884
0.16253968253968254,,,,,0.010026724673810768
0.18575963718820862,,,,,0.01001876450976914
0.2089795918367347,,,,,0.010001873046012551
0.23219954648526078,,,,,0.01000187304601255
0.25541950113378686,,,,,0.010000078102280324
0.2786394557823129,,,,,0.010000802780927253
0.301859410430839,,,,,0.010000328604501658
0.3250793650793651,,,,,0.010000078102280324
0.34829931972789113,,,,,0.0100000470079773
0.37151927437641724,,,,,0.010000002871100366
0.3947392290249433,,,,,0.0100000470079773
0.4179591836734694,,,,,0.010000047007977303
0.44117913832199546,,,,,0.010000206339031342
0.46439909297052157,,,,,0.010000516719604524
0.4876190476190476,,,,,0.010000047007977299
0.5108390022675737,,,,,0.010000000814014908
0.5340589569160997,,,,,0.010000016226422834
0.5572789115646258,,,,,0.010000127845232541
0.5804988662131519,,,,,0.010006178555334078
0.603718820861678,,,,,0.010000027850262286
0.626938775510204,,,,,0.010000027850262286
0.6501587301587302,,,,,0.010001232964986118
0.6733786848072563,,,,,0.010001873046012553
0.6965986394557823,,,,,0.010000027850262284
0.7198185941043084,,,,,0.01000000928748663
0.7430385487528345,,,,,0.010000000101429396
0.7662585034013606,,,,,0.010000516719604524
0.7894784580498866,,,,,0.010000016226422836
0.8126984126984127,,,,,0.010000005216229449
0.8359183673469388,,,,,0.010000027850262286
0.8591383219954648,,,,,0.01000000928748663
0.8823582766439909,,,,,0.010000000208892742
0.905578231292517,,,,,0.010000000417925077
0.9287981859410431,,,,,0.010000005216229449
0.9520181405895691,,,,,0.01000007810228032
0.9752380952380952,,,,,0.010000000101429395
0.9984580498866213,,,,,0.010000000000221913
1.0216780045351475,,,,,0.010000005216229449
1.0448979591836736,,,,,0.01000000928748663
1.0681179138321995,,,,,0.01000123296498612
1.0913378684807256,,,,,0.010009025493342986
1.1145578231292517,,,,,0.01000032860450166
1.1377777777777778,,,,,0.01000020633903134
1.1609977324263039,,,,,0.01000000287110037
1.18421768707483,,,,,0.010000005216229449
1.207437641723356,,,,,0.010000016226422836
1.230657596371882,,,,,0.010000328604501658
1.253877551020408,,,,,0.01000123296498612
1.2770975056689342,,,,,0.01000020633903134
1.3003174603174603,,,,,0.01000419105279527
1.3235374149659864,,,,,0.010000516719604524
1.3467573696145125,,,,,0.01000051663099284
1.3699773242630386,,,,,0.010006178555334077
1.3931972789115645,,,,,0.010004191052795269
1.4164172335600906,,,,,0.010018764509769141
1.4396371882086167,,,,,0.010013068846238976
1.4628571428571429,,,,,0.010073751764282884
1.486077097505669,,,,,0.010622609040911531
1.509297052154195,,,,,0.012403124793551348
1.5325170068027212,,,,,0.012403124793551348
1.555736961451247,,,,,0.010622609040911531
1.5789569160997732,,,,,0.010026724673810774
1.6021768707482993,,,,,0.01001876450976914
1.6253968253968254,,,,,0.010052967545965855
1.6486167800453515,,,,,0.010467533617069903
1.6718367346938776,,,,,0.013100262550513393
1.6950566893424037,,,,,0.018187375734912182
1.7182766439909296,,,,,0.013100262550513395
1.7414965986394557,,,,,0.011085791888943371
1.7647165532879818,,,,,0.010349055133369799
1.787936507936508,,,,,0.01002672466550827
1.811156462585034,,,,,0.010001873004328699
1.8343764172335602,,,,,0.010000802598480515
1.8575963718820863,,,,,0.0100028158258111
1.8808163265306121,,,,,0.01000032860450166
1.9040362811791383,,,,,0.010000046989022439
1.9272562358276644,,,,,0.010000002869697369
1.9504761904761905,,,,,0.010000002869697619
1.9736961451247166,,,,,0.010000000814014906
1.9969160997732427,,,,,0.010000005216229449
2.020136054421769,,,,,0.010000001546554296
2.043356009070295,,,,,0.010000000047705194
2.066575963718821,,,,,0.010000047007977205
2.089795918367347,,,,,0.010000127826278305
2.1130158730158732,,,,,0.010000078013688747
2.136235827664399,,,,,0.010000802415846218
2.159455782312925,,,,,0.010000802069786001
2.182675736961451,,,,,0.010000009287420777
2.2058956916099772,,,,,0.010000009287486535
2.2291156462585033,,,,,0.010000206338837515
2.2523356009070294,,,,,0.01000002785006846
2.2755555555555556,,,,,0.010000328562714246
2.2987755102040817,,,,,0.010000516677820117
2.3219954648526078,,,,,0.010001873045476409
2.345215419501134,,,,,0.010052967542475212
2.36843537414966,,,,,0.010052967545959808
2.391655328798186,,,,,0.010101974593551171
2.414875283446712,,,,,0.010018764509748307
2.4380952380952383,,,,,0.010013068846232927
2.461315192743764,,,,,0.010001873046006504
2.48453514739229,,,,,0.010000802780921208
2.507755102040816,,,,,0.0100028158258111
2.5309750566893423,,,,,0.01000419105279527
2.5541950113378684,,,,,0.010001873046012166
2.5774149659863945,,,,,0.010002815825809468
2.6006349206349206,,,,,0.01002672430872769
2.6238548752834467,,,,,0.010013068481157938
2.647074829931973,,,,,0.010000206339010508
2.670294784580499,,,,,0.01000080277952454
2.693514739229025,,,,,0.010000516719598476
2.716734693877551,,,,,0.01001306882728482
2.7399546485260773,,,,,0.010000191903157317
2.7631746031746034,,,,,5.882034847431231e-12
2.786394557823129,,,,,3.4886891637829247e-10
2.809614512471655,,,,,9.536780271610277e-09
2.8328344671201813,,,,,3.397037819866204e-09
2.8560544217687074,,,,,1.0602901153439468e-08
2.8792743764172335,,,,,1.6592319311548654e-08
2.9024943310657596,,,,,3.982616126934462e-08
2.9257142857142857,,,,,1.1197144977874381e-09
2.948934240362812,,,,,5.7021725313861465e-09
2.972154195011338,,,,,6.96738482846657e-08
2.995374149659864,,,,,1.598287639127633e-07
3.01859410430839,,,,,3.5686797967861465e-07
3.0418140589569163,,,,,6.085309786183387e-09
3.0650340136054424,,,,,1.9604747276467784e-09
3.0882539682539685,,,,,1.976517475986708e-09
3.111473922902494,,,,,5.7726549912415e-12
3.1346938775510202,,,,,6.28423292014145e-10
3.1579138321995464,,,,,1.9669067323074653e-09
3.1811337868480725,,,,,0.010000205627835613
3.2043537414965986,,,,,0.010000801429741498
3.2275736961451247,,,,,0.010000794668027734
3.250793650793651,,,,,0.010001868490071305
3.274013605442177,,,,,0.010000113649050235
3.297233560090703,,,,,6.715343063460144e-10
3.320453514739229,,,,,0.010000014341144252
3.3436734693877552,,,,,7.050465911903514e-10
3.3668934240362813,,,,,5.700846673442173e-09
3.3901133786848074,,,,,9.404385446328296e-09
3.4133333333333336,,,,,5.36694865614207e-11
3.436553287981859,,,,,1.1590254815268108e-09
3.4597732426303853,,,,,0.010008845224239239
3.4829931972789114,,,,,0.0100130005577836
3.5062131519274375,,,,,0.010073683538974386
3.5294331065759637,,,,,0.010018582796374237
3.5526530612244898,,,,,6.500114534305928e-10
3.575873015873016,,,,,6.686327452712013e-10
3.599092970521542,,,,,6.404077962577076e-10
3.622312925170068,,,,,1.1301822592724602e-09
3.645532879818594,,,,,1.1189603915418664e-09
3.6687528344671203,,,,,1.0391945448971094e-10
3.6919727891156464,,,,,0.010000126491163804
3.7151927437641725,,,,,0.010000314170991597
3.7384126984126986,,,,,0.010000078102280324
3.7616326530612243,,,,,0.010037765502929688
3.7848526077097504,,,,,0.0100028158258111
3.8080725623582765,,,,,0.010013068846238975
3.8312925170068026,,,,,0.010467533617069903
3.8545124716553287,,,,,0.01185350539468341
3.877732426303855,,,,,0.01025902623487542
3.900952380952381,,,,,0.010349054422412896
3.924172335600907,,,,,0.0103490551298852
3.947392290249433,,,,,0.010259050559778765
3.9706122448979593,,,,,0.01010197459374499
3.9938321995464854,,,,,0.010037765502929688
4.017052154195011,,,,,0.010467533617069903
4.040272108843538,,,,,0.011085791888943375
4.063492063492063,,,,,0.011085791888943375
4.08671201814059,,,,,0.010259050559778864
4.1099319727891155,,,,,0.01010197459374499
4.133151927437642,,,,,0.01007375139925458
4.156371882086168,,,,,0.010073751399265474
4.179591836734694,,,,,0.0101019742287296
4.20281179138322,,,,,0.010191072989352758
4.2260317460317465,,,,,0.011085777716806487
4.249251700680272,,,,,0.011422309926324736
4.272471655328798,,,,,0.012402673491024328
4.295691609977324,,,,,0.010348353960930982
4.31891156462585,,,,,0.01002506618446625
4.342131519274377,,,,,0.010001170248356835
4.365351473922902,,,,,0.010037724444538525
4.388571428571429,,,,,0.010001232782539466
4.4117913832199545,,,,,0.010140046044703973
4.435011337868481,,,,,0.010622609040911533
4.458231292517007,,,,,0.010622609040911533
4.481451247165533,,,,,0.011853505394683413
4.504671201814059,,,,,0.013100262550513395
4.527891156462585,,,,,0.011853505394683415
4.551111111111111,,,,,0.013100262550513397
4.574331065759637,,,,,0.011422334250709074
4.597551020408163,,,,,0.012403124793551348
4.620770975056689,,,,,0.01508558729750434
4.6439909297052155,,,,,0.011085791888943371
4.667210884353741,,,,,0.011085791888943373
4.690430839002268,,,,,0.010259050559778863
4.713650793650793,,,,,0.010259050559778863
4.73687074829932,,,,,0.010073751764282884
4.760090702947846,,,,,0.01002672467381077
4.783310657596372,,,,,0.010824463728234167
4.806530612244898,,,,,0.01240312479355135
4.829750566893424,,,,,0.011422334250709073
4.85297052154195,,,,,0.010622609040911533
4.876190476190477,,,,,0.010004191052793638
4.899410430839002,,,,,0.010004191011109859
4.922630385487528,,,,,0.010037762994478491
4.9458503401360545,,,,,0.01000020633903134
4.96907029478458,,,,,0.010000078102280324
4.992290249433107,,,,,7.513940289312007e-14
5.015510204081632,,,,,4.843694072157699e-13
5.038730158730159,,,,,0.01000000016656663
5.061950113378685,,,,,0.010000001457965459
5.085170068027211,,,,,0.010000801427258068
5.108390022675737,,,,,0.010001163871429913
5.131609977324263,,,,,0.010001803690156658
5.154829931972789,,,,,6.22173705384215e-08
5.178049886621316,,,,,3.5164464580094467e-10
5.201269841269841,,,,,3.524945769079e-10
5.224489795918367,,,,,0.01000020633903134
5.2477097505668935,,,,,0.01000032860450166
5.270929705215419,,,,,0.010006178555334078
5.294149659863946,,,,,0.010000516719604524
5.317369614512471,,,,,0.01000020633903134
5.340589569160998,,,,,0.010000127845232541
5.363809523809524,,,,,0.010000516719604526
5.38702947845805,,,,,0.010001232876380975
5.410249433106576,,,,,0.010000516354100465
5.433469387755102,,,,,0.010000328603098954
5.456689342403628,,,,,0.01000000675502613
5.479909297052155,,,,,0.01000032860450166
5.50312925170068,,,,,0.010000802780927255
5.526349206349207,,,,,0.010001000374451468
5.5495691609977325,,,,,1.1066776423902674e-06
5.572789115646258,,,,,2.266340404319153e-07
5.596009070294785,,,,,2.2663258506033243e-07
5.61922902494331,597.1411145835567,74.28682057635243,74.0,28.682057635242586,0.01010197459374499
5.642448979591837,597.1411145835567,74.28682057635243,74.0,28.682057635242586,0.015085587297504338
5.6656689342403626,597.1411145835567,74.28682057635243,74.0,28.682057635242586,0.020317628556360583
5.688888888888889,590.282363895001,74.08682057635244,74.0,8.682057635243723,0.040697331568881064
5.712108843537415,597.1411145835567,74.28682057635243,74.0,28.682057635242586,0.04069733156888106
5.735328798185941,597.1411145835567,74.28682057635243,74.0,28.682057635242586,0.02616802860893576
5.758548752834467,,,,,0.0229442191246386
5.7817687074829935,,,,,0.011085791888943373
5.804988662131519,,,,,0.013980210380185928
5.828208616780046,,,,,0.018179490593915295
5.851428571428571,,,,,0.02604555714166115
5.874648526077097,,,,,0.017778712290686026
5.897868480725624,,,,,0.011681920010160128
5.921088435374149,,,,,7.890740270361284e-05
5.944308390022676,,,,,2.3050339083801942e-05
5.9675283446712015,,,,,0.010029195800079943
5.990748299319728,,,,,0.010005081677354815
6.013968253968254,,,,,9.958549823289651e-08
6.03718820861678,,,,,0.010000165181938301
6.060408163265306,,,,,0.010000027831281446
6.0836281179138325,,,,,0.01000000928748663
6.106848072562358,,,,,0.01000123296498612
6.130068027210885,,,,,0.010467533617069905
6.15328798185941,,,,,0.010622609040911533
6.176507936507937,,,,,0.011422334250709074
6.199727891156463,,,,,0.011853505394683413
6.222947845804988,,,,,0.012403124793551348
6.246167800453515,,,,,0.01398021038018593
6.2693877551020405,,,,,3.157054391698849e-05
6.292607709750567,,,,,0.0001311425901586851
6.315827664399093,,,,,0.0015961577384332173
6.339047619047619,,,,,0.0010809332550012808
6.362267573696145,,,,,0.0016535432909894864
6.3854875283446715,,,,,0.011463355965594111
6.408707482993197,,,,,0.00039345827160463804
6.431927437641724,,,,,0.00010294881216055069
6.455147392290249,,,,,9.94674794167216e-05
6.478367346938776,,,,,9.933054272605306e-05
6.501587301587302,,,,,6.377794905207553e-06
6.524807256235827,593.7018348424381,74.18682057635243,74.0,18.682057635243154,0.02616802860893576
6.548027210884354,576.8002960709314,73.68682057635243,74.0,-31.317942364756846,0.018187375734912182
6.5712471655328795,583.5023926772587,73.88682057635242,74.0,-11.317942364757982,0.012403124793551348
6.594467120181406,580.1416661939907,73.78682057635243,74.0,-21.317942364757414,0.011085791888943373
6.617687074829932,576.8002960709314,73.68682057635243,74.0,-31.317942364756846,0.011853505394683413
6.640907029478458,580.1416661939907,73.78682057635243,74.0,-21.317942364757414,0.011853505394683413
6.664126984126984,583.5023926772587,73.88682057635242,74.0,-11.317942364757982,0.011853505394683413
6.6873469387755105,583.5023926772587,73.88682057635242,74.0,-11.317942364757982,0.011422334250709074
6.710566893424036,,,,,9.40703011206134e-09
6.733786848072563,,,,,6.711959181508146e-08
6.757006802721088,,,,,4.263481026547831e-08
6.780226757369615,,,,,0.01000014834918987
6.8034467120181406,,,,,0.010000127662785803
6.826666666666667,,,,,0.01000020633903134
6.849886621315193,,,,,0.010000078102280324
6.873106575963718,,,,,0.010000016226422834
6.896326530612245,,,,,0.010000016226422836
6.919546485260771,,,,,0.010000000047726023
6.942766439909297,,,,,0.010000005216229449
6.965986394557823,,,,,0.010000516719604524
6.989206349206349,,,,,0.010000516719604524
7.012426303854875,,,,,0.010000802780927255
7.035646258503402,,,,,0.010000009287486629
7.058866213151927,,,,,0.010000000814014906
7.082086167800454,,,,,0.010000016226422834
7.1053061224489795,,,,,6.283771929287312e-10
7.128526077097506,,,,,6.4283588152615784e-12
7.151746031746032,,,,,2.6628141202768957e-11
7.174965986394557,,,,,6.0709336071698246e-12
7.198185941043084,,,,,0.010000038820384928
7.22140589569161,,,,,0.010000516354589263
7.244625850340136,,,,,0.0100028158258111
7.267845804988662,,,,,0.01000020633903134
7.291065759637188,,,,,0.010000001546554296
7.314285714285714,,,,,0.010000027850262288
7.337505668934241,,,,,0.010000027850241452
7.360725623582766,,,,,0.010000016226421202
7.383945578231293,,,,,0.010000000417925075
7.4071655328798185,,,,,0.010000000208892744
7.430385487528345,,,,,0.010000000814014904
7.453605442176871,,,,,0.010000005216229447
7.476825396825397,,,,,0.010000016226422836
7.500045351473923,,,,,0.010000009287480582
7.523265306122449,,,,,0.010000009287420779
7.546485260770975,,,,,0.010001873046012553
7.569705215419501,,,,,0.010000328604501658
7.592925170068027,,,,,0.010009025493342984
7.616145124716553,,,,,0.010000516719068382
7.63936507936508,,,,,0.010000328603965512
7.662585034013605,,,,,0.01000000927918381
7.685804988662132,,,,,0.010000002871100368
7.7090249433106575,,,,,0.010000005216229447
7.732244897959184,,,,,0.010000005216229449
7.75546485260771,,,,,0.010000027850262288
7.778684807256236,,,,,0.0100000470079773
7.801904761904762,,,,,0.010000000101429396
7.825124716553288,,,,,0.010000000101429396
7.848344671201814,,,,,0.010000000003996623
7.87156462585034,,,,,0.010000000009505967
7.894784580498866,,,,,0.010000002871100368
7.918004535147392,,,,,0.010000002871079538
7.9412244897959186,,,,,0.010000005216229449
7.964444444444444,,,,,0.010000000208892744
7.987664399092971,,,,,0.010000002871100368
8.010884353741497,,,,,0.010000047007976916
8.034104308390022,,,,,0.010000206338837515
8.057324263038549,,,,,0.010006178547031529
8.080544217687075,,,,,0.010001232923302017
8.103764172335602,,,,,0.010002815114638684
8.126984126984127,,,,,0.010000205973899187
8.150204081632653,,,,,0.010000508597667249
8.17342403628118,,,,,0.010008984423640635
8.196643990929704,,,,,0.010000075594605137
8.219863945578231,,,,,0.010000015857767696
8.243083900226758,,,,,0.010000027831308144
8.266303854875284,,,,,0.010000206320077198
8.289523809523809,,,,,2.1117229674933303e-10
8.312743764172335,,,,,1.1403260421077923e-09
8.335963718820862,,,,,1.9567685283991974e-09
8.359183673469389,,,,,7.018531411425311e-10
8.382403628117913,,,,,0.010002543540146763
8.40562358276644,,,,,0.01007357154003727
8.428843537414966,,,,,0.01010195026857718
8.452063492063493,,,,,0.010009011320888507
8.475283446712018,,,,,0.010001870537567814
8.498503401360544,,,,,0.01000002748438119
8.52172335600907,,,,,0.010001232956683299
8.544943310657596,,,,,0.010000328604501658
8.568163265306122,,,,,0.010000328604501658
8.591383219954649,,,,,0.01000020633903134
8.614603174603175,,,,,0.0100000470079773
8.6378231292517,,,,,0.010000127845226494
8.661043083900227,,,,,0.01000000081394905
8.684263038548753,,,,,0.010000000047189865
8.70748299319728,,,,,0.010000016222932031
8.730702947845804,,,,,0.010000127756641006
8.753922902494331,,,,,0.010000004844751713
8.777142857142858,,,,,0.010000042450807062
8.800362811791382,,,,,6.397709797267786e-10
8.823582766439909,,,,,0.010000004503895816
8.846802721088435,,,,,0.010000001507042456
8.870022675736962,,,,,3.5179461976251845e-10
8.893242630385487,,,,,0.010000044500249852
8.916462585034013,,,,,0.010001052742251788
8.93968253968254,,,,,0.010000502547381749
8.962902494331066,,,,,0.01000020633762863
8.986122448979591,,,,,0.01000000928748663
9.009342403628118,,,,,0.010000016226422836
9.032562358276644,,,,,0.010000000101429396
9.05578231292517,,,,,0.010000016226422838
9.079002267573696,,,,,0.026168028608935752
9.102222222222222,,,,,0.034897428019625254
9.125442176870749,,,,,0.020317628556360583
9.148662131519274,,,,,0.03010686179419501
9.1718820861678,,,,,0.04060825078058105
9.195102040816327,,,,,0.010800714071845694
9.218321995464853,,,,,0.010000683389709547
9.241541950113378,,,,,3.394689636891019e-07
9.264761904761905,,,,,1.6514845511002576e-08
9.287981859410431,,,,,6.417624118464575e-08
9.311201814058958,,,,,4.2562146866457706e-05
9.334421768707482,,,,,0.012949519724818842
9.357641723356009,,,,,0.046428419328484176
9.380861678004536,,,,,0.10733714222062656
9.404081632653062,,,,,0.029386544235813886
9.427301587301587,,,,,0.014536777800568784
9.450521541950113,,,,,0.06608151270920702
9.47374149659864,535.0740533046461,72.38682057635242,72.0,38.68205763524202,0.04069733156888106
9.496961451247165,535.0740533046461,72.38682057635242,72.0,38.68205763524202,0.05607139544589262
9.520181405895691,531.9922535313842,72.28682057635243,72.0,28.682057635242586,0.10857977072874499
9.543401360544218,528.9282036186955,72.18682057635243,72.0,18.682057635243154,0.09203757081218111
9.566621315192744,528.9282036186955,72.18682057635243,72.0,18.682057635243154,0.06608151270920701
9.58984126984127,528.9282036186955,72.18682057635243,72.0,18.682057635243154,0.07797523762294828
9.613061224489796,531.9922535313842,72.28682057635243,72.0,28.682057635242586,0.016467587593113005
9.636281179138322,528.9282036186955,72.18682057635243,72.0,18.682057635243154,0.015085587297504338
9.659501133786849,528.9282036186955,72.18682057635243,72.0,18.682057635243154,0.030106861794195007
9.682721088435374,525.8818013349058,72.08682057635242,72.0,8.682057635242302,0.022944219124638596
9.7059410430839,528.9282036186955,72.18682057635243,72.0,18.682057635243154,0.04069733156888105
9.729160997732427,528.9282036186955,72.18682057635243,72.0,18.682057635243154,0.07797523762294829
9.752380952380953,525.8818013349058,72.08682057635242,72.0,8.682057635242302,0.06608151270920701
9.775600907029478,525.8818013349058,72.08682057635242,72.0,8.682057635242302,0.10857977072874499
9.798820861678005,522.852945037152,71.98682057635243,72.0,-1.3179423647571298,0.12793708630129033
9.822040816326531,525.8818013349058,72.08682057635242,72.0,8.682057635242302,0.1765306086328975
9.845260770975056,525.8818013349058,72.08682057635242,72.0,8.682057635242302,0.1765306086328975
9.868480725623582,525.8818013349058,72.08682057635242,72.0,8.682057635242302,0.1765306086328975
9.891700680272109,525.8818013349058,72.08682057635242,72.0,8.682057635242302,0.24075439447557417
9.914920634920636,522.852945037152,71.98682057635243,72.0,-1.3179423647571298,0.24075439447557415
9.93814058956916,522.852945037152,71.98682057635243,72.0,-1.3179423647571298,0.20650679911775216
9.961360544217687,522.852945037152,71.98682057635243,72.0,-1.3179423647571298,0.1504646013433388
9.984580498866213,519.8415336679908,71.88682057635243,72.0,-11.317942364756561,0.10857977072874499
10.00780045351474,,,,,0.06608151270920702
10.031020408163265,,,,,0.12793708630129033
10.054240362811791,,,,,0.06608151270920701
10.077460317460318,,,,,0.04069733156888106
10.100680272108843,,,,,0.013100262550513397
10.12390022675737,,,,,0.010009025493342986
10.147120181405896,,,,,0.01010197459374499
10.170340136054422,,,,,0.010037765502929688
10.193560090702947,,,,,0.010622609040911533
10.216780045351474,,,,,0.0003940583726011411
10.24,,,,,0.002582987491998917
10.263219954648527,,,,,0.02662592945885313
10.286439909297052,586.8825876509895,73.98682057635241,74.0,-1.3179423647585509,0.013100262550513395
10.309659863945578,576.8002960709314,73.68682057635243,74.0,-31.317942364756846,0.013100262550513395
10.332879818594105,573.4781708236496,73.58682057635242,74.0,-41.3179423647577,0.012403124793551348
10.356099773242631,580.1416661939907,73.78682057635243,74.0,-21.317942364757414,0.04768699308253104
10.379319727891156,580.1416661939907,73.78682057635243,74.0,-21.317942364757414,0.20650679911775216
10.402539682539683,580.1416661939907,73.78682057635243,74.0,-21.317942364757414,0.32333605839064083
10.425759637188209,583.5023926772587,73.88682057635242,74.0,-11.317942364757982,0.27960516533635904
10.448979591836734,583.5023926772587,73.88682057635242,74.0,-11.317942364757982,0.27960516533635904
10.47219954648526,580.1416661939907,73.78682057635243,74.0,-21.317942364757414,0.24075439447557423
10.495419501133787,580.1416661939907,73.78682057635243,74.0,-21.317942364757414,0.12793708630129036
10.518639455782314,576.8002960709314,73.68682057635243,74.0,-31.317942364756846,0.2065067991177522
10.541859410430838,576.8002960709314,73.68682057635243,74.0,-31.317942364756846,0.279605165336359
10.565079365079365,576.8002960709314,73.68682057635243,74.0,-31.317942364756846,0.20650679911775216
10.588299319727891,576.8002960709314,73.68682057635243,74.0,-31.317942364756846,0.2407543944755742
10.611519274376418,576.8002960709314,73.68682057635243,74.0,-31.317942364756846,0.20650679911775216
10.634739229024943,576.8002960709314,73.68682057635243,74.0,-31.317942364756846,0.07797523762294829
10.65795918367347,573.4781708236496,73.58682057635242,74.0,-41.3179423647577,0.17653060863289743
10.681179138321996,573.4781708236496,73.58682057635242,74.0,-41.3179423647577,0.17653060863289746
10.704399092970522,573.4781708236496,73.58682057635242,74.0,-41.3179423647577,0.2407543944755742
10.727619047619047,573.4781708236496,73.58682057635242,74.0,-41.3179423647577,0.4260623290432809
10.750839002267574,573.4781708236496,73.58682057635242,74.0,-41.3179423647577,0.42606232904328084
10.7740589569161,573.4781708236496,73.58682057635242,74.0,-41.3179423647577,0.3721358982975089
10.797278911564625,576.8002960709314,73.68682057635243,74.0,-31.317942364756846,0.3233360583906408
10.820498866213152,576.8002960709314,73.68682057635243,74.0,-31.317942364756846,0.3721358982975089
10.843718820861678,573.4781708236496,73.58682057635242,74.0,-41.3179423647577,0.27960516533635904
10.866938775510205,573.4781708236496,73.58682057635242,74.0,-41.3179423647577,0.24075439447557417
10.89015873015873,573.4781708236496,73.58682057635242,74.0,-41.3179423647577,0.04069733156888106
10.913378684807256,,,,,0.013100262550513395
10.936598639455783,,,,,0.011422334250709074
10.95981859410431,281.8130795507675,61.28682057635242,61.0,28.682057635241875,0.011853505394683413
10.983038548752834,272.2134915042738,60.68682057635243,61.0,-31.317942364756846,0.015085587297504338
11.00625850340136,262.94090066745287,60.08682057635242,60.0,8.682057635242302,0.03489742801962526
11.029478458049887,264.46410180934777,60.18682057635244,60.0,18.682057635243865,0.04768699308253104
11.052698412698414,264.46410180934777,60.18682057635244,60.0,18.682057635243865,0.06608151270920702
11.075918367346938,267.53702665232305,60.38682057635243,60.0,38.68205763524273,0.056071395445892624
11.099138321995465,269.08685288118863,60.48682057635242,60.0,48.68205763524216,0.04069733156888105
11.122358276643991,270.6456571620635,60.58682057635244,61.0,-41.31794236475628,0.04069733156888105
11.145578231292516,275.3764599181857,60.88682057635244,61.0,-11.31794236475585,0.0229442191246386
11.168798185941043,280.18995564988325,61.186820576352424,61.0,18.682057635242444,0.05607139544589262
11.19201814058957,283.44560611275534,61.386820576352434,61.0,38.68205763524344,0.04069733156888106
11.215238095238096,283.44560611275534,61.386820576352434,61.0,38.68205763524344,0.12793708630129036
11.23845804988662,285.0875898049086,61.48682057635243,61.0,48.68205763524287,0.1504646013433388
11.261678004535147,283.44560611275534,61.386820576352434,61.0,38.68205763524344,0.09203757081218113
11.284897959183674,281.8130795507675,61.28682057635242,61.0,28.682057635241875,0.15046460134333883
11.3081179138322,276.9716995219658,60.986820576352436,61.0,-1.3179423647564192,0.026168028608935755
11.331337868480725,273.7904082184327,60.786820576352426,61.0,-21.317942364757414,0.03010686179419501
11.354557823129252,273.7904082184327,60.786820576352426,61.0,-21.317942364757414,0.011853505394683413
11.377777777777778,,,,,0.010824463728234167
11.400997732426303,,,,,5.094321282878841e-07
11.42421768707483,,,,,9.483336654898749e-09
11.447437641723356,,,,,1.0400688451470427e-10
11.470657596371883,,,,,1.0106543965392557e-10
11.493877551020407,,,,,1.515228728665207e-07
11.517097505668934,,,,,1.704864984807222e-05
11.54031746031746,,,,,0.010157174133012072
11.563537414965987,,,,,0.010237472883799502
11.586757369614512,,,,,0.01013840711960388
11.609977324263038,,,,,0.010467492560154295
11.633197278911565,,,,,0.011422326139023576
11.656417233560092,,,,,0.01240312478524885
11.679637188208616,,,,,0.010018764509768756
11.702857142857143,,,,,0.010018764509768754
11.72607709750567,,,,,0.010006178555334078
11.749297052154194,,,,,0.010004191052774438
11.77251700680272,,,,,0.010002815114850974
11.795736961451247,,,,,0.01000414991222897
11.818956916099774,,,,,0.010026724585198378
11.842176870748299,,,,,0.010026724672408055
11.865396825396825,,,,,0.010073751764262052
11.888616780045352,,,,,0.010037765502929303
11.911836734693878,,,,,0.010004191052789223
11.935056689342403,,,,,0.010001873046012551
11.95827664399093,,,,,0.0100028158258111
11.981496598639456,,,,,0.01010197459374499
12.004716553287983,,,,,0.01002672467381077
12.027936507936507,,,,,0.010004191052793642
12.051156462585034,,,,,0.010026683616933976
12.07437641723356,,,,,0.010036549841586877
12.097596371882085,,,,,0.01000857418286296
12.120816326530612,,,,,0.010037741178002746
12.144036281179138,,,,,0.01000902549334289
12.167256235827665,,,,,0.010006178555313248
12.19047619047619,,,,,0.010001873004328496
12.213696145124716,,,,,0.010000328603965516
12.236916099773243,,,,,0.010000328422054124
12.26013605442177,,,,,0.010006178553931369
12.283356009070294,,,,,0.010018764509703286
12.30657596371882,,,,,0.010013068804543692
12.329795918367347,,,,,0.010009025127636987
12.353015873015874,,,,,0.01000111935461459
12.376235827664399,,,,,2.6892838198385108e-08
12.399455782312925,,,,,1.5324811362541152e-07
12.422675736961452,,,,,2.5510385698883505e-08
12.445895691609977,,,,,2.095148438905673e-09
12.469115646258503,,,,,2.485705816225262e-08
12.49233560090703,,,,,3.517055739977676e-10
12.515555555555556,,,,,2.7558730867462646e-12
12.538775510204081,,,,,2.621739302395384e-12
12.561995464852608,,,,,2.674706477521618e-14
12.585215419501134,,,,,1.2235636871452098e-11
12.60843537414966,,,,,2.5461702894142236e-11
12.631655328798185,,,,,6.399617435173983e-10
12.654875283446712,,,,,0.01000000868923217
12.678095238095239,,,,,2.5243490314316285e-08
12.701315192743763,,,,,1.4956658282391863e-07
12.72453514739229,,,,,5.899132614806098e-09
12.747755102040816,,,,,1.4888223159583324e-07
12.770975056689343,,,,,9.407052148633768e-09
12.794195011337868,,,,,2.55610402489646e-08
12.817414965986394,,,,,0.010000009279540758
12.84063492063492,,,,,3.576166944725147e-10
12.863854875283447,,,,,5.747626660562053e-12
12.887074829931972,,,,,5.051178902360103e-13
12.910294784580499,,,,,2.8149050183948498e-11
12.933514739229025,,,,,2.584653367038743e-11
12.956734693877552,,,,,2.6726539955295006e-12
12.979954648526077,,,,,6.343782506170123e-10
13.003174603174603,,,,,1.5543500767152628e-08
13.02639455782313,,,,,1.0400841487917513e-10
13.049614512471654,,,,,0.010259050559778861
13.072834467120181,,,,,0.011085791888943373
13.096054421768708,,,,,0.013980210380185928
13.119274376417234,,,,,0.016467587593113005
13.142494331065759,,,,,0.011085791888943373
13.165714285714285,,,,,0.010140046044704068
13.188934240362812,310.89022116915385,62.98682057635243,63.0,-1.3179423647571298,0.016051827303978822
13.212154195011339,314.50259153448036,63.18682057635244,63.0,18.682057635243865,0.034481893846533634
13.235374149659863,318.15693562161516,63.38682057635243,63.0,38.68205763524273,0.07766853637871242
13.25859410430839,321.8537411417131,63.58682057635244,64.0,-41.31794236475628,0.024905302349255917
13.281814058956916,323.7182208966152,63.68682057635243,64.0,-31.317942364756846,0.03621747495826172
13.305034013605443,321.8537411417131,63.58682057635244,64.0,-41.31794236475628,0.01482744280156659
13.328253968253968,321.8537411417131,63.58682057635244,64.0,-41.31794236475628,0.021659110126610207
13.351473922902494,320.0,63.48682057635242,63.0,48.68205763524216,0.061614305394950414
13.374693877551021,320.0,63.48682057635242,63.0,48.68205763524216,0.045583622167326227
13.397913832199546,318.15693562161516,63.38682057635243,63.0,38.68205763524273,0.05335987687151029
13.421133786848072,320.0,63.48682057635242,63.0,48.68205763524216,0.06446170132852028
13.444353741496599,320.0,63.48682057635242,63.0,48.68205763524216,0.053969562932783294
13.467573696145125,320.0,63.48682057635242,63.0,48.68205763524216,0.03448899882119364
13.49079365079365,320.0,63.48682057635242,63.0,48.68205763524216,0.018141108325872388
13.514013605442177,316.3244865129268,63.28682057635243,63.0,28.682057635243297,0.010791258730515455
13.537233560090703,316.3244865129268,63.28682057635243,63.0,28.682057635243297,0.010136329607037595
13.56045351473923,,,,,1.5738284738802167e-06
13.583673469387755,,,,,1.2671054098378265e-09
13.606893424036281,,,,,9.871989925421024e-08
13.630113378684808,,,,,0.0100028158258111
13.653333333333334,,,,,0.010000016226422836
13.676553287981859,,,,,0.010000002871100368
13.699773242630386,,,,,0.0100000470079773
13.722993197278912,,,,,0.010001232964986022
13.746213151927437,,,,,0.010000328604501564
13.769433106575963,,,,,0.010001873045991719
13.79265306122449,,,,,0.010000802777436589
13.815873015873017,,,,,0.010006178555313248
13.839092970521541,,,,,0.010001873046012166
13.862312925170068,,,,,0.01000020633903134
13.885532879818594,,,,,0.010000516719604523
13.908752834467121,,,,,0.010009025493342599
13.931972789115646,,,,,0.010009025493322153
13.955192743764172,,,,,0.010000802739243404
13.978412698412699,,,,,0.010000802780927253
14.001632653061224,,,,,0.010000027850262284
14.02485260770975,,,,,0.0100000470079773
14.048072562358277,,,,,0.010000206335540695
14.071292517006803,,,,,6.224008123472647e-08
14.094512471655328,,,,,2.2560481133505655e-07
14.117732426303855,,,,,1.4961380924109096e-07
14.140952380952381,,,,,1.4853424402777872e-07
14.164172335600908,,,,,1.5393597190915234e-08
14.187392290249432,,,,,3.3904546577572963e-07
14.210612244897959,,,,,2.255528186782819e-07
14.233832199546486,,,,,1.48503770239181e-07
14.257052154195012,,,,,5.046726614176179e-07
14.280272108843537,,,,,0.01001710099760431
14.303492063492063,,,,,0.010018583864567642
14.32671201814059,,,,,0.01000279144394221
14.349931972789115,,,,,0.010000127756617058
14.373151927437641,,,,,0.010000047007441153
14.396371882086168,,,,,0.010000206339031339
14.419591836734694,,,,,0.010000802780921208
14.44281179138322,,,,,0.01001876450976914
14.466031746031746,,,,,0.010006178554797934
14.489251700680272,,,,,0.010101970037718025
14.512471655328799,,,,,0.010026265376665202
14.535691609977324,,,,,0.010005296779688814
14.55891156462585,,,,,9.705466245522745e-08
14.582131519274377,,,,,1.9924786895403302e-10
14.605351473922903,,,,,2.517483606274375e-11
14.628571428571428,,,,,9.815488050291113e-11
14.651791383219955,,,,,5.336171846808253e-11
14.675011337868481,,,,,2.0303576324963992e-09
14.698231292517006,,,,,2.765161632422993e-12
14.721451247165533,,,,,1.8635139369928286e-10
14.744671201814059,,,,,0.010000032572876679
14.767891156462586,,,,,0.010000078013667816
14.79111111111111,,,,,0.010000073535503565
14.814331065759637,,,,,0.01000001622635698
14.837551020408164,,,,,0.010000002871100366
14.86077097505669,,,,,0.010000016218117608
14.883990929705215,,,,,0.010000203807369629
14.907210884353741,,,,,0.010000092830702162
14.930430839002268,,,,,0.010000531067475952
14.953650793650795,,,,,0.010010226517818167
14.97687074829932,,,,,0.010036688405250436
15.000090702947846,,,,,0.010190374317419386
15.023310657596372,,,,,0.010052967363518555
15.046530612244897,,,,,0.010002815825809468
15.069750566893424,,,,,0.010009025493341353
15.09297052154195,,,,,0.010000206339031339
15.116190476190477,,,,,0.010000027139065164
15.139410430839002,,,,,0.01000001622622901
15.162630385487528,,,,,0.010000000813949052
15.185850340136055,,,,,0.010000078093958411
15.209070294784581,,,,,0.010000206297251435
15.232290249433106,,,,,0.010000000615936028
15.255510204081633,,,,,6.411021016651335e-10
15.27873015873016,,,,,1.2236652798647834e-11
15.301950113378684,,,,,0.010002815114847272
15.32517006802721,,,,,0.010018756395488543
15.348390022675737,,,,,0.010037762995312264
15.371609977324264,,,,,0.01002672332305113
15.394829931972788,,,,,0.010824463728213335
15.418049886621315,,,,,0.011853505394683413
15.441269841269841,,,,,0.011422334250709074
15.464489795918368,,,,,0.011085791888749556
15.487709750566893,,,,,0.0114223099263117
15.51092970521542,,,,,0.016467583037262982
15.534149659863946,,,,,0.01818737438412409
15.557369614512472,,,,,0.016467587593112912
15.580589569160997,,,,,0.010824463728234167
15.603809523809524,,,,,0.010006178555334078
15.62702947845805,,,,,0.010000328604480828
15.650249433106575,,,,,0.010000000329124552
15.673469387755102,,,,,6.0565258979962906e-12
15.696689342403628,,,,,1.2865175886860068e-12
15.719909297052155,,,,,5.883997766806558e-12
15.74312925170068,,,,,1.2894504993661972e-11
15.766349206349206,,,,,2.0221190905137484e-13
15.789569160997733,,,,,1.2982821653191307e-11
15.81278911564626,,,,,0.010000032650887638
15.836009070294784,,,,,0.010000003214357454
15.85922902494331,,,,,0.01000032789351353
15.882448979591837,,,,,0.010000328239024515
15.905668934240364,,,,,0.010000127836928292
15.928888888888888,,,,,0.010000127845226494
15.952108843537415,,,,,0.010000047004486654
15.975328798185942,,,,,0.01000004691937169
15.998548752834466,,,,,0.010002815460793742
16.021768707482995,,,,,0.010037765502929686
16.04498866213152,,,,,0.010140046044704068
16.068208616780044,,,,,0.010101974593744992
16.091428571428573,,,,,0.01001876450976914
16.114648526077097,,,,,0.01000419101111139
16.137868480725622,,,,,0.010018740185365931
16.16108843537415,,,,,0.01002672467381077
16.184308390022675,,,,,0.010052967545965857
16.207528344671204,,,,,0.01002672467381077
16.23074829931973,,,,,0.01000898443495852
16.253968253968253,,,,,0.010002814475051459
16.27718820861678,,,,,0.01000617855533408
16.300408163265306,,,,,0.01001876450976914
16.32362811791383,,,,,0.010026724673810772
16.34684807256236,,,,,0.010018764509748309
16.370068027210884,,,,,0.010018764509769136
16.39328798185941,,,,,0.01002672467381077
16.416507936507937,,,,,0.01019107549696831
16.439727891156462,,,,,0.010073751764282884
16.46294784580499,,,,,0.010002815825811102
16.486167800453515,,,,,0.010000027850256239
16.50938775510204,,,,,0.010000000097937644
16.532607709750568,,,,,2.8298669713404587e-11
16.555827664399093,,,,,0.010000000376156509
16.579047619047618,,,,,0.010000002688241257
16.602267573696146,,,,,0.010000027850068462
16.62548752834467,,,,,0.010000027850260653
16.648707482993196,,,,,0.01000001622642274
16.671927437641724,,,,,0.010000802780927255
16.69514739229025,,,,,0.010000802780925622
16.718367346938777,,,,,0.010006178555332446
16.741587301587302,,,,,0.010009025493341355
16.764807256235827,,,,,0.010013068846238975
16.788027210884355,,,,,0.0100028158258111
16.81124716553288,,,,,0.010001873046012551
16.834467120181404,,,,,0.010006178555334078
16.857687074829933,,,,,0.010052967545900003
16.880907029478458,,,,,0.01010197459374336
16.904126984126986,,,,,0.010018764509703286
16.92734693877551,,,,,0.01002672467240806
16.950566893424035,,,,,0.010009025491940276
16.973786848072564,,,,,0.010191075478014167
16.99700680272109,,,,,0.010009025474388844
17.020226757369613,,,,,0.010001873045946698
17.04344671201814,,,,,0.010026724673616953
17.066666666666666,,,,,0.01010197457479085
17.08988662131519,,,,,0.010018764509767505
17.11310657596372,,,,,0.010101974593743358
17.136326530612244,,,,,0.01000080278092716
17.159546485260773,,,,,0.01000000928748663
17.182766439909297,,,,,0.010000002871100368
17.205986394557822,,,,,0.010000000814014906
17.22920634920635,,,,,0.010000000814014906
17.252426303854875,,,,,0.010000000208892744
17.2756462585034,,,,,0.010000000101429011
17.29886621315193,,,,,0.010000002871100368
17.322086167800453,,,,,0.010000078102280322
17.345306122448978,,,,,0.010000516719604526
17.368526077097506,,,,,0.010000516719604524
17.39174603174603,,,,,0.010000516719604524
17.41496598639456,,,,,0.010000127845232541
17.438185941043084,,,,,0.010000127845232541
17.46140589569161,,,,,0.01000000287110037
17.484625850340137,,,,,0.010000113420990175
17.507845804988662,,,,,0.010000512157881735
17.531065759637187,,,,,0.010013064288889555
17.554285714285715,,,,,0.01010196042160676
17.57750566893424,,,,,0.010006173999485545
17.600725623582765,,,,,0.010000086283596587
17.623945578231293,,,,,3.3550031348194063e-09
17.647165532879818,,,,,3.572060245087955e-10
17.670385487528346,597.1411145835567,74.28682057635243,74.0,28.682057635242586,0.010000127845232541
17.69360544217687,590.282363895001,74.08682057635244,74.0,8.682057635243723,0.0100000470079773
17.716825396825396,580.1416661939907,73.78682057635243,74.0,-21.317942364757414,0.01000032860450166
17.740045351473924,573.4781708236496,73.58682057635242,74.0,-41.3179423647577,0.01000123296498612
17.76326530612245,566.8912122255109,73.38682057635243,73.0,38.68205763524344,0.0100028158258111
17.786485260770974,566.8912122255109,73.38682057635243,73.0,38.68205763524344,0.010013068846238975
17.809705215419502,563.6261591015351,73.28682057635244,73.0,28.682057635244007,0.010001873046012551
17.832925170068027,563.6261591015351,73.28682057635244,73.0,28.682057635244007,0.010001873046012551
17.856145124716555,570.1751796098172,73.48682057635243,73.0,48.68205763524287,0.010052967545965857
17.87936507936508,573.4781708236496,73.58682057635242,74.0,-41.3179423647577,0.010037765502929688
17.902585034013605,576.8002960709314,73.68682057635243,74.0,-31.317942364756846,0.010037765502929688
17.925804988662133,580.1416661939907,73.78682057635243,74.0,-21.317942364757414,0.01001876450976914
17.949024943310658,,,,,0.010000516719604526
17.972244897959182,,,,,0.01000032860450166
17.99546485260771,,,,,0.010006178555334077
18.018684807256236,,,,,0.010349055133375844
18.04190476190476,,,,,0.010349055133375846
18.06512471655329,,,,,0.010467533617069905
18.088344671201813,,,,,0.010622609040911533
18.11156462585034,,,,,0.010073751764282884
18.134784580498867,,,,,0.0100028158258111
18.15800453514739,,,,,0.010000127844696217
18.18122448979592,,,,,0.01000000809498503
18.204444444444444,,,,,1.649704681019694e-08
18.22766439909297,,,,,1.0077949570034884e-08
18.250884353741498,,,,,0.01001876450976914
18.274104308390022,208.69633116249025,56.08682057635242,56.0,8.682057635242302,0.010824463728234167
18.297324263038547,209.9052967099918,56.18682057635243,56.0,18.682057635243154,0.015085587297504338
18.320544217687075,209.9052967099918,56.18682057635243,56.0,18.682057635243154,0.04768699308253103
18.3437641723356,209.9052967099918,56.18682057635243,56.0,18.682057635243154,0.030106861794195014
18.36698412698413,211.12126572366307,56.286820576352426,56.0,28.682057635242586,0.03489742801962526
18.390204081632653,211.12126572366307,56.286820576352426,56.0,28.682057635242586,0.04065096382075243
18.413424036281178,211.12126572366307,56.286820576352426,56.0,28.682057635242586,0.034832890837303454
18.436643990929706,209.9052967099918,56.18682057635243,56.0,18.682057635243154,0.029984387768201406
18.45986394557823,209.9052967099918,56.18682057635243,56.0,18.682057635243154,0.0298015172128219
18.483083900226756,211.12126572366307,56.286820576352426,56.0,28.682057635242586,0.021699254627252484
18.506303854875284,212.3442787741709,56.386820576352434,56.0,38.68205763524344,0.02886377495110084
18.52952380952381,212.3442787741709,56.386820576352434,56.0,38.68205763524344,0.029698479551027758
18.552743764172334,212.3442787741709,56.386820576352434,56.0,38.68205763524344,0.016421223608584466
18.575963718820862,212.3442787741709,56.386820576352434,56.0,38.68205763524344,0.012400660013418175
18.599183673469387,212.3442787741709,56.386820576352434,56.0,38.68205763524344,0.013979923364968056
18.622403628117915,212.3442787741709,56.386820576352434,56.0,38.68205763524344,0.012402944570959846
18.64562358276644,212.3442787741709,56.386820576352434,56.0,38.68205763524344,0.01818491630272255
18.668843537414965,212.3442787741709,56.386820576352434,56.0,38.68205763524344,0.02031599229551472
18.692063492063493,212.3442787741709,56.386820576352434,56.0,38.68205763524344,0.04759790876485135
18.715283446712018,211.12126572366307,56.286820576352426,56.0,28.682057635242586,0.06553708409213334
18.738503401360543,211.12126572366307,56.286820576352426,56.0,28.682057635242586,0.08638517022336316
18.76172335600907,211.12126572366307,56.286820576352426,56.0,28.682057635242586,0.09439513303305612
18.784943310657596,211.12126572366307,56.286820576352426,56.0,28.682057635242586,0.14358672251513874
18.808163265306124,209.9052967099918,56.18682057635243,56.0,18.682057635243154,0.1813554828119295
18.83138321995465,209.9052967099918,56.18682057635243,56.0,18.682057635243154,0.15478502386846285
18.854603174603174,209.9052967099918,56.18682057635243,56.0,18.682057635243154,0.11381488583298487
18.877823129251702,209.9052967099918,56.18682057635243,56.0,18.682057635243154,0.10142884896119024
18.901043083900227,209.9052967099918,56.18682057635243,56.0,18.682057635243154,0.044210344083090006
18.92426303854875,209.9052967099918,56.18682057635243,56.0,18.682057635243154,0.03001778227296306
18.94748299319728,208.69633116249025,56.08682057635242,56.0,8.682057635242302,0.02594171300805288
18.970702947845805,208.69633116249025,56.08682057635242,56.0,8.682057635242302,0.015084886052791598
18.99392290249433,208.69633116249025,56.08682057635242,56.0,8.682057635242302,0.01240312479355135
19.017142857142858,207.49432874416155,55.98682057635243,56.0,-1.3179423647571298,0.01010197459374499
19.040362811791383,,,,,0.0100028158258111
19.06358276643991,,,,,0.010009025493342986
19.086802721088436,,,,,0.01002672467381077
19.11002267573696,,,,,0.010052967545965857
19.13324263038549,,,,,0.010467533617069905
19.156462585034014,,,,,0.010349055133375844
19.17968253968254,,,,,0.010052967545965857
19.202902494331067,,,,,0.010000516719604523
19.22612244897959,,,,,0.01000020633903134
19.249342403628116,,,,,0.01000001622501785
19.272562358276645,,,,,0.010000009286083859
19.29578231292517,,,,,0.010000000044227863
19.319002267573698,,,,,0.010000005216223403
19.342222222222222,182.73317428972345,53.786820576352426,54.0,-21.317942364757414,0.010000802780861401
19.365442176870747,182.73317428972345,53.786820576352426,54.0,-21.317942364757414,0.01001306884617312
19.388662131519276,181.68070865134038,53.686820576352424,54.0,-31.317942364757556,0.010349055114421704
19.4118820861678,180.63430476898102,53.58682057635243,54.0,-41.31794236475699,0.01185350468372384
19.435102040816325,180.63430476898102,53.58682057635243,54.0,-41.31794236475699,0.010467531109454527
19.458321995464853,178.55954282083573,53.386820576352434,53.0,38.68205763524344,0.010824439403750725
19.481541950113378,178.55954282083573,53.386820576352434,53.0,38.68205763524344,0.012403100469149952
19.504761904761907,177.53111553085517,53.286820576352426,53.0,28.682057635242586,0.013980196208047678
19.52798185941043,177.53111553085517,53.286820576352426,53.0,28.682057635242586,0.03489740369523954
19.551201814058956,177.53111553085517,53.286820576352426,53.0,28.682057635242586,0.02294421841367896
19.574421768707484,176.50861154619943,53.18682057635243,53.0,18.682057635243154,0.020317627205601915
19.59764172335601,178.55954282083573,53.386820576352434,53.0,38.68205763524344,0.018187375023952575
19.620861678004534,178.55954282083573,53.386820576352434,53.0,38.68205763524344,0.012403124793015204
19.644081632653062,179.59392772949968,53.48682057635243,53.0,48.68205763524287,0.013100262549977253
19.667301587301587,179.59392772949968,53.48682057635243,53.0,48.68205763524287,0.011422334250709076
19.690521541950112,178.55954282083573,53.386820576352434,53.0,38.68205763524344,0.010259050559778863
19.71374149659864,178.55954282083573,53.386820576352434,53.0,38.68205763524344,0.01010197459374499
19.736961451247165,178.55954282083573,53.386820576352434,53.0,38.68205763524344,0.010009024142338233
19.760181405895693,179.59392772949968,53.48682057635243,53.0,48.68205763524287,0.010001870503899784
19.783401360544218,180.63430476898102,53.58682057635243,54.0,-41.31794236475699,0.010000512085057561
19.806621315192743,180.63430476898102,53.58682057635243,54.0,-41.31794236475699,0.010000016225020066
19.82984126984127,183.79173679952558,53.88682057635242,54.0,-11.317942364757982,0.0100000470079773
19.853061224489796,190.27313840043536,54.48682057635243,54.0,48.68205763524287,0.010000206339031339
19.87628117913832,193.59905427508681,54.786820576352426,55.0,-21.317942364757414,0.010006178555334078
19.89950113378685,208.69633116249025,56.08682057635242,56.0,8.682057635242302,0.010001873046012553
19.922721088435374,208.69633116249025,56.08682057635242,56.0,8.682057635242302,0.01002672467381077
19.9459410430839,207.49432874416155,55.98682057635243,56.0,-1.3179423647571298,0.010349055133375844
19.969160997732427,206.29924935033267,55.88682057635243,56.0,-11.317942364757272,0.013100262550513395
19.99238095238095,205.11105310731665,55.78682057635243,56.0,-21.317942364756703,0.018187375734912182
20.01560090702948,206.29924935033267,55.88682057635243,56.0,-11.317942364757272,0.020317628556360583
20.038820861678005,206.29924935033267,55.88682057635243,56.0,-11.317942364757272,0.013980210380185926
20.06204081632653,207.49432874416155,55.98682057635243,56.0,-1.3179423647571298,0.01240312479355135
20.085260770975058,207.49432874416155,55.98682057635243,56.0,-1.3179423647571298,0.010824463728234169
20.108480725623583,208.69633116249025,56.08682057635242,56.0,8.682057635242302,0.010349055133375844
20.131700680272107,209.9052967099918,56.18682057635243,56.0,18.682057635243154,0.010259050559778864
20.154920634920636,211.12126572366307,56.286820576352426,56.0,28.682057635242586,0.010259050559778863
20.17814058956916,212.3442787741709,56.386820576352434,56.0,38.68205763524344,0.010824463728234167
20.201360544217685,212.3442787741709,56.386820576352434,56.0,38.68205763524344,0.013980210380185928
20.224580498866214,213.5743766672055,56.48682057635243,56.0,48.68205763524287,0.01818737573491218
20.24780045351474,213.5743766672055,56.48682057635243,56.0,48.68205763524287,0.015085587297504338
20.271020408163267,213.5743766672055,56.48682057635243,56.0,48.68205763524287,0.010622609040911531
20.29424036281179,212.3442787741709,56.386820576352434,56.0,38.68205763524344,0.01002672467381077
20.317460317460316,213.5743766672055,56.48682057635243,56.0,48.68205763524287,0.010000047007977303
20.340680272108845,214.81160044484216,56.58682057635243,57.0,-41.31794236475699,0.010000000208892742
20.36390022675737,230.2293728017312,57.786820576352426,58.0,-21.317942364757414,0.010000000047726025
20.387120181405894,231.5630779904605,57.886820576352434,58.0,-11.317942364756561,0.010000005216208618
20.410340136054423,236.97560836585026,58.286820576352426,58.0,28.682057635242586,0.010004191052793638
20.433560090702947,239.72913230026904,58.48682057635243,58.0,48.68205763524287,0.010052967545429711
20.456780045351476,241.11786903593213,58.58682057635244,59.0,-41.31794236475628,0.010349055125073347
20.48,241.11786903593213,58.58682057635244,59.0,-41.31794236475628,0.015085587297310521
20.503219954648525,241.11786903593213,58.58682057635244,59.0,-41.31794236475628,0.022944219124572746
20.526439909297054,241.11786903593213,58.58682057635244,59.0,-41.31794236475628,0.040697331568880966
20.54965986394558,241.11786903593213,58.58682057635244,59.0,-41.31794236475628,0.03010686179419501
20.572879818594103,241.11786903593213,58.58682057635244,59.0,-41.31794236475628,0.04768699308253104
20.59609977324263,241.11786903593213,58.58682057635244,59.0,-41.31794236475628,0.056071395445892624
20.619319727891156,241.11786903593213,58.58682057635244,59.0,-41.31794236475628,0.09203757081218113
20.64253968253968,239.72913230026904,58.48682057635243,58.0,48.68205763524287,0.12793708630122447
20.66575963718821,239.72913230026904,58.48682057635243,58.0,48.68205763524287,0.15046460134331796
20.688979591836734,239.72913230026904,58.48682057635243,58.0,48.68205763524287,0.0779752376229479
20.712199546485262,238.34839409963237,58.386820576352434,58.0,38.68205763524344,0.04069733156888106
20.735419501133787,238.34839409963237,58.386820576352434,58.0,38.68205763524344,0.018187375734912182
20.758639455782312,238.34839409963237,58.386820576352434,58.0,38.68205763524344,0.0229442191246386
20.78185941043084,238.34839409963237,58.386820576352434,58.0,38.68205763524344,0.016467587593113005
20.805079365079365,239.72913230026904,58.48682057635243,58.0,48.68205763524287,0.013980210380185928
20.82829931972789,239.72913230026904,58.48682057635243,58.0,48.68205763524287,0.011853505394683411
20.851519274376418,239.72913230026904,58.48682057635243,58.0,48.68205763524287,0.010467533617069903
20.874739229024943,238.34839409963237,58.386820576352434,58.0,38.68205763524344,0.010073751764282882
20.897959183673468,238.34839409963237,58.386820576352434,58.0,38.68205763524344,0.010349055133375844
20.921179138321996,236.97560836585026,58.286820576352426,58.0,28.682057635242586,0.010101974593744992
20.94439909297052,238.34839409963237,58.386820576352434,58.0,38.68205763524344,0.010824463728234169
20.96761904761905,238.34839409963237,58.386820576352434,58.0,38.68205763524344,0.010824463728234167
20.990839002267574,238.34839409963237,58.386820576352434,58.0,38.68205763524344,0.012403124793551348
21.0140589569161,239.72913230026904,58.48682057635243,58.0,48.68205763524287,0.015085587297504338
21.037278911564627,239.72913230026904,58.48682057635243,58.0,48.68205763524287,0.012403124793551348
21.060498866213152,239.72913230026904,58.48682057635243,58.0,48.68205763524287,0.011422334250709076
21.083718820861677,238.34839409963237,58.386820576352434,58.0,38.68205763524344,0.010349055133375844
21.106938775510205,238.34839409963237,58.386820576352434,58.0,38.68205763524344,0.010467533617069905
21.13015873015873,238.34839409963237,58.386820576352434,58.0,38.68205763524344,0.010259050559778863
21.153378684807254,238.34839409963237,58.386820576352434,58.0,38.68205763524344,0.010622609040911531
21.176598639455783,238.34839409963237,58.386820576352434,58.0,38.68205763524344,0.010009025493342986
21.199818594104308,211.12126572366307,56.286820576352426,56.0,28.682057635242586,0.010000802780927256
21.223038548752836,208.69633116249025,56.08682057635242,56.0,8.682057635242302,0.010001873046012551
21.24625850340136,208.69633116249025,56.08682057635242,56.0,8.682057635242302,0.010101974593744989
21.269478458049885,208.69633116249025,56.08682057635242,56.0,8.682057635242302,0.010824463728234167
21.292698412698414,208.69633116249025,56.08682057635242,56.0,8.682057635242302,0.010824463728234165
21.31591836734694,209.9052967099918,56.18682057635243,56.0,18.682057635243154,0.013100262550513393
21.339138321995463,212.3442787741709,56.386820576352434,56.0,38.68205763524344,0.013980210380185928
21.36235827664399,212.3442787741709,56.386820576352434,56.0,38.68205763524344,0.018187375734912182
21.385578231292516,211.12126572366307,56.286820576352426,56.0,28.682057635242586,0.01646758759311301
21.408798185941045,208.69633116249025,56.08682057635242,56.0,8.682057635242302,0.016467587593113005
21.43201814058957,206.29924935033267,55.88682057635243,56.0,-11.317942364757272,0.02031762855636058
21.455238095238094,205.11105310731665,55.78682057635243,56.0,-21.317942364756703,0.047686993082531035
21.478458049886623,202.75515172592992,55.58682057635242,56.0,-41.3179423647577,0.0560713908898378
21.501678004535147,201.58736798317972,55.48682057635243,55.0,48.68205763524287,0.02294410742865977
21.524897959183672,200.42631017986048,55.386820576352434,55.0,38.68205763524344,0.020316551528765964
21.5481179138322,199.27193957741167,55.286820576352426,55.0,28.682057635242586,0.010622584686755084
21.571337868480725,201.58736798317972,55.48682057635243,55.0,48.68205763524287,0.010349055125073022
21.59455782312925,203.92970037108196,55.68682057635243,56.0,-31.317942364756846,0.012403124793357529
21.61777777777778,203.92970037108196,55.68682057635243,56.0,-31.317942364756846,0.013980210380185832
21.640997732426303,203.92970037108196,55.68682057635243,56.0,-31.317942364756846,0.01818737573484633
21.66421768707483,205.11105310731665,55.78682057635243,56.0,-21.317942364756703,0.012403124793485492
21.687437641723356,202.75515172592992,55.58682057635242,56.0,-41.3179423647577,0.01007375158183608
21.71065759637188,203.92970037108196,55.68682057635243,56.0,-31.317942364756846,0.010191007279501047
21.73387755102041,208.69633116249025,56.08682057635242,56.0,8.682057635242302,0.010004191044492766
21.757097505668934,208.69633116249025,56.08682057635242,56.0,8.682057635242302,0.010000127845211709
21.78031746031746,209.9052967099918,56.18682057635243,56.0,18.682057635243154,0.01000020633901051
21.803537414965987,209.9052967099918,56.18682057635243,56.0,18.682057635243154,0.010000005216208616
21.826757369614512,246.75373206527053,58.98682057635243,59.0,-1.3179423647571298,0.010000027850262286
21.849977324263037,246.75373206527053,58.98682057635243,59.0,-1.3179423647571298,0.010000802780927255
21.873197278911565,246.75373206527053,58.98682057635243,59.0,-1.3179423647571298,0.01000020633903134
21.89641723356009,187.0043597697993,54.18682057635243,54.0,18.682057635243154,0.010000027850262284
21.91963718820862,211.12126572366307,56.286820576352426,56.0,28.682057635242586,0.010000005216229449
21.942857142857143,209.9052967099918,56.18682057635243,56.0,18.682057635243154,0.011085791888943373
21.966077097505668,212.3442787741709,56.386820576352434,56.0,38.68205763524344,0.022944219124638603
21.989297052154196,213.5743766672055,56.48682057635243,56.0,48.68205763524287,0.034897428019625254
22.01251700680272,213.5743766672055,56.48682057635243,56.0,48.68205763524287,0.06608151270920702
22.035736961451246,214.81160044484216,56.58682057635243,57.0,-41.31794236475699,0.06608151270780431
22.058956916099774,214.81160044484216,56.58682057635243,57.0,-41.31794236475699,0.09203755664004443
22.0821768707483,216.05599138691042,56.68682057635243,57.0,-31.317942364756846,0.0920321744501948
22.105396825396827,218.56644108070327,56.88682057635242,57.0,-11.317942364757982,0.047382075847251647
22.128616780045352,219.83258359329426,56.98682057635243,57.0,-1.3179423647571298,0.05512281505436309
22.151836734693877,221.10606079484415,57.08682057635242,57.0,8.682057635242302,0.06397960977067299
22.175056689342405,219.83258359329426,56.98682057635243,57.0,-1.3179423647571298,0.06337066510975406
22.19827664399093,218.56644108070327,56.88682057635242,57.0,-11.317942364757982,0.0339479620303713
22.221496598639455,218.56644108070327,56.88682057635242,57.0,-11.317942364757982,0.046738476098130574
22.244716553287983,221.10606079484415,57.08682057635242,57.0,8.682057635242302,0.053361801907580116
22.267936507936508,223.6751894686431,57.28682057635243,57.0,28.682057635243297,0.03945494724252187
22.291156462585032,224.97092665957592,57.38682057635243,57.0,38.68205763524273,0.01788248432221491
22.31437641723356,224.97092665957592,57.38682057635243,57.0,38.68205763524273,0.010325708449339884
22.337596371882086,242.5146506416637,58.68682057635243,59.0,-31.317942364756846,0.010004191049304625
22.360816326530614,242.5146506416637,58.68682057635243,59.0,-31.317942364756846,0.010101974593744992
22.38403628117914,242.5146506416637,58.68682057635243,59.0,-31.317942364756846,0.010101974593744989
22.407256235827663,242.5146506416637,58.68682057635243,59.0,-31.317942364756846,0.010191075496968311
22.430476190476192,241.11786903593213,58.58682057635244,59.0,-41.31794236475628,0.01000617855533408
22.453696145124717,213.5743766672055,56.48682057635243,56.0,48.68205763524287,0.010001232964986024
22.47691609977324,213.5743766672055,56.48682057635243,56.0,48.68205763524287,0.010000127845226494
22.50013605442177,222.38691517477395,57.18682057635243,57.0,18.682057635243154,0.01000000519726897
22.523356009070294,,,,,0.010000000013308578
22.54657596371882,,,,,0.010000000208892744
22.569795918367348,,,,,0.01000032860450166
22.593015873015872,,,,,0.010191075496968313
22.6162358276644,,,,,0.010824463728234165
22.639455782312925,251.06691132696022,59.286820576352426,59.0,28.682057635242586,0.010349055133375844
22.66267573696145,252.52132714836532,59.386820576352434,59.0,38.68205763524344,0.010467533617069905
22.68589569160998,252.52132714836532,59.386820576352434,59.0,38.68205763524344,0.010824463726831452
22.709115646258503,252.52132714836532,59.386820576352434,59.0,38.68205763524344,0.011853491219116859
22.732335600907028,252.52132714836532,59.386820576352434,59.0,38.68205763524344,0.013980186050010363
22.755555555555556,251.06691132696022,59.286820576352426,59.0,28.682057635242586,0.01240283770158084
22.77877551020408,252.52132714836532,59.386820576352434,59.0,38.68205763524344,0.01240312479355135
22.801995464852606,252.52132714836532,59.386820576352434,59.0,38.68205763524344,0.011853505394683413
22.825215419501134,253.98416831491193,59.48682057635243,59.0,48.68205763524287,0.011422334250709074
22.84843537414966,253.98416831491193,59.48682057635243,59.0,48.68205763524287,0.011853505394683413
22.871655328798187,262.94090066745287,60.08682057635242,60.0,8.682057635242302,0.011085791888943373
22.894875283446712,261.42647251857596,59.98682057635243,60.0,-1.3179423647571298,0.01240312479355135
22.918095238095237,,,,,0.011422334250709074
22.941315192743765,,,,,0.010349055133375844
22.96453514739229,,,,,0.010073751764282884
22.987755102040815,258.42373337601344,59.78682057635242,60.0,-21.317942364758125,0.010140046044704068
23.010975056689343,258.42373337601344,59.78682057635242,60.0,-21.317942364758125,0.010191075496968313
23.034195011337868,259.92076683399534,59.886820576352434,60.0,-11.317942364756561,0.010824463728234165
23.057414965986396,259.92076683399534,59.886820576352434,60.0,-11.317942364756561,0.010140046044704068
23.08063492063492,261.42647251857596,59.98682057635243,60.0,-1.3179423647571298,0.010000016217968716
23.103854875283446,231.5630779904605,57.886820576352434,58.0,-11.317942364756561,0.010000000631132894
23.127074829931974,228.90334918964132,57.68682057635243,58.0,-31.317942364756846,0.0100028158258111
23.1502947845805,228.90334918964132,57.68682057635243,58.0,-31.317942364756846,0.010349055133375846
23.173514739229024,228.90334918964132,57.68682057635243,58.0,-31.317942364756846,0.013100262550513393
23.196734693877552,230.2293728017312,57.786820576352426,58.0,-21.317942364757414,0.034897428019625254
23.219954648526077,231.5630779904605,57.886820576352434,58.0,-11.317942364756561,0.03489742783712981
23.2431746031746,231.5630779904605,57.886820576352434,58.0,-11.317942364756561,0.018187375734912182
23.26639455782313,231.5630779904605,57.886820576352434,58.0,-11.317942364756561,0.020317628556360583
23.289614512471655,231.5630779904605,57.886820576352434,58.0,-11.317942364756561,0.016467587593113005
23.312834467120183,231.5630779904605,57.886820576352434,58.0,-11.317942364756561,0.034897428019625254
23.336054421768708,230.2293728017312,57.786820576352426,58.0,-21.317942364757414,0.09203757081218113
23.359274376417233,230.2293728017312,57.786820576352426,58.0,-21.317942364757414,0.09203757081218113
23.38249433106576,231.5630779904605,57.886820576352434,58.0,-11.317942364756561,0.0779752376229483
23.405714285714286,230.2293728017312,57.786820576352426,58.0,-21.317942364757414,0.022944219124638603
23.42893424036281,231.5630779904605,57.886820576352434,58.0,-11.317942364756561,0.018187375734912185
23.45215419501134,230.2293728017312,57.786820576352426,58.0,-21.317942364757414,0.01240312479355135
23.475374149659864,231.5630779904605,57.886820576352434,58.0,-11.317942364756561,0.010824463728234169
23.49859410430839,231.5630779904605,57.886820576352434,58.0,-11.317942364756561,0.010140046044704067
23.521814058956917,231.5630779904605,57.886820576352434,58.0,-11.317942364756561,0.010000802780927255
23.54503401360544,231.5630779904605,57.886820576352434,58.0,-11.317942364756561,0.010000009287486629
23.56825396825397,236.97560836585026,58.286820576352426,58.0,28.682057635242586,0.010000000376155902
23.591473922902495,231.5630779904605,57.886820576352434,58.0,-11.317942364756561,0.010000001504407205
23.61469387755102,,,,,0.010000016226422834
23.637913832199548,,,,,0.010000802780927255
23.661133786848072,,,,,0.01000032860450166
23.684353741496597,,,,,0.010001872863309206
23.707573696145126,,,,,0.010011979217905207
23.73079365079365,,,,,3.483037035308053e-06
23.754013605442175,209.9052967099918,56.18682057635243,56.0,18.682057635243154,0.010514177142491829
23.777233560090703,209.9052967099918,56.18682057635243,56.0,18.682057635243154,0.011728937445848922
23.800453514739228,211.12126572366307,56.286820576352426,56.0,28.682057635242586,0.010818978290857205
23.823673469387757,211.12126572366307,56.286820576352426,56.0,28.682057635242586,0.011422334250709074
23.84689342403628,211.12126572366307,56.286820576352426,56.0,28.682057635242586,0.010349055133375843
23.870113378684806,212.3442787741709,56.386820576352434,56.0,38.68205763524344,0.013100262550513393
23.893333333333334,212.3442787741709,56.386820576352434,56.0,38.68205763524344,0.030106861794195007
23.91655328798186,212.3442787741709,56.386820576352434,56.0,38.68205763524344,0.030106861794195007
23.939773242630384,212.3442787741709,56.386820576352434,56.0,38.68205763524344,0.04069733156888105
23.962993197278912,212.3442787741709,56.386820576352434,56.0,38.68205763524344,0.034897428019625254
23.986213151927437,212.3442787741709,56.386820576352434,56.0,38.68205763524344,0.015085587297504338
24.009433106575965,212.3442787741709,56.386820576352434,56.0,38.68205763524344,0.013100262550513395
24.03265306122449,212.3442787741709,56.386820576352434,56.0,38.68205763524344,0.010259050559778863
24.055873015873015,212.3442787741709,56.386820576352434,56.0,38.68205763524344,0.010259050559778863
24.079092970521543,212.3442787741709,56.386820576352434,56.0,38.68205763524344,0.010349055133375843
24.102312925170068,212.3442787741709,56.386820576352434,56.0,38.68205763524344,0.011853505394683411
24.125532879818593,211.12126572366307,56.286820576352426,56.0,28.682057635242586,0.012403124793551348
24.14875283446712,211.12126572366307,56.286820576352426,56.0,28.682057635242586,0.010467533617069907
24.171972789115646,211.12126572366307,56.286820576352426,56.0,28.682057635242586,0.0100028158258111
24.19519274376417,213.5743766672055,56.48682057635243,56.0,48.68205763524287,0.010004191052795269
24.2184126984127,,,,,0.010000127845232541
24.241632653061224,,,,,0.01000419105279527
24.264852607709752,,,,,0.010001873046012551
24.288072562358277,196.9831061351866,55.08682057635243,55.0,8.682057635243012,0.010001873046012551
24.3112925170068,196.9831061351866,55.08682057635243,55.0,8.682057635243012,0.01010197459374499
24.33451247165533,196.9831061351866,55.08682057635243,55.0,8.682057635243012,0.010467533617069905
24.357732426303855,196.9831061351866,55.08682057635243,55.0,8.682057635243012,0.010026724673810772
24.38095238095238,198.12421766039049,55.18682057635243,55.0,18.682057635243154,0.01000419105279527
24.404172335600908,198.12421766039049,55.18682057635243,55.0,18.682057635243154,0.010013068846238975
24.427392290249433,198.12421766039049,55.18682057635243,55.0,18.682057635243154,0.010013068846238975
24.450612244897957,199.27193957741167,55.286820576352426,55.0,28.682057635242586,0.010037765502929686
24.473832199546486,199.27193957741167,55.286820576352426,55.0,28.682057635242586,0.010037765502929688
24.49705215419501,199.27193957741167,55.286820576352426,55.0,28.682057635242586,0.010006178555334078
24.52027210884354,199.27193957741167,55.286820576352426,55.0,28.682057635242586,0.010006178555334077
24.543492063492064,199.27193957741167,55.286820576352426,55.0,28.682057635242586,0.0100028158258111
24.56671201814059,198.12421766039049,55.18682057635243,55.0,18.682057635243154,0.01000419105279527
24.589931972789117,198.12421766039049,55.18682057635243,55.0,18.682057635243154,0.01010197459374499
24.61315192743764,198.12421766039049,55.18682057635243,55.0,18.682057635243154,0.010191075496968311
24.636371882086166,199.27193957741167,55.286820576352426,55.0,28.682057635242586,0.010191075496432164
24.659591836734695,202.75515172592992,55.58682057635242,56.0,-41.3179423647577,0.010037765502908856
24.68281179138322,203.92970037108196,55.68682057635243,56.0,-31.317942364756846,0.010000078102280324
24.706031746031748,202.75515172592992,55.58682057635242,56.0,-41.3179423647577,0.010000002869697603
24.729251700680273,,,,,0.010000000047532206
24.752471655328797,,,,,0.010000000009485137
24.775691609977326,191.3753794779846,54.58682057635242,55.0,-41.3179423647577,0.010000000101429395
24.79891156462585,191.3753794779846,54.58682057635242,55.0,-41.3179423647577,0.010000002871100368
24.822131519274375,190.27313840043536,54.48682057635243,54.0,48.68205763524287,0.010000516719604524
24.845351473922904,188.0876650053774,54.28682057635243,54.0,28.682057635243297,0.01001876450976914
24.86857142857143,188.0876650053774,54.28682057635243,54.0,28.682057635243297,0.01002672467381077
24.891791383219953,187.0043597697993,54.18682057635243,54.0,18.682057635243154,0.010259050559778861
24.91501133786848,185.92729391325432,54.08682057635242,54.0,8.682057635242302,0.010009025493342986
24.938231292517006,182.73317428972345,53.786820576352426,54.0,-21.317942364757414,0.010000516719604526
24.961451247165535,181.68070865134038,53.686820576352424,54.0,-31.317942364757556,0.010004191052795272
24.98467120181406,181.68070865134038,53.686820576352424,54.0,-31.317942364757556,0.010009025493342988
25.007891156462584,180.63430476898102,53.58682057635243,54.0,-41.31794236475699,0.01001876450976914
25.031111111111112,180.63430476898102,53.58682057635243,54.0,-41.31794236475699,0.010073751764282884
25.054331065759637,180.63430476898102,53.58682057635243,54.0,-41.31794236475699,0.010140046044704067
25.077551020408162,179.59392772949968,53.48682057635243,53.0,48.68205763524287,0.010073751764282886
25.10077097505669,188.0876650053774,54.28682057635243,54.0,28.682057635243297,0.010052967545965857
25.123990929705215,188.0876650053774,54.28682057635243,54.0,28.682057635243297,0.010467533617069905
25.14721088435374,188.0876650053774,54.28682057635243,54.0,28.682057635243297,0.011422334250709074
25.170430839002268,179.59392772949968,53.48682057635243,53.0,48.68205763524287,0.011085791888943373
25.193650793650793,181.68070865134038,53.686820576352424,54.0,-31.317942364757556,0.01508558729750434
25.21687074829932,181.68070865134038,53.686820576352424,54.0,-31.317942364757556,0.020317628556360583
25.240090702947846,182.73317428972345,53.786820576352426,54.0,-21.317942364757414,0.0229442191246386
25.26331065759637,182.73317428972345,53.786820576352426,54.0,-21.317942364757414,0.04069733156888106
25.2865306122449,183.79173679952558,53.88682057635242,54.0,-11.317942364757982,0.02031762855636058
25.309750566893424,182.73317428972345,53.786820576352426,54.0,-21.317942364757414,0.012403124793551346
25.33297052154195,183.79173679952558,53.88682057635242,54.0,-11.317942364757982,0.010824463728234167
25.356190476190477,182.73317428972345,53.786820576352426,54.0,-21.317942364757414,0.010073751764282886
25.379410430839002,182.73317428972345,53.786820576352426,54.0,-21.317942364757414,0.01000032860450166
25.402630385487527,,,,,0.010000078102280324
25.425850340136055,,,,,0.010000516719604523
25.44907029478458,,,,,0.010000802780927256
25.472290249433108,,,,,0.010073751764282884
25.495510204081633,,,,,0.010349055133375844
25.518730158730158,,,,,0.010349055133375844
25.541950113378686,,,,,0.011085791888943375
25.56517006802721,,,,,0.010259050559778863
25.588390022675735,,,,,0.010052967545965859
25.611609977324264,,,,,0.010349055133375846
25.63482993197279,,,,,0.011422334250709074
25.658049886621317,,,,,0.011422334250709076
25.68126984126984,,,,,0.011085791888943375
25.704489795918366,,,,,0.010037765502929688
25.727709750566895,,,,,0.0100028158258111
25.75092970521542,,,,,0.01000000521622945
25.774149659863944,,,,,0.010000802780927255
25.797369614512473,,,,,0.010037765502929686
25.820589569160997,,,,,0.010009025493342988
25.843809523809522,,,,,0.010004191052795272
25.86702947845805,,,,,0.010000078102280322
25.890249433106575,,,,,0.010000016226422836
25.913469387755104,,,,,0.010000027850262288
25.93668934240363,,,,,0.010000802780927253
25.959909297052153,,,,,0.010009025493342984
25.98312925170068,,,,,0.010037765502929688
26.006349206349206,,,,,0.010140046044704068
26.02956916099773,,,,,0.01019107549696831
26.05278911564626,,,,,0.010004191052795269
26.076009070294784,,,,,0.010000127845232543
26.09922902494331,,,,,0.010000078102280324
26.122448979591837,,,,,0.01000123296498612
26.145668934240362,,,,,0.01000020633903134
26.16888888888889,,,,,0.010000802780927255
26.192108843537415,,,,,0.01000419105279527
26.21532879818594,,,,,0.010000078102280324
26.23854875283447,,,,,0.010000127845232541
26.261768707482993,,,,,0.01000020633903134
26.284988662131518,,,,,0.010000802780927255
26.308208616780046,,,,,0.010013068846238975
26.33142857142857,,,,,0.010037765502929688
26.354648526077096,,,,,0.010052967545965859
26.377868480725624,,,,,0.010073751764282884
26.40108843537415,,,,,0.01010197459374499
26.424308390022677,,,,,0.01002672467381077
26.447528344671202,,,,,0.010000016226422834
26.470748299319727,,,,,0.010000009287486629
26.493968253968255,,,,,0.010009025493342986
26.51718820861678,,,,,0.010006178555334078
26.540408163265305,,,,,0.010018764509769141
26.563628117913833,194.72056218729455,54.886820576352434,55.0,-11.317942364756561,0.010140046044704067
26.586848072562358,193.59905427508681,54.786820576352426,55.0,-21.317942364757414,0.010259050559778861
26.610068027210886,192.48400577313868,54.68682057635243,55.0,-31.317942364756846,0.013980210380185926
26.63328798185941,191.3753794779846,54.58682057635242,55.0,-41.3179423647577,0.013980210380185928
26.656507936507936,191.3753794779846,54.58682057635242,55.0,-41.3179423647577,0.018187375734912182
26.679727891156464,190.27313840043536,54.48682057635243,54.0,48.68205763524287,0.09203757081218113
26.70294784580499,191.3753794779846,54.58682057635242,55.0,-41.3179423647577,0.0779752376229483
26.726167800453513,191.3753794779846,54.58682057635242,55.0,-41.3179423647577,0.06608151270920701
26.749387755102042,191.3753794779846,54.58682057635242,55.0,-41.3179423647577,0.03489742801962362
26.772607709750567,192.48400577313868,54.68682057635243,55.0,-31.317942364756846,0.011853505394683413
26.79582766439909,192.48400577313868,54.68682057635243,55.0,-31.317942364756846,0.010101974593744989
26.81904761904762,193.59905427508681,54.786820576352426,55.0,-21.317942364757414,0.010073751764282882
26.842267573696144,195.84856692874484,54.98682057635243,55.0,-1.3179423647571298,0.010001873046012551
26.865487528344673,195.84856692874484,54.98682057635243,55.0,-1.3179423647571298,0.010000016226422836
26.888707482993198,193.59905427508681,54.786820576352426,55.0,-21.317942364757414,0.0100000470079773
26.911927437641722,,,,,0.010000027850256239
26.93514739229025,,,,,0.010000516719604141
26.958367346938775,,,,,0.01000080277952424
26.9815873015873,,,,,0.010000009287486534
27.00480725623583,,,,,0.010000009287486247
27.028027210884353,,,,,0.010000002871100368
27.051247165532878,218.56644108070327,56.88682057635242,57.0,-11.317942364757982,0.010191075496968311
27.074467120181406,218.56644108070327,56.88682057635242,57.0,-11.317942364757982,0.010349055133375843
27.09768707482993,219.83258359329426,56.98682057635243,57.0,-1.3179423647571298,0.011422334250709073
27.12090702947846,219.83258359329426,56.98682057635243,57.0,-1.3179423647571298,0.011853505394683413
27.144126984126984,218.56644108070327,56.88682057635242,57.0,-11.317942364757982,0.010824463728234169
27.16734693877551,219.83258359329426,56.98682057635243,57.0,-1.3179423647571298,0.013980210380185928
27.190566893424037,218.56644108070327,56.88682057635242,57.0,-11.317942364757982,0.03010686179419501
27.213786848072562,218.56644108070327,56.88682057635242,57.0,-11.317942364757982,0.04069733156888106
27.237006802721087,217.3075910123714,56.786820576352426,57.0,-21.317942364757414,0.034893767435995295
27.260226757369615,216.05599138691042,56.68682057635243,57.0,-31.317942364756846,0.022944038908295276
27.28344671201814,218.56644108070327,56.88682057635242,57.0,-11.317942364757982,0.015085587297504338
27.30666666666667,217.3075910123714,56.786820576352426,57.0,-21.317942364757414,0.015085587297504338
27.329886621315193,217.3075910123714,56.786820576352426,57.0,-21.317942364757414,0.013980210380185928
27.353106575963718,217.3075910123714,56.786820576352426,57.0,-21.317942364757414,0.015085587297504338
27.376326530612246,214.81160044484216,56.58682057635243,57.0,-41.31794236475699,0.015085587297504338
27.39954648526077,216.05599138691042,56.68682057635243,57.0,-31.317942364756846,0.013100262550513395
27.422766439909296,216.05599138691042,56.68682057635243,57.0,-31.317942364756846,0.013980210380185928
27.445986394557824,216.05599138691042,56.68682057635243,57.0,-31.317942364756846,0.012403124793551348
27.46920634920635,216.05599138691042,56.68682057635243,57.0,-31.317942364756846,0.012403124793551348
27.492426303854874,216.05599138691042,56.68682057635243,57.0,-31.317942364756846,0.013100262550513395
27.515646258503402,214.81160044484216,56.58682057635243,57.0,-41.31794236475699,0.018187375734912182
27.538866213151927,214.81160044484216,56.58682057635243,57.0,-41.31794236475699,0.02031762855636058
27.562086167800455,214.81160044484216,56.58682057635243,57.0,-41.31794236475699,0.030106861794195007
27.58530612244898,214.81160044484216,56.58682057635243,57.0,-41.31794236475699,0.0229442191246386
27.608526077097505,213.5743766672055,56.48682057635243,56.0,48.68205763524287,0.0229442191246386
27.631746031746033,213.5743766672055,56.48682057635243,56.0,48.68205763524287,0.04069733156888106
27.654965986394558,212.3442787741709,56.386820576352434,56.0,38.68205763524344,0.12793708630129036
27.678185941043083,213.5743766672055,56.48682057635243,56.0,48.68205763524287,0.06608151270920702
27.70140589569161,213.5743766672055,56.48682057635243,56.0,48.68205763524287,0.06608151270920702
27.724625850340136,213.5743766672055,56.48682057635243,56.0,48.68205763524287,0.022944219124638603
27.74784580498866,213.5743766672055,56.48682057635243,56.0,48.68205763524287,0.02031762855636058
27.77106575963719,213.5743766672055,56.48682057635243,56.0,48.68205763524287,0.015085587297504336
27.794285714285714,212.3442787741709,56.386820576352434,56.0,38.68205763524344,0.01508558729750434
27.817505668934242,212.3442787741709,56.386820576352434,56.0,38.68205763524344,0.016467587593113002
27.840725623582767,212.3442787741709,56.386820576352434,56.0,38.68205763524344,0.012403124793551346
27.86394557823129,212.3442787741709,56.386820576352434,56.0,38.68205763524344,0.01310022140168296
27.88716553287982,212.3442787741709,56.386820576352434,56.0,38.68205763524344,0.01082446371991146
27.910385487528345,211.12126572366307,56.286820576352426,56.0,28.682057635242586,0.010140046044698021
27.93360544217687,209.9052967099918,56.18682057635243,56.0,18.682057635243154,0.010140046044638213
27.956825396825398,208.69633116249025,56.08682057635242,56.0,8.682057635242302,0.010013068804469855
27.980045351473922,207.49432874416155,55.98682057635243,56.0,-1.3179423647571298,0.010004190329348583
28.003265306122447,208.69633116249025,56.08682057635242,56.0,8.682057635242302,0.010009025493342986
28.026485260770976,207.49432874416155,55.98682057635243,56.0,-1.3179423647571298,0.010052967545965857
28.0497052154195,206.29924935033267,55.88682057635243,56.0,-11.317942364757272,0.010140046044704068
28.07292517006803,206.29924935033267,55.88682057635243,56.0,-11.317942364757272,0.010101974593744989
28.096145124716553,206.29924935033267,55.88682057635243,56.0,-11.317942364757272,0.010009025493342889
28.11936507936508,205.11105310731665,55.78682057635243,56.0,-21.317942364756703,0.010000206339031342
28.142585034013607,207.49432874416155,55.98682057635243,56.0,-1.3179423647571298,0.010000078102280324
28.16580498866213,208.69633116249025,56.08682057635242,56.0,8.682057635242302,0.010000078102280322
28.189024943310656,,,,,0.01000012784523254
28.212244897959184,,,,,0.01003776550292969
28.23546485260771,,,,,0.010073751764282882
28.258684807256238,,,,,0.010467533617069905
28.281904761904762,,,,,0.010026724673810772
28.305124716553287,,,,,0.01003776550292969
28.328344671201815,180.63430476898102,53.58682057635243,54.0,-41.31794236475699,0.011422334250709076
28.35156462585034,180.63430476898102,53.58682057635243,54.0,-41.31794236475699,0.011085791888943373
28.374784580498865,181.68070865134038,53.686820576352424,54.0,-31.317942364757556,0.011853505394683411
28.398004535147393,181.68070865134038,53.686820576352424,54.0,-31.317942364757556,0.010349055133182026
28.421224489795918,182.73317428972345,53.786820576352426,54.0,-21.317942364757414,0.010622609037420874
28.444444444444443,182.73317428972345,53.786820576352426,54.0,-21.317942364757414,0.011853505306094567
28.46766439909297,181.68070865134038,53.686820576352424,54.0,-31.317942364757556,0.010824463017145654
28.490884353741496,181.68070865134038,53.686820576352424,54.0,-31.317942364757556,0.012403124774596673
28.514104308390024,181.68070865134038,53.686820576352424,54.0,-31.317942364757556,0.020317628548057853
28.53732426303855,181.68070865134038,53.686820576352424,54.0,-31.317942364757556,0.04768699304084719
28.560544217687074,180.63430476898102,53.58682057635243,54.0,-41.31794236475699,0.10857977072044248
28.583764172335602,180.63430476898102,53.58682057635243,54.0,-41.31794236475699,0.09203757077049725
28.606984126984127,180.63430476898102,53.58682057635243,54.0,-41.31794236475699,0.0560713954456988
28.63020408163265,180.63430476898102,53.58682057635243,54.0,-41.31794236475699,0.01646758759311291
28.65342403628118,179.59392772949968,53.48682057635243,53.0,48.68205763524287,0.013100262549977251
28.676643990929705,178.55954282083573,53.386820576352434,53.0,38.68205763524344,0.011085791888943373
28.69986394557823,179.59392772949968,53.48682057635243,53.0,48.68205763524287,0.010622608999227649
28.723083900226758,182.73317428972345,53.786820576352426,54.0,-21.317942364757414,0.010001232964985734
28.746303854875283,,,,,0.010000000101408564
28.76952380952381,,,,,0.010000016042200863
28.792743764172336,,,,,3.5019923798046705e-09
28.81596371882086,,,,,1.5653131152022654e-08
28.83918367346939,,,,,1.1266646672823476e-06
28.862403628117914,,,,,1.5914041903980596e-06
28.88562358276644,202.75515172592992,55.58682057635242,56.0,-41.3179423647577,0.010606217239563266
28.908843537414967,202.75515172592992,55.58682057635242,56.0,-41.3179423647577,0.010622609040911531
28.93206349206349,202.75515172592992,55.58682057635242,56.0,-41.3179423647577,0.010622609040911534
28.955283446712016,203.92970037108196,55.68682057635243,56.0,-31.317942364756846,0.011853505394683415
28.978503401360545,205.11105310731665,55.78682057635243,56.0,-21.317942364756703,0.011085791888943373
29.00172335600907,206.29924935033267,55.88682057635243,56.0,-11.317942364757272,0.010052967545965859
29.024943310657598,209.9052967099918,56.18682057635243,56.0,18.682057635243154,0.010101974585442486
29.048163265306123,208.69633116249025,56.08682057635242,56.0,8.682057635242302,0.01001876450976914
29.071383219954647,208.69633116249025,56.08682057635242,56.0,8.682057635242302,0.010037765502735871
29.094603174603176,209.9052967099918,56.18682057635243,56.0,18.682057635243154,0.010018764421163208
29.1178231292517,211.12126572366307,56.286820576352426,56.0,28.682057635242586,0.010101966479767773
29.141043083900225,212.3442787741709,56.386820576352434,56.0,38.68205763524344,0.011085791869989217
29.164263038548754,212.3442787741709,56.386820576352434,56.0,38.68205763524344,0.01508558658641976
29.18748299319728,213.5743766672055,56.48682057635243,56.0,48.68205763524287,0.015085587297504338
29.210702947845807,214.81160044484216,56.58682057635243,57.0,-41.31794236475699,0.01646758759311301
29.23392290249433,214.81160044484216,56.58682057635243,57.0,-41.31794236475699,0.010824463728234167
29.257142857142856,214.81160044484216,56.58682057635243,57.0,-41.31794236475699,0.010073751764282884
29.280362811791385,211.12126572366307,56.286820576352426,56.0,28.682057635242586,0.01000419105279527
29.30358276643991,209.9052967099918,56.18682057635243,56.0,18.682057635243154,0.010000516719604524
29.326802721088434,,,,,0.010000000001606035
29.350022675736962,245.3325351471361,58.88682057635243,59.0,-11.317942364757272,0.01000000928748663
29.373242630385487,245.3325351471361,58.88682057635243,59.0,-11.317942364757272,0.010009025493342988
29.396462585034012,245.3325351471361,58.88682057635243,59.0,-11.317942364757272,0.010467533617069905
29.41968253968254,245.3325351471361,58.88682057635243,59.0,-11.317942364757272,0.01508558729750434
29.442902494331065,246.75373206527053,58.98682057635243,59.0,-1.3179423647571298,0.013100262550513395
29.466122448979593,246.75373206527053,58.98682057635243,59.0,-1.3179423647571298,0.012403124793551348
29.489342403628118,246.75373206527053,58.98682057635243,59.0,-1.3179423647571298,0.013980210380185928
29.512562358276643,245.3325351471361,58.88682057635243,59.0,-11.317942364757272,0.018187375734912185
29.53578231292517,245.3325351471361,58.88682057635243,59.0,-11.317942364757272,0.030106861794195014
29.559002267573696,245.3325351471361,58.88682057635243,59.0,-11.317942364757272,0.0229442191246386
29.58222222222222,245.3325351471361,58.88682057635243,59.0,-11.317942364757272,0.03489742801962526
29.60544217687075,245.3325351471361,58.88682057635243,59.0,-11.317942364757272,0.03010686179419501
29.628662131519274,245.3325351471361,58.88682057635243,59.0,-11.317942364757272,0.03489742801962527
29.6518820861678,245.3325351471361,58.88682057635243,59.0,-11.317942364757272,0.022944219124638603
29.675102040816327,245.3325351471361,58.88682057635243,59.0,-11.317942364757272,0.013980210380185928
29.698321995464852,243.91952372092192,58.78682057635243,59.0,-21.317942364756703,0.013100262550513395
29.72154195011338,242.5146506416637,58.68682057635243,59.0,-31.317942364756846,0.013980210380185924
29.744761904761905,241.11786903593213,58.58682057635244,59.0,-41.31794236475628,0.013980210380185926
29.76798185941043,241.11786903593213,58.58682057635244,59.0,-41.31794236475628,0.01818737573491218
29.791201814058958,241.11786903593213,58.58682057635244,59.0,-41.31794236475628,0.0229442191246386
29.814421768707483,239.72913230026904,58.48682057635243,58.0,48.68205763524287,0.026168028608935752
29.837641723356008,239.72913230026904,58.48682057635243,58.0,48.68205763524287,0.01818737573491218
29.860861678004536,239.72913230026904,58.48682057635243,58.0,48.68205763524287,0.013100262550513395
29.88408163265306,239.72913230026904,58.48682057635243,58.0,48.68205763524287,0.012403124793551346
29.90730158730159,238.34839409963237,58.386820576352434,58.0,38.68205763524344,0.011853505394683413
29.930521541950114,238.34839409963237,58.386820576352434,58.0,38.68205763524344,0.010622609040911531
29.95374149659864,238.34839409963237,58.386820576352434,58.0,38.68205763524344,0.01240312479355135
29.976961451247167,236.97560836585026,58.286820576352426,58.0,28.682057635242586,0.011853505394683413
30.00018140589569,236.97560836585026,58.286820576352426,58.0,28.682057635242586,0.010467533617069905
30.023401360544216,235.61072929608412,58.18682057635243,58.0,18.682057635243154,0.01014004604470407
30.046621315192745,235.61072929608412,58.18682057635243,58.0,18.682057635243154,0.01001876450976914
30.06984126984127,232.90450925475,57.98682057635243,58.0,-1.3179423647571298,0.010001873046012551
30.093061224489794,,,,,0.010000802780927256
30.116281179138323,,,,,0.010000005216229447
30.139501133786847,,,,,0.010000001546554296
30.162721088435376,,,,,0.010000005216229449
30.1859410430839,,,,,0.010000000417925075
30.209160997732425,,,,,0.010000000208892744
30.232380952380954,,,,,0.010000000208892744
30.25560090702948,,,,,0.01000002785026219
30.278820861678003,,,,,0.010000047007977205
30.30204081632653,,,,,0.010001873044609843
30.325260770975056,,,,,0.010002815825745246
30.34848072562358,,,,,0.010000016226422836
30.37170068027211,,,,,0.010000016226422836
30.394920634920634,,,,,0.010000016226422836
30.418140589569163,,,,,0.01000032860450166
30.441360544217687,,,,,0.010000802780927255
30.464580498866212,,,,,0.010026724673810675
30.48780045351474,,,,,0.010101974593744605
30.511020408163265,,,,,0.010026724672408055
30.53424036281179,,,,,0.010018764327322469
30.55746031746032,,,,,0.010000009104681715
30.580680272108843,,,,,0.01000002321093684
30.603900226757368,,,,,0.010000009198874445
30.627120181405896,,,,,0.010000005197274592
30.65034013605442,,,,,0.010000206339010508
30.67356009070295,,,,,0.010000000725397291
30.696780045351474,,,,,1.1935114064320226e-09
30.72,,,,,1.1035201012516081e-10
30.743219954648527,,,,,0.010000003853409007
30.766439909297052,,,,,0.010000000000419722
30.789659863945577,,,,,0.010000001538251478
30.812879818594105,,,,,0.010000004723250359
30.83609977324263,,,,,1.0120386290175081e-08
30.859319727891158,,,,,0.010000045656791998
30.882539682539683,,,,,0.010000001545151549
30.905759637188208,,,,,0.010000000417924693
30.928979591836736,,,,,0.010000005216227818
30.95219954648526,,,,,0.010000000417731253
30.975419501133786,,,,,0.010000000100893237
30.998639455782314,,,,,0.010000000021701497
31.02185941043084,,,,,0.010000000003996623
31.045079365079363,,,,,0.01000000002170159
31.068299319727892,,,,,0.010000009287486534
31.091519274376417,,,,,0.0100000092791841
31.114739229024945,,,,,2.6771547488977258e-12
31.13795918367347,,,,,5.040499694095298e-13
31.161179138321994,,,,,2.5155326248532112e-11
31.184399092970523,,,,,0.010000008922470202
31.207619047619048,,,,,0.010000000814013272
31.230839002267572,,,,,0.010000000001606035
31.2540589569161,,,,,0.010000002871100366
31.277278911564625,,,,,0.010000078102280324
31.30049886621315,,,,,0.010000127845232543
31.32371882086168,,,,,0.010004191052259125
31.346938775510203,,,,,0.010000016225020118
31.37015873015873,,,,,0.010000078102280324
31.393378684807256,,,,,0.01000012784523254
31.41659863945578,,,,,0.010000005216229449
31.43981859410431,,,,,0.01000012784523254
31.463038548752834,,,,,0.01001876450976914
31.48625850340136,,,,,0.01002672467381077
31.509478458049887,,,,,0.0100028158258111
31.532698412698412,,,,,0.01002672467381077
31.555918367346937,,,,,0.010000802780927255
31.579138321995465,,,,,0.01000032860450166
31.60235827664399,,,,,0.010001873046012551
31.62557823129252,,,,,0.01001876450976914
31.648798185941043,,,,,0.010013068846238973
31.672018140589568,,,,,0.010101973882785357
31.695238095238096,,,,,0.010622607690152998
31.71845804988662,,,,,0.011853502887067869
31.741678004535146,,,,,0.02031762400051254
31.764897959183674,,,,,0.020317627205602064
31.7881179138322,,,,,0.013980210379992109
31.811337868480727,,,,,0.010052967545965857
31.834557823129252,,,,,0.01000123296498612
31.857777777777777,,,,,0.010001873046012551
31.880997732426305,,,,,0.010000027850262286
31.90421768707483,,,,,0.010000000814014906
31.927437641723355,,,,,0.010000000208892744
31.950657596371883,,,,,0.010000000814014906
31.973877551020408,,,,,0.010467533617069905
31.997097505668933,,,,,0.011853505394683413
32.02031746031746,,,,,0.01001876450976914
32.04353741496599,,,,,1.5309956031542004e-07
32.066757369614514,,,,,0.010001831982685245
32.08997732426304,,,,,0.010052953373817664
32.113197278911564,,,,,0.010140037933025162
32.13641723356009,,,,,0.01007375176374674
32.15963718820862,,,,,0.010622609040911534
32.182857142857145,,,,,0.010349055133375843
32.20607709750567,,,,,0.010467533617069905
32.229297052154195,,,,,0.010622609040911533
32.25251700680272,,,,,0.010467533617069907
32.275736961451244,,,,,0.010467533617069907
32.298956916099776,,,,,0.010622609040911533
32.3221768707483,,,,,0.012403124793551342
32.345396825396826,,,,,0.013980210380185926
32.36861678004535,,,,,0.018187375734912182
32.391836734693875,,,,,0.016467587593113005
32.41505668934241,,,,,0.011422334250709073
32.43827664399093,,,,,0.018187375734912182
32.46149659863946,,,,,0.011853505394683411
32.48471655328798,,,,,0.010349053782616337
32.507936507936506,,,,,0.0100735715472973
32.53115646258503,,,,,0.010008913829044949
32.55437641723356,,,,,0.010000203831355662
32.57759637188209,,,,,0.010000000795054833
32.60081632653061,,,,,0.010000046919258616
32.62403628117914,,,,,0.010001870538311756
32.64725623582766,,,,,0.010018764144751915
32.670476190476194,,,,,0.010073743652597356
32.69369614512472,,,,,0.010018764468085056
32.71691609977324,,,,,0.010009025493277132
32.74013605442177,,,,,0.010000005212738802
32.76335600907029,,,,,0.010000516718201815
32.78657596371882,,,,,0.010006178554797933
32.80979591836735,,,,,0.010026724632126918
32.833015873015874,,,,,0.010000512163557277
32.8562358276644,,,,,0.010002807713779331
32.879455782312924,,,,,0.010139865768741048
32.90267573696145,,,,,0.010026436963384254
32.92589569160998,,,,,0.010009025493342988
32.949115646258505,,,,,0.010000516719604523
32.97233560090703,,,,,0.010000198224685062
32.995555555555555,,,,,0.010000304225090151
33.01877551020408,,,,,5.899092628245977e-12
33.041995464852604,,,,,0.010000009279184133
33.065215419501136,,,,,2.3286107147780925e-07
33.08843537414966,,,,,0.010284483896465982
33.111655328798186,,,,,0.010006225492308103
33.13487528344671,,,,,0.01000211502810524
33.158095238095235,,,,,0.01007371062343583
33.18131519274377,,,,,0.010467532906109899
33.20453514739229,,,,,0.01019107513195306
33.22775510204082,,,,,0.010101974505156689
33.25097505668934,,,,,0.010018764506278494
33.274195011337866,,,,,0.010001232923302268
33.29741496598639,,,,,0.010000027761673662
33.32063492063492,,,,,1.9212231178541725e-10
33.34385487528345,,,,,6.22932381829026e-08
33.36707482993197,,,,,0.010005464349331212
33.3902947845805,,,,,0.010071246986964166
33.41351473922902,,,,,0.010073683410820083
33.436734693877554,,,,,0.01034901397504032
33.45995464852608,,,,,0.011853437016345716
33.483174603174604,,,,,0.016467546530646228
33.50639455782313,,,,,0.016467475929215197
33.52961451247165,,,,,0.010349055133375846
33.55283446712018,,,,,0.01000123296498612
33.57605442176871,,,,,0.010001873046012551
33.599274376417235,,,,,1.1245746727537507e-09
33.62249433106576,,,,,5.410984995834613e-13
33.645714285714284,593.7018348424381,74.18682057635243,74.0,18.682057635243154,0.010001873046012551
33.66893424036281,576.8002960709314,73.68682057635243,74.0,-31.317942364756846,0.01010197459374499
33.69215419501134,550.7529198363712,72.88682057635242,73.0,-11.317942364757982,0.026168028608935755
33.715374149659866,544.4269830085476,72.68682057635243,73.0,-31.317942364756846,0.03489742801962526
33.73859410430839,541.291314324127,72.58682057635244,73.0,-41.31794236475628,0.07797523762294829
33.761814058956915,538.1737057623773,72.48682057635241,72.0,48.68205763524145,0.1504646013433388
33.78503401360544,538.1737057623773,72.48682057635241,72.0,48.68205763524145,0.047686993082531035
33.80825396825397,538.1737057623773,72.48682057635241,72.0,48.68205763524145,0.06608151270920701
33.8314739229025,538.1737057623773,72.48682057635241,72.0,48.68205763524145,0.06608151270920701
33.85469387755102,538.1737057623773,72.48682057635241,72.0,48.68205763524145,0.047686993082531035
33.877913832199546,535.0740533046461,72.38682057635242,72.0,38.68205763524202,0.047686993082531035
33.90113378684807,535.0740533046461,72.38682057635242,72.0,38.68205763524202,0.06608151270920701
33.924353741496596,538.1737057623773,72.48682057635241,72.0,48.68205763524145,0.05607139544589262
33.94757369614513,541.291314324127,72.58682057635244,73.0,-41.31794236475628,0.05607139544589263
33.97079365079365,547.5808164368653,72.78682057635243,73.0,-21.317942364757414,0.022944219124638596
33.99401360544218,560.3799112997665,73.18682057635243,73.0,18.682057635243154,0.013100262550513395
34.0172335600907,580.1416661939907,73.78682057635243,74.0,-21.317942364757414,0.011085791888943373
34.04045351473923,,,,,1.6879969842882512e-05
34.06367346938776,,,,,0.0006138169647389069
34.08689342403628,,,,,0.000617977937866904
34.11011337868481,,,,,0.0006138516919716494
34.13333333333333,,,,,5.635375507335147e-05
34.15655328798186,,,,,4.211635001122768e-05
34.17977324263038,,,,,7.505399618955769e-05
34.202993197278914,,,,,1.2365892580145604e-05
34.22621315192744,,,,,1.265657685375205e-05
34.249433106575964,,,,,1.539376689276913e-08
34.27265306122449,,,,,0.0006138174683120043
34.29587301587301,303.7894787041662,62.58682057635243,63.0,-41.31794236475699,0.02438580881030747
34.319092970521545,303.7894787041662,62.58682057635243,63.0,-41.31794236475699,0.16542847951763223
34.34231292517007,307.3193424163214,62.78682057635244,63.0,-21.317942364755993,0.0597045793180102
34.365532879818595,309.09962525595057,62.886820576352434,63.0,-11.317942364756561,0.1332783517964002
34.38875283446712,314.50259153448036,63.18682057635244,63.0,18.682057635243865,0.3109150499980184
34.411972789115644,314.50259153448036,63.18682057635244,63.0,18.682057635243865,0.4115705626852161
34.43519274376417,314.50259153448036,63.18682057635244,63.0,18.682057635243865,0.4437012526350452
34.4584126984127,312.69118989895867,63.08682057635242,63.0,8.682057635242302,0.32087510571539035
34.481632653061226,312.69118989895867,63.08682057635242,63.0,8.682057635242302,0.37967859257270564
34.50485260770975,312.69118989895867,63.08682057635242,63.0,8.682057635242302,0.34137295380654936
34.528072562358275,312.69118989895867,63.08682057635242,63.0,8.682057635242302,0.2974077095005187
34.5512925170068,314.50259153448036,63.18682057635244,63.0,18.682057635243865,0.22485511907289105
34.57451247165533,314.50259153448036,63.18682057635244,63.0,18.682057635243865,0.10072082637892965
34.59773242630386,314.50259153448036,63.18682057635244,63.0,18.682057635243865,0.044581837943024144
34.62095238095238,314.50259153448036,63.18682057635244,63.0,18.682057635243865,0.03856615501149318
34.644172335600906,314.50259153448036,63.18682057635244,63.0,18.682057635243865,0.06482316316044458
34.66739229024943,314.50259153448036,63.18682057635244,63.0,18.682057635243865,0.09079311683132264
34.690612244897956,312.69118989895867,63.08682057635242,63.0,8.682057635242302,0.08993469166546514
34.71383219954649,312.69118989895867,63.08682057635242,63.0,8.682057635242302,0.08288020541519533
34.73705215419501,310.89022116915385,62.98682057635243,63.0,-1.3179423647571298,0.0870757334818808
34.76027210884354,310.89022116915385,62.98682057635243,63.0,-1.3179423647571298,0.04069058484375417
34.78349206349206,310.89022116915385,62.98682057635243,63.0,-1.3179423647571298,0.010593482864450476
34.80671201814059,310.89022116915385,62.98682057635243,63.0,-1.3179423647571298,0.012725150863190728
34.82993197278912,309.09962525595057,62.886820576352434,63.0,-11.317942364756561,0.030341416999884234
34.853151927437644,309.09962525595057,62.886820576352434,63.0,-11.317942364756561,0.0351015127312266
34.87637188208617,309.09962525595057,62.886820576352434,63.0,-11.317942364756561,0.05515918272132894
34.89959183673469,309.09962525595057,62.886820576352434,63.0,-11.317942364756561,0.07146463870391308
34.92281179138322,307.3193424163214,62.78682057635244,63.0,-21.317942364755993,0.07240956396442148
34.94603174603174,307.3193424163214,62.78682057635244,63.0,-21.317942364755993,0.13169066939094293
34.969251700680275,305.54931325133333,62.686820576352424,63.0,-31.317942364757556,0.09647769334557449
34.9924716553288,303.7894787041662,62.58682057635243,63.0,-41.31794236475699,0.012464929501274013
35.015691609977324,,,,,0.0008409591126759145
35.03891156462585,,,,,0.011949853227862437
35.062131519274374,,,,,0.011331695778054662
35.085351473922906,,,,,0.010349047021696221
35.10857142857143,,,,,0.010140046036401569
35.131791383219955,,,,,0.010191075496947479
35.15501133786848,,,,,0.01185350539468178
35.178231292517005,,,,,0.010622609040911533
35.20145124716553,,,,,0.010349055133375846
35.22467120181406,,,,,0.010101974593679135
35.247891156462586,,,,,0.010191075496968311
35.27111111111111,,,,,0.010349055133375846
35.294331065759636,,,,,0.010140046044704068
35.31755102040816,,,,,0.010009025493342988
35.34077097505669,,,,,0.010004191052795269
35.36399092970522,,,,,0.010000127845232543
35.38721088435374,,,,,0.010000047007783475
35.41043083900227,,,,,0.01000002784195741
35.43365079365079,,,,,0.010000009286083857
35.456870748299316,,,,,0.010000000814014521
35.48009070294785,,,,,0.010000127843829823
35.50331065759637,,,,,0.010000328604480828
35.5265306122449,,,,,0.010000516719604524
35.54975056689342,,,,,0.01010197459374499
35.57297052154195,,,,,0.010349055133375844
35.59619047619048,,,,,0.013100262550513393
35.619410430839004,,,,,0.0229442191246386
35.64263038548753,,,,,0.015085587297504338
35.66585034013605,,,,,0.015085587297504338
35.68907029478458,,,,,0.011853505394683411
35.71229024943311,,,,,0.01818737573491218
35.735510204081635,,,,,0.02031762855636058
35.75873015873016,,,,,0.016467587593113005
35.781950113378684,,,,,0.013980210380185928
35.80517006802721,,,,,0.010026724491308765
35.828390022675734,,,,,0.010000206337628575
35.851609977324266,,,,,0.010000802780927255
35.87482993197279,,,,,0.010000802780927255
35.898049886621315,,,,,0.01001876450976914
35.92126984126984,,,,,0.010073751764282886
35.944489795918365,,,,,0.01001876450976914
35.9677097505669,,,,,0.010073751764282884
35.99092970521542,,,,,0.0100028158258111
36.014149659863946,,,,,0.010006178555334078
36.03736961451247,,,,,0.01000123296498612
36.060589569160996,,,,,0.010000002871100368
36.08380952380952,,,,,0.010000002871100368
36.10702947845805,,,,,0.010000005216229449
36.13024943310658,,,,,0.010000000208891111
36.1534693877551,,,,,2.7504681337470462e-12
36.17668934240363,,,,,5.806177275842795e-12
36.19990929705215,,,,,1.1477658878133762e-12
36.22312925170068,,,,,2.7069835159000037e-14
36.24634920634921,,,,,1.2238567330811227e-11
36.26956916099773,,,,,0.010000003078345863
36.29278911564626,,,,,2.6676900948710966e-11
36.31600907029478,,,,,1.8925717310600973e-10
36.33922902494331,,,,,1.9849891868829124e-10
36.36244897959184,,,,,0.010000000442342656
36.385668934240364,,,,,0.010000009197387744
36.40888888888889,,,,,0.010000005125991897
36.432108843537414,,,,,0.010000002870555334
36.45532879818594,,,,,0.010001232599461835
36.47854875283447,,,,,0.01000617846674208
36.501768707482995,,,,,0.01000080273923183
36.52498866213152,,,,,0.010000001546488443
36.548208616780045,,,,,0.01000000000020099
36.57142857142857,,,,,0.010000000101429398
36.594648526077094,,,,,0.010000000208892744
36.617868480725626,,,,,0.010349055133375844
36.64108843537415,,,,,0.013034833271536676
36.664308390022676,,,,,0.020088206642225943
36.6875283446712,,,,,0.025859555054040174
36.710748299319725,,,,,0.0200909603923747
36.73396825396826,,,,,0.01178818076310999
36.75718820861678,,,,,0.01045085795099469
36.78040816326531,,,,,0.011069192831361157
36.80362811791383,,,,,0.011837092845077713
36.826848072562356,,,,,0.013980210380185928
36.85006802721088,,,,,0.013100262550513397
36.87328798185941,,,,,0.010824463728234165
36.89650793650794,,,,,0.010259050559778861
36.91972789115646,,,,,0.011853505394683413
36.94294784580499,,,,,0.014591886168129216
36.96616780045351,597.1411145835567,74.28682057635243,74.0,28.682057635242586,0.02616802860893576
36.989387755102044,593.7018348424381,74.18682057635243,74.0,18.682057635243154,0.020317628556360583
37.01260770975057,590.282363895001,74.08682057635244,74.0,8.682057635243723,0.015085587297504338
37.03582766439909,590.282363895001,74.08682057635244,74.0,8.682057635243723,0.02031762855636058
37.05904761904762,586.8825876509895,73.98682057635241,74.0,-1.3179423647585509,0.026168028608935752
37.08226757369614,586.8825876509895,73.98682057635241,74.0,-1.3179423647585509,0.04069733156888106
37.10548752834467,590.282363895001,74.08682057635244,74.0,8.682057635243723,0.022944219124638603
37.1287074829932,583.5023926772587,73.88682057635242,74.0,-11.317942364757982,0.04069733156888106
37.151927437641724,586.8825876509895,73.98682057635241,74.0,-1.3179423647585509,0.018187375734912182
37.17514739229025,,,,,0.011085791888943371
37.198367346938774,,,,,0.010259050559778863
37.2215873015873,,,,,0.010052787281487396
37.24480725623583,,,,,0.010037765502929688
37.268027210884355,,,,,0.010349055133375844
37.29124716553288,,,,,0.010824463728234167
37.314467120181405,,,,,0.01019107549696831
37.33768707482993,,,,,0.011085791888943371
37.36090702947846,,,,,0.010101974593744992
37.384126984126986,,,,,0.010824463728234165
37.40734693877551,,,,,0.010259050559778861
37.430566893424036,,,,,0.010467533617069905
37.45378684807256,,,,,0.010622609040911533
37.477006802721085,,,,,0.010026724491305648
37.50022675736962,,,,,0.010052967504281975
37.52344671201814,,,,,0.010026724491363112
37.54666666666667,,,,,0.010002747591022378
37.56988662131519,,,,,0.010008574042078323
37.593106575963716,,,,,0.010050502715385642
37.61632653061225,,,,,0.010047565715164263
37.63954648526077,,,,,0.010190788432990141
37.6627664399093,,,,,0.010191072989339533
37.68598639455782,,,,,0.010622609037420886
37.70920634920635,,,,,0.010824463728213335
37.73242630385487,,,,,0.010622609040911437
37.755646258503404,,,,,0.010052967545900003
37.77886621315193,,,,,0.010001232964920266
37.802086167800454,,,,,0.010000009287292812
37.82530612244898,,,,,0.010000046989022456
37.8485260770975,,,,,0.010000027849726142
37.871746031746035,,,,,0.010000000009505872
37.89496598639456,,,,,0.010000000208891111
37.918185941043085,,,,,0.010000001546554296
37.94140589569161,,,,,0.010000000101429396
37.964625850340134,,,,,0.01003776550292969
37.98784580498866,,,,,0.010013068846238975
38.01106575963719,,,,,0.01000419105279527
38.034285714285716,,,,,0.0100028158258111
38.05750566893424,,,,,0.01000032860450166
38.080725623582765,283.44560611275534,61.386820576352434,61.0,38.68205763524344,0.010037765502929688
38.10394557823129,285.0875898049086,61.48682057635243,61.0,48.68205763524287,0.012403124793551348
38.12716553287982,285.0875898049086,61.48682057635243,61.0,48.68205763524287,0.04768699308199489
38.15038548752835,285.0875898049086,61.48682057635243,61.0,48.68205763524287,0.0779752376229483
38.17360544217687,283.44560611275534,61.386820576352434,61.0,38.68205763524344,0.09203757081218113
38.196825396825396,283.44560611275534,61.386820576352434,61.0,38.68205763524344,0.07797523762294829
38.22004535147392,281.8130795507675,61.28682057635242,61.0,28.682057635241875,0.047686993082531035
38.243265306122446,281.8130795507675,61.28682057635242,61.0,28.682057635241875,0.02616802860893575
38.26648526077098,280.18995564988325,61.186820576352424,61.0,18.682057635242444,0.06608151270867087
38.2897052154195,280.18995564988325,61.186820576352424,61.0,18.682057635242444,0.17653060863289702
38.31292517006803,280.18995564988325,61.186820576352424,61.0,18.682057635242444,0.2796051653363589
38.33614512471655,280.18995564988325,61.186820576352424,61.0,18.682057635242444,0.5485250542599845
38.35936507936508,278.5761802547597,61.08682057635243,61.0,8.682057635243012,0.6159498854580681
38.38258503401361,278.5761802547597,61.08682057635243,61.0,8.682057635243012,0.5485250542599847
38.40580498866213,278.5761802547597,61.08682057635243,61.0,8.682057635243012,0.3233360583906409
38.42902494331066,278.5761802547597,61.08682057635243,61.0,8.682057635243012,0.07797523758126444
38.45224489795918,278.5761802547597,61.08682057635243,61.0,8.682057635243012,0.013100194336082997
38.47546485260771,259.92076683399534,59.886820576352434,60.0,-11.317942364756561,0.010073747208434848
38.49868480725623,259.92076683399534,59.886820576352434,60.0,-11.317942364756561,0.01003776513791447
38.521904761904764,259.92076683399534,59.886820576352434,60.0,-11.317942364756561,0.010018764508366432
38.54512471655329,259.92076683399534,59.886820576352434,60.0,-11.317942364756561,0.010037765502923639
38.568344671201814,258.42373337601344,59.78682057635242,60.0,-21.317942364758125,0.010052967527011717
38.59156462585034,258.42373337601344,59.78682057635242,60.0,-21.317942364758125,0.010037762995314349
38.61478458049886,276.9716995219658,60.986820576352436,61.0,-1.3179423647564192,0.010036688632838242
38.638004535147395,224.97092665957592,57.38682057635243,57.0,38.68205763524273,0.010107018504409414
38.66122448979592,224.97092665957592,57.38682057635243,57.0,38.68205763524273,0.01818197925345923
38.684444444444445,223.6751894686431,57.28682057635243,57.0,28.682057635243297,0.047686993082531035
38.70766439909297,224.97092665957592,57.38682057635243,57.0,38.68205763524273,0.17653060863289746
38.730884353741494,224.97092665957592,57.38682057635243,57.0,38.68205763524273,0.3721358982975089
38.75410430839002,226.27416997969522,57.48682057635243,57.0,48.68205763524287,0.3721358982975088
38.77732426303855,227.58496291156504,57.58682057635242,58.0,-41.3179423647577,0.4849868077159113
38.800544217687076,227.58496291156504,57.58682057635242,58.0,-41.3179423647577,0.5485250542599845
38.8237641723356,227.58496291156504,57.58682057635242,58.0,-41.3179423647577,0.372135898297509
38.846984126984125,228.90334918964132,57.68682057635243,58.0,-31.317942364756846,0.01818737573491218
38.87020408163265,,,,,0.010037765502929688
38.89342403628118,,,,,0.010052967545965857
38.91664399092971,,,,,0.012403124793551346
38.93986394557823,,,,,0.030106861794195007
38.963083900226756,,,,,0.040697331568881064
38.98630385487528,,,,,0.034897428019625254
39.00952380952381,,,,,0.010259050559778861
39.03274376417234,,,,,0.010000027850262288
39.05596371882086,,,,,0.01000022900521307
39.07918367346939,,,,,1.5312999868233135e-07
39.10240362811791,,,,,0.010000140804040046
39.12562358276644,,,,,0.010003097165915404
39.14884353741497,,,,,5.735519030355906e-09
39.172063492063494,,,,,1.895591146415012e-10
39.19528344671202,,,,,0.01000012713292579
39.21850340136054,,,,,0.010000078102280326
39.24172335600907,,,,,0.010000802780927255
39.2649433106576,,,,,0.01000020633903134
39.288163265306125,,,,,0.010000328604501662
39.31138321995465,,,,,0.01014004604470407
39.334603174603174,,,,,0.010824463728234165
39.3578231292517,,,,,0.011422334250709074
39.381043083900224,,,,,0.010140046044704067
39.404263038548756,,,,,0.01000419105279527
39.42748299319728,,,,,0.01000000521622945
39.450702947845805,,,,,0.010000516719604524
39.47392290249433,,,,,0.010000000813821042
39.497142857142855,,,,,0.01000000928695031
39.52036281179139,,,,,0.010000126469336412
39.54358276643991,,,,,0.01000012320772756
39.566802721088436,,,,,0.010000002782381704
39.59002267573696,,,,,7.018515420987174e-10
39.613242630385486,,,,,0.010000015502915944
39.63646258503401,,,,,0.010000047004486635
39.65968253968254,,,,,0.010000078102280324
39.68290249433107,,,,,0.010006178555334077
39.70612244897959,,,,,0.010001873046012551
39.72934240362812,,,,,0.010000078102280324
39.75256235827664,,,,,0.010000016226422836
39.77578231292517,,,,,0.01000012782627447
39.7990022675737,,,,,0.010002814474652576
39.82222222222222,,,,,0.010006178189829738
39.84544217687075,,,,,0.010140044693887806
39.86866213151927,,,,,0.01000020629734574
39.8918820861678,,,,,0.01000000150703283
39.91510204081633,,,,,5.660416266483038e-09
39.938321995464854,,,,,1.8653105624876867e-10
39.96154195011338,,,,,9.417193356062008e-09
39.9847619047619,,,,,2.0865023991593514e-09
40.00798185941043,,,,,9.634070901197881e-09
40.03120181405896,,,,,3.3665017945888575e-09
40.054421768707485,,,,,5.1949841391706194e-11
40.07764172335601,,,,,1.1402155394244632e-09
40.100861678004534,,,,,3.364954924434421e-09
40.12408163265306,,,,,0.01000236341193625
40.147301587301584,,,,,0.010001228407609666
40.170521541950116,,,,,0.010000802069734756
40.19374149659864,,,,,0.010013066338524584
40.216961451247165,,,,,0.010000127845232444
40.24018140589569,,,,,0.010000127845232541
40.263401360544215,,,,,0.010000802780861396
40.28662131519275,,,,,0.010009025493342986
40.30984126984127,,,,,0.010073751764282884
40.333061224489796,,,,,0.010191075496968311
40.35628117913832,,,,,0.010349055133375844
40.379501133786846,,,,,0.010349055133375844
40.40272108843537,,,,,0.01001876450976914
40.4259410430839,,,,,0.010013068846238975
40.44916099773243,,,,,0.010009025493342986
40.47238095238095,,,,,0.010006178555334078
40.49560090702948,,,,,0.010140046044704068
40.518820861678,,,,,0.010073751764282884
40.542040816326534,,,,,0.010467533617069905
40.56526077097506,,,,,0.011853505394683413
40.58848072562358,,,,,0.010037765502929688
40.61170068027211,,,,,0.010073751764282882
40.63492063492063,,,,,0.01002672467381077
40.658140589569165,,,,,0.010006178555334078
40.68136054421769,,,,,0.010073751764282884
40.704580498866214,,,,,0.010000016226422836
40.72780045351474,,,,,0.01000032860450166
40.751020408163264,,,,,0.01000032860450166
40.77424036281179,,,,,0.010000000009505966
40.79746031746032,278.5761802547597,61.08682057635243,61.0,8.682057635243012,0.010349055133375844
40.820680272108845,285.0875898049086,61.48682057635243,61.0,48.68205763524287,0.022944219124638603
40.84390022675737,291.75119633862937,61.88682057635243,62.0,-11.317942364757272,0.07797523762294829
40.867120181405895,288.4001480354657,61.68682057635244,62.0,-31.317942364756135,0.17653060863289743
40.89034013605442,286.73908541182476,61.58682057635242,62.0,-41.3179423647577,0.10857977072874499
40.91356009070295,285.0875898049086,61.48682057635243,61.0,48.68205763524287,0.12793708630129033
40.936780045351476,280.18995564988325,61.186820576352424,61.0,18.682057635242444,0.20650679911775213
40.96,278.5761802547597,61.08682057635243,61.0,8.682057635243012,0.2407543944755742
40.983219954648526,278.5761802547597,61.08682057635243,61.0,8.682057635243012,0.17653060863289746
41.00643990929705,276.9716995219658,60.986820576352436,61.0,-1.3179423647564192,0.06608151270920701
41.029659863945575,276.9716995219658,60.986820576352436,61.0,-1.3179423647564192,0.0229442191246386
41.05287981859411,,,,,0.011085791888943373
41.07609977324263,,,,,0.013100262550513397
41.09931972789116,528.9282036186955,72.18682057635243,72.0,18.682057635243154,0.022944219124638603
41.12253968253968,528.9282036186955,72.18682057635243,72.0,18.682057635243154,0.03010686179419501
41.145759637188206,528.9282036186955,72.18682057635243,72.0,18.682057635243154,0.026168028608935755
41.16897959183674,531.9922535313842,72.28682057635243,72.0,28.682057635242586,0.018187375734912182
41.19219954648526,535.0740533046461,72.38682057635242,72.0,38.68205763524202,0.018187375734912182
41.21541950113379,538.1737057623773,72.48682057635241,72.0,48.68205763524145,0.0229442191246386
41.23863945578231,541.291314324127,72.58682057635244,73.0,-41.31794236475628,0.03489742801962526
41.26185941043084,547.5808164368653,72.78682057635243,73.0,-21.317942364757414,0.06608151270920701
41.28507936507936,553.9433990439315,72.98682057635244,73.0,-1.3179423647557087,0.030106861794195014
41.308299319727894,563.6261591015351,73.28682057635244,73.0,28.682057635244007,0.015085587297504338
41.33151927437642,573.4781708236496,73.58682057635242,74.0,-41.3179423647577,0.011422334250709074
41.35473922902494,,,,,0.010622609040911531
41.37795918367347,,,,,8.441941270302619e-05
41.40117913832199,,,,,0.015219100633073213
41.424399092970525,,,,,0.015841451219619888
41.44761904761905,,,,,0.010211961511226027
41.470839002267574,,,,,0.010237125157659014
41.4940589569161,,,,,0.00010204796875643081
41.517278911564624,,,,,0.00017411690542016108
41.54049886621315,,,,,7.660212319692656e-05
41.56371882086168,,,,,2.350497532017043e-06
41.586938775510205,583.5023926772587,73.88682057635242,74.0,-11.317942364757982,0.010140046044704068
41.61015873015873,576.8002960709314,73.68682057635243,74.0,-31.317942364756846,0.010349055133375844
41.633378684807255,573.4781708236496,73.58682057635242,74.0,-41.3179423647577,0.010259050559778863
41.65659863945578,560.3799112997665,73.18682057635243,73.0,18.682057635243154,0.010191075496968311
41.67981859410431,553.9433990439315,72.98682057635244,73.0,-1.3179423647557087,0.010349055133375844
41.703038548752836,550.7529198363712,72.88682057635242,73.0,-11.317942364757982,0.010073751764282884
41.72625850340136,544.4269830085476,72.68682057635243,73.0,-31.317942364756846,0.01002672467381077
41.749478458049886,547.5808164368653,72.78682057635243,73.0,-21.317942364757414,0.010013068846238975
41.77269841269841,557.1523605095193,73.08682057635244,73.0,8.682057635243723,0.010013068846238975
41.795918367346935,553.9433990439315,72.98682057635244,73.0,-1.3179423647557087,0.01010197459374499
41.81913832199547,560.3799112997665,73.18682057635243,73.0,18.682057635243154,0.01002672467381077
41.84235827664399,560.3799112997665,73.18682057635243,73.0,18.682057635243154,0.010140046044704068
41.86557823129252,560.3799112997665,73.18682057635243,73.0,18.682057635243154,0.010037765502929688
41.88879818594104,566.8912122255109,73.38682057635243,73.0,38.68205763524344,0.01001876450976914
41.912018140589566,583.5023926772587,73.88682057635242,74.0,-11.317942364757982,0.010349055133375844
41.9352380952381,597.1411145835567,74.28682057635243,74.0,28.682057635242586,0.011422334250709074
41.95845804988662,,,,,0.010357213782942822
41.98167800453515,,,,,0.010462933073952687
42.00489795918367,,,,,1.0941978956365854e-06
42.0281179138322,,,,,1.9545441230925275e-09
42.05133786848072,,,,,5.7929096502643035e-09
42.074557823129254,,,,,1.0867551459481805e-06
42.09777777777778,350.98399350228027,65.08682057635244,65.0,8.682057635243723,0.01013204260863812
42.120997732426304,350.98399350228027,65.08682057635244,65.0,8.682057635243723,0.01033764075230669
42.14421768707483,353.01722309239886,65.18682057635243,65.0,18.682057635243154,0.011420698334724637
42.16743764172335,357.1190856416714,65.38682057635242,65.0,38.68205763524202,0.010467519444933017
42.190657596371885,353.01722309239886,65.18682057635243,65.0,18.682057635243154,0.010191051172514452
42.21387755102041,353.01722309239886,65.18682057635243,65.0,18.682057635243154,0.010073751745328628
42.237097505668935,348.9624744528825,64.98682057635241,65.0,-1.3179423647585509,0.010191075495565602
42.26031746031746,346.9525984964539,64.88682057635242,65.0,-11.317942364757982,0.010824463724743522
42.283537414965984,346.9525984964539,64.88682057635242,65.0,-11.317942364757982,0.010467533617069905
42.30675736961451,346.9525984964539,64.88682057635242,65.0,-11.317942364757982,0.010052967545965857
42.32997732426304,337.07553150554753,64.38682057635243,64.0,38.68205763524344,0.01000617855184343
42.353197278911566,339.0281901949745,64.48682057635243,64.0,48.68205763524287,0.01001306884274833
42.37641723356009,339.0281901949745,64.48682057635243,64.0,48.68205763524287,0.01000902540475464
42.399637188208615,340.992160521115,64.58682057635242,65.0,-41.3179423647577,0.010101974552061138
42.42285714285714,350.98399350228027,65.08682057635244,65.0,8.682057635243723,0.01001876450976914
42.44607709750567,350.98399350228027,65.08682057635244,65.0,8.682057635243723,0.010052967545965857
42.4692970521542,350.98399350228027,65.08682057635244,65.0,8.682057635243723,0.010259050559778863
42.49251700680272,353.01722309239886,65.18682057635243,65.0,18.682057635243154,0.010140046044703973
42.515736961451246,348.9624744528825,64.98682057635241,65.0,-1.3179423647585509,0.010349055132839702
42.53895691609977,350.98399350228027,65.08682057635244,65.0,8.682057635243723,0.010191075496432167
42.5621768707483,350.98399350228027,65.08682057635244,65.0,8.682057635243723,0.010259050540824719
42.58539682539683,348.9624744528825,64.98682057635241,65.0,-1.3179423647585509,0.010140045333743979
42.60861678004535,348.9624744528825,64.98682057635241,65.0,-1.3179423647585509,0.01002672216308832
42.63183673469388,346.9525984964539,64.88682057635242,65.0,-11.317942364757982,0.010191070940927858
42.6550566893424,346.9525984964539,64.88682057635242,65.0,-11.317942364757982,0.010006178536379924
42.67827664399093,348.9624744528825,64.98682057635241,65.0,-1.3179423647585509,0.010004190870348532
42.70149659863946,348.9624744528825,64.98682057635241,65.0,-1.3179423647585509,0.010006178190318621
42.72471655328798,353.01722309239886,65.18682057635243,65.0,18.682057635243154,0.01000032823420105
42.74793650793651,348.9624744528825,64.98682057635241,65.0,-1.3179423647585509,0.010003898718816623
42.77115646258503,353.01722309239886,65.18682057635243,65.0,18.682057635243154,0.010001208187490385
42.79437641723356,350.98399350228027,65.08682057635244,65.0,8.682057635243723,0.010000314180233288
42.81759637188209,,,,,1.5394933742098507e-08
42.840816326530614,,,,,1.9231209551733603e-10
42.86403628117914,,,,,0.010000005596316806
42.887256235827664,,,,,0.010000002862797501
42.91047619047619,,,,,0.01000004700797567
42.93369614512471,,,,,0.010000516719604524
42.956916099773245,,,,,0.010000005216229449
42.98013605442177,,,,,0.010000016226422836
43.003356009070295,,,,,0.010000000208892646
43.02657596371882,,,,,0.010000000207490034
43.049795918367344,,,,,0.010000800268665231
43.073015873015876,,,,,0.010001872333734877
43.0962358276644,,,,,0.010000127836929993
43.119455782312926,,,,,0.010000001546488443
43.14267573696145,,,,,0.010000000047726025
43.165895691609975,,,,,0.01000000002168076
43.1891156462585,,,,,0.010000000417388917
43.21233560090703,,,,,0.010000000208871913
43.23555555555556,,,,,0.010000005214826701
43.25877551020408,,,,,0.010000516719538671
43.281995464852606,,,,,0.010000005216035623
43.30521541950113,,,,,0.010000000100893252
43.32843537414966,,,,,0.010000002852145693
43.35165532879819,,,,,0.010000328239484674
43.37487528344671,,,,,0.010000076751515478
43.39809523809524,,,,,0.010000009287465798
43.42131519274376,,,,,0.010000002871099983
43.44453514739229,,,,,0.010000000047726025
43.46775510204082,,,,,0.010000000417925078
43.490975056689344,,,,,0.010000001174788484
43.51419501133787,,,,,5.050780649713406e-13
43.53741496598639,,,,,0.01000000153823867
43.56063492063492,,,,,0.010000000823096392
43.58385487528345,,,,,0.010000206339031342
43.607074829931975,,,,,0.010000078102280326
43.6302947845805,,,,,0.01000032860450166
43.653514739229024,,,,,0.010000002871100368
43.67673469387755,,,,,0.010000000047726025
43.699954648526074,,,,,0.010000000814014906
43.723174603174606,,,,,0.010000000814014904
43.74639455782313,,,,,0.010000005216229449
43.769614512471655,,,,,0.010000002871100368
43.79283446712018,,,,,0.010000009287486632
43.816054421768705,,,,,0.010000078102280324
43.83927437641724,,,,,0.0100000470079773
43.86249433106576,,,,,0.010000027850262286
43.885714285714286,,,,,0.010000127845232541
43.90893424036281,,,,,0.01000012784523254
43.932154195011336,,,,,0.010009025493342988
43.95537414965986,,,,,0.010824463728234167
43.97859410430839,,,,,0.030106861794195014
44.00181405895692,,,,,0.03489742801962526
44.02503401360544,,,,,0.02616802860893576
44.04825396825397,,,,,0.013980210380185928
44.07147392290249,,,,,0.010013068846238975
44.09469387755102,,,,,0.01002672467381077
44.11791383219955,,,,,0.01002672467381077
44.14113378684807,,,,,0.010073751764282884
44.1643537414966,,,,,0.010140046044704068
44.18757369614512,,,,,0.010013068846238975
44.210793650793654,,,,,0.010006178555334078
44.23401360544218,,,,,0.010191075496968311
44.257233560090704,,,,,0.010259050559778861
44.28045351473923,,,,,0.010467533617069905
44.30367346938775,,,,,0.01001876450976914
44.32689342403628,,,,,0.010006178555334078
44.35011337868481,,,,,0.010140046044704068
44.373333333333335,,,,,0.011085791888943373
44.39655328798186,,,,,0.011853505394683411
44.419773242630384,,,,,0.011422334250709073
44.44299319727891,,,,,0.010622609040911534
44.46621315192744,,,,,0.018187375734912182
44.489433106575966,,,,,0.013980210380185928
44.51265306122449,,,,,0.012403124793551348
44.535873015873015,,,,,0.010013068846238975
44.55909297052154,,,,,0.010000027850262288
44.582312925170065,,,,,0.010000802780927255
44.6055328798186,,,,,0.01010197459374499
44.62875283446712,,,,,0.010467533617069905
44.651972789115646,,,,,0.01002672467381077
44.67519274376417,,,,,0.010009025493342986
44.698412698412696,,,,,0.010018764509769141
44.72163265306123,,,,,0.010009025493342986
44.74485260770975,,,,,0.01010197459374499
44.76807256235828,,,,,0.010037765502929688
44.7912925170068,,,,,0.010037765502929688
44.81451247165533,,,,,0.010001873046012551
44.83773242630385,,,,,0.01000020633903134
44.860952380952384,,,,,0.010000000208892744
44.88417233560091,,,,,0.010000016226422836
44.90739229024943,,,,,0.010009025493342986
44.93061224489796,,,,,0.010467533617069905
44.95383219954648,,,,,0.013980210380185926
44.977052154195015,,,,,0.0229442191246386
45.00027210884354,,,,,0.010000001546554296
45.023492063492064,,,,,0.010000802780927255
45.04671201814059,,,,,0.010052967545965857
45.069931972789114,,,,,0.011422334250709076
45.09315192743764,,,,,0.010824463728234169
45.11637188208617,,,,,0.011853505394683413
45.139591836734695,,,,,0.010191075496968311
45.16281179138322,,,,,0.010000078102280326
45.186031746031745,,,,,0.010000001546554298
45.20925170068027,,,,,0.010000000814014906
45.2324716553288,,,,,0.010000027850262286
45.255691609977326,,,,,0.01000020633903134
45.27891156462585,,,,,0.0100028158258111
45.302131519274376,,,,,0.011853505394683413
45.3253514739229,,,,,0.022944219124638596
45.348571428571425,,,,,0.03489742801962526
45.37179138321996,,,,,0.026168028608935752
45.39501133786848,,,,,0.022944219124638603
45.41823129251701,,,,,0.04069733156888106
45.44145124716553,,,,,0.0229442191246386
45.464671201814056,,,,,0.01000123296498612
45.48789115646259,,,,,0.01000187304601255
45.51111111111111,,,,,0.010052967545965857
45.53433106575964,,,,,0.011422334250709074
45.55755102040816,,,,,0.03489742801962527
45.58077097505669,278.5761802547597,61.08682057635243,61.0,8.682057635243012,0.12793708630129036
45.60399092970521,278.5761802547597,61.08682057635243,61.0,8.682057635243012,0.07797523762294829
45.627210884353744,273.7904082184327,60.786820576352426,61.0,-21.317942364757414,0.03010686179419501
45.65043083900227,269.08685288118863,60.48682057635242,60.0,48.68205763524216,0.03489742801962526
45.67365079365079,265.9961267656921,60.28682057635243,60.0,28.682057635243297,0.0229442191246386
45.69687074829932,264.46410180934777,60.18682057635244,60.0,18.682057635243865,0.020317628556360583
45.72009070294784,259.92076683399534,59.886820576352434,60.0,-11.317942364756561,0.011422334250709073
45.743310657596375,256.9353221962805,59.686820576352424,60.0,-31.317942364757556,0.013100262550513395
45.7665306122449,255.45548363412797,59.58682057635243,60.0,-41.31794236475699,0.013100262550513397
45.789750566893424,251.06691132696022,59.286820576352426,59.0,28.682057635242586,0.034897428019625254
45.81297052154195,251.06691132696022,59.286820576352426,59.0,28.682057635242586,0.03010686179419501
45.836190476190474,249.6208723242795,59.18682057635243,59.0,18.682057635243154,0.026168028608935755
45.859410430839006,246.75373206527053,58.98682057635243,59.0,-1.3179423647571298,0.013100262550513395
45.88263038548753,245.3325351471361,58.88682057635243,59.0,-11.317942364757272,0.013100262550513393
45.905850340136055,243.91952372092192,58.78682057635243,59.0,-21.317942364756703,0.015085587208916026
45.92907029478458,241.11786903593213,58.58682057635244,59.0,-41.31794236475628,0.013100194333317956
45.952290249433105,242.5146506416637,58.68682057635243,59.0,-31.317942364756846,0.013980186047850084
45.97551020408163,242.5146506416637,58.68682057635243,59.0,-31.317942364756846,0.011853464328491554
45.99873015873016,241.11786903593213,58.58682057635244,59.0,-41.31794236475628,0.011422309919538465
46.021950113378686,241.11786903593213,58.58682057635244,59.0,-41.31794236475628,0.011422331742983464
46.04517006802721,241.11786903593213,58.58682057635244,59.0,-41.31794236475628,0.010140045956115326
46.068390022675736,239.72913230026904,58.48682057635243,58.0,48.68205763524287,0.010018764509769141
46.09160997732426,241.11786903593213,58.58682057635244,59.0,-41.31794236475628,0.010001873046012551
46.11482993197279,242.5146506416637,58.68682057635243,59.0,-31.317942364756846,0.010018764509769141
46.13804988662132,243.91952372092192,58.78682057635243,59.0,-21.317942364756703,0.01002672467381077
46.16126984126984,242.5146506416637,58.68682057635243,59.0,-31.317942364756846,0.010052967545965857
46.18448979591837,242.5146506416637,58.68682057635243,59.0,-31.317942364756846,0.010052967545965857
46.20770975056689,242.5146506416637,58.68682057635243,59.0,-31.317942364756846,0.010101974593744989
46.23092970521542,243.91952372092192,58.78682057635243,59.0,-21.317942364756703,0.010140046044704068
46.25414965986395,245.3325351471361,58.88682057635243,59.0,-11.317942364757272,0.010140046044704067
46.27736961451247,246.75373206527053,58.98682057635243,59.0,-1.3179423647571298,0.010101974593744992
46.300589569161,246.75373206527053,58.98682057635243,59.0,-1.3179423647571298,0.010622609040911531
46.32380952380952,248.18316189339754,59.08682057635242,59.0,8.682057635242302,0.010191075496968311
46.34702947845805,248.18316189339754,59.08682057635242,59.0,8.682057635242302,0.010140046044704068
46.37024943310658,246.75373206527053,58.98682057635243,59.0,-1.3179423647571298,0.01002672467381077
46.393469387755104,248.18316189339754,59.08682057635242,59.0,8.682057635242302,0.010004191052795272
46.41668934240363,,,,,0.01002672467381077
46.439909297052154,,,,,0.010001873046012551
46.46312925170068,,,,,0.010009025493342986
46.4863492063492,,,,,0.01001876450976914
46.509569160997735,,,,,0.010018764509769138
46.53278911564626,,,,,0.010052967545965857
46.556009070294785,,,,,0.010191075496968311
46.57922902494331,,,,,0.010013068846238975
46.602448979591834,,,,,0.010001873046012551
46.625668934240366,,,,,0.01000032860450166
46.64888888888889,,,,,0.010000127845232541
46.672108843537416,,,,,0.010000127845232541
46.69532879818594,252.52132714836532,59.386820576352434,59.0,38.68205763524344,0.010000009287486629
46.718548752834465,270.6456571620635,60.58682057635244,61.0,-41.31794236475628,0.010000047007977303
46.74176870748299,272.2134915042738,60.68682057635243,61.0,-31.317942364756846,0.01001876450976914
46.76498866213152,272.2134915042738,60.68682057635243,61.0,-31.317942364756846,0.010101974574784903
46.78820861678005,272.2134915042738,60.68682057635243,61.0,-31.317942364756846,0.01062260899922743
46.81142857142857,270.6456571620635,60.58682057635244,61.0,-41.31794236475628,0.010140046044167924
46.834648526077096,269.08685288118863,60.48682057635242,60.0,48.68205763524216,0.010018764509769044
46.85786848072562,264.46410180934777,60.18682057635244,60.0,18.682057635243865,0.010101974593724158
46.88108843537415,261.42647251857596,59.98682057635243,60.0,-1.3179423647571298,0.01046753361700405
46.90430839002268,259.92076683399534,59.886820576352434,60.0,-11.317942364756561,0.013100262550447541
46.9275283446712,259.92076683399534,59.886820576352434,60.0,-11.317942364756561,0.013980210361231787
46.95074829931973,258.42373337601344,59.78682057635242,60.0,-21.317942364758125,0.012403124751867252
46.97396825396825,258.42373337601344,59.78682057635242,60.0,-21.317942364758125,0.011085790538176576
46.99718820861678,256.9353221962805,59.686820576352424,60.0,-31.317942364757556,0.010191075131940484
47.02040816326531,253.98416831491193,59.48682057635243,59.0,48.68205763524287,0.010052967180941728
47.04362811791383,252.52132714836532,59.386820576352434,59.0,38.68205763524344,0.010026724673274628
47.06684807256236,251.06691132696022,59.286820576352426,59.0,28.682057635242586,0.010073751764282884
47.09006802721088,251.06691132696022,59.286820576352426,59.0,28.682057635242586,0.010349055133375843
47.11328798185941,249.6208723242795,59.18682057635243,59.0,18.682057635243154,0.010349055133375844
47.13650793650794,251.06691132696022,59.286820576352426,59.0,28.682057635242586,0.010349055133375846
47.159727891156464,251.06691132696022,59.286820576352426,59.0,28.682057635242586,0.011085791888943278
47.18294784580499,252.52132714836532,59.386820576352434,59.0,38.68205763524344,0.011422334250708691
47.206167800453514,252.52132714836532,59.386820576352434,59.0,38.68205763524344,0.013100262550513397
47.22938775510204,252.52132714836532,59.386820576352434,59.0,38.68205763524344,0.010622609040911533
47.25260770975056,251.06691132696022,59.286820576352426,59.0,28.682057635242586,0.011085791888943373
47.275827664399095,251.06691132696022,59.286820576352426,59.0,28.682057635242586,0.010140046044704068
47.29904761904762,251.06691132696022,59.286820576352426,59.0,28.682057635242586,0.011422334250709073
47.322267573696145,249.6208723242795,59.18682057635243,59.0,18.682057635243154,0.011422334250709074
47.34548752834467,251.06691132696022,59.286820576352426,59.0,28.682057635242586,0.012403124793551348
47.368707482993194,251.06691132696022,59.286820576352426,59.0,28.682057635242586,0.013980210380185928
47.391927437641726,251.06691132696022,59.286820576352426,59.0,28.682057635242586,0.013100262550513393
47.41514739229025,251.06691132696022,59.286820576352426,59.0,28.682057635242586,0.020317628556360583
47.438367346938776,252.52132714836532,59.386820576352434,59.0,38.68205763524344,0.020317628556360486
47.4615873015873,252.52132714836532,59.386820576352434,59.0,38.68205763524344,0.02616802860893566
47.484807256235825,252.52132714836532,59.386820576352434,59.0,38.68205763524344,0.022944219124638215
47.50802721088435,252.52132714836532,59.386820576352434,59.0,38.68205763524344,0.013100262549110685
47.53124716553288,253.98416831491193,59.48682057635243,59.0,48.68205763524287,0.010140046044704067
47.55446712018141,255.45548363412797,59.58682057635243,60.0,-41.31794236475699,0.010073751764282884
47.57768707482993,256.9353221962805,59.686820576352424,60.0,-31.317942364757556,0.010140046044704068
47.600907029478456,256.9353221962805,59.686820576352424,60.0,-31.317942364757556,0.010140046044704068
47.62412698412698,255.45548363412797,59.58682057635243,60.0,-41.31794236475699,0.011085791888943373
47.64734693877551,255.45548363412797,59.58682057635243,60.0,-41.31794236475699,0.010259050559778861
47.67056689342404,256.9353221962805,59.686820576352424,60.0,-31.317942364757556,0.010140046044704068
47.69378684807256,256.9353221962805,59.686820576352424,60.0,-31.317942364757556,0.010140046044704068
47.71700680272109,258.42373337601344,59.78682057635242,60.0,-21.317942364758125,0.010073751764282884
47.74022675736961,258.42373337601344,59.78682057635242,60.0,-21.317942364758125,0.010073751764282884
47.763446712018144,258.42373337601344,59.78682057635242,60.0,-21.317942364758125,0.010026724673810768
47.78666666666667,255.45548363412797,59.58682057635243,60.0,-41.31794236475699,0.01000123296498612
47.809886621315194,255.45548363412797,59.58682057635243,60.0,-41.31794236475699,0.010000127845232541
47.83310657596372,,,,,0.010000027850262286
47.85632653061224,,,,,0.010000005216229449
47.87954648526077,,,,,0.01000000928748663
47.9027664399093,,,,,0.010000000814014906
47.925986394557825,,,,,0.010000000208892744
47.94920634920635,,,,,0.010000516719604524
47.972426303854874,,,,,0.010013068846238975
47.9956462585034,,,,,0.01002672467381077
48.01886621315193,,,,,0.01002672467381077
48.042086167800456,,,,,0.010000802780927253
48.06530612244898,,,,,0.010000127845232543
48.088526077097505,,,,,0.01000020633903134
48.11174603174603,,,,,0.01000281582580947
48.134965986394555,,,,,0.010026724585219306
48.15818594104309,,,,,0.010002791494616355
48.18140589569161,,,,,0.01001295701004122
48.204625850340136,,,,,0.010073571495664534
48.22784580498866,,,,,0.010013066333237616
48.251065759637186,,,,,0.010026724673274626
48.27428571428572,,,,,0.010004191052259127
48.29750566893424,,,,,0.010001232923302036
48.32072562358277,,,,,0.010000027850196432
48.34394557823129,,,,,0.010000000814013275
48.36716553287982,,,,,0.010000005216229449
48.39038548752834,,,,,0.010000000208892745
48.41360544217687,,,,,0.010000000047726023
48.4368253968254,,,,,0.010000000009505966
48.46004535147392,,,,,0.010000000814014904
48.48326530612245,,,,,0.01000000000399624
48.50648526077097,,,,,0.01000000000253602
48.529705215419504,,,,,2.6229052068615862e-12
48.55292517006803,,,,,2.0326519277391204e-13
48.576145124716554,,,,,6.438928887022561e-12
48.59936507936508,,,,,0.01000000001816968
48.6225850340136,,,,,0.010000000046322866
48.64580498866213,,,,,0.010000000028553696
48.66902494331066,,,,,3.2218220550766994e-15
48.692244897959185,,,,,0.010000000000155182
48.71546485260771,,,,,0.010000001538234186
48.738684807256234,,,,,0.010000516534079348
48.76190476190476,,,,,0.010000515346638521
48.78512471655329,,,,,0.01000007672779612
48.808344671201816,,,,,0.010000016222932177
48.83156462585034,,,,,0.010000000101429396
48.854784580498865,,,,,0.010000000003996623
48.87800453514739,,,,,0.01000000000061386
48.901224489795915,,,,,0.01000000000061386
48.92444444444445,,,,,0.010000000000221911
48.94766439909297,,,,,0.01000000000022182
48.970884353741496,,,,,9.430544759081905e-15
48.99410430839002,,,,,0.010000000000022219
49.017324263038546,,,,,0.010000002871100366
49.04054421768708,,,,,0.01000012784521171
49.0637641723356,,,,,0.010001231614219322
49.08698412698413,,,,,0.010037764152167162
49.11020408163265,,,,,0.01005296736351819
49.13342403628118,,,,,0.010467533608767402
49.1566439909297,,,,,0.010824463728234167
49.179863945578234,,,,,0.01508558729750434
49.20308390022676,,,,,0.03010686179419501
49.22630385487528,,,,,0.013100262550513301
49.24952380952381,,,,,0.01007375176374674
49.27274376417233,,,,,0.010000802598472379
49.295963718820865,,,,,0.010000027808576605
49.31918367346939,,,,,0.01000000521622945
49.342403628117914,,,,,0.010000016226422836
49.36562358276644,,,,,0.010001873046012551
49.388843537414964,,,,,0.01000020633903134
49.412063492063496,,,,,0.010000027850262284
49.43528344671202,,,,,0.010000016226422836
49.458503401360545,,,,,0.01000012784523254
49.48172335600907,,,,,0.010000078102274275
49.504943310657595,,,,,0.010000206320077197
49.52816326530612,,,,,0.01000116458717342
49.55138321995465,,,,,0.010005997897402774
49.574603174603176,,,,,0.010000088962363776
49.5978231292517,,,,,9.40406174909649e-09
49.621043083900226,,,,,6.701583689756586e-10
49.64426303854875,,,,,1.1596181624661131e-09
49.66748299319728,,,,,0.010000086025513234
49.69070294784581,,,,,0.0100008027619726
49.71392290249433,,,,,0.010037765501526977
49.73714285714286,,,,,0.010101974593551173
49.76036281179138,,,,,0.010073751722599002
49.783582766439906,,,,,0.010002814475044506
49.80680272108844,,,,,0.01003774117763457
49.83002267573696,,,,,0.01185348107030006
49.85324263038549,,,,,0.010824422671524482
49.87646258503401,,,,,0.013980169323478857
49.89968253968254,,,,,0.010622604485063226
49.92290249433107,,,,,0.010101972086127595
49.946122448979594,,,,,0.010002791460827725
49.96934240362812,,,,,5.8087217384747295e-09
49.99256235827664,,,,,4.069993481312693e-08
50.01578231292517,,,,,0.010000136931074734
50.03900226757369,,,,,0.010026723962820666
50.062222222222225,,,,,0.010052966835003879
50.08544217687075,,,,,0.01000280771376761
50.108662131519274,,,,,0.010000508607559095
50.1318820861678,,,,,9.47795629524138e-09
50.155102040816324,,,,,1.1265075736210515e-06
50.178321995464856,,,,,8.91020822558212e-06
50.20154195011338,,,,,0.0002913824192120649
50.224761904761905,,,,,0.001334414936960512
50.24798185941043,,,,,0.025900543735166613
50.271201814058955,,,,,0.05905628426045329
50.29442176870748,,,,,0.026551056627688207
50.31764172335601,,,,,0.013840506089100577
50.340861678004536,,,,,0.013675248577937352
50.36408163265306,,,,,0.011333242236732512
50.387301587301586,,,,,0.010657428417624267
50.41052154195011,,,,,0.010169958579546744
50.43374149659864,,,,,5.497035009515836e-07
50.45696145124717,,,,,5.648014200147323e-07
50.48018140589569,,,,,0.010027376011692705
50.50340136054422,,,,,0.010499994431742972
50.52662131519274,,,,,0.01005504590069075
50.54984126984127,,,,,0.010010763437113263
50.5730612244898,,,,,0.010001163849618607
50.59628117913832,,,,,0.010000448353207996
50.61950113378685,,,,,0.010035300442830098
50.64272108843537,,,,,0.010226037956468845
50.6659410430839,,,,,0.011299867092665072
50.68916099773243,,,,,0.011994649778577289
50.712380952380954,,,,,0.016944817782292974
50.73560090702948,,,,,0.018698401419705322
50.758820861678004,,,,,0.019075234946751885
50.78204081632653,,,,,0.016942718440216397
50.80526077097505,,,,,0.011115452767920473
50.828480725623585,,,,,0.01372975508683843
50.85170068027211,,,,,0.015821953175336707
50.874920634920635,,,,,0.022919999364101228
50.89814058956916,,,,,0.03354447357115605
50.921360544217684,,,,,0.011852222680141194
50.944580498866216,,,,,4.427005788212405e-05
50.96780045351474,,,,,7.623310009732468e-07
50.991020408163266,,,,,6.396117392871472e-10
51.01424036281179,,,,,1.9251370987258017e-10
51.037460317460315,,,,,1.99452060014242e-09
51.06068027210885,,,,,3.4869464300911996e-10
51.08390022675737,,,,,1.2538258892900129e-11
51.1071201814059,,,,,0.010000004493628515
51.13034013605442,,,,,0.010000009104594296
51.153560090702946,,,,,5.660395679850713e-09
51.17678004535147,,,,,1.1185848757706037e-09
51.2,,,,,3.458348453630783e-10
51.22321995464853,,,,,2.8298669713249876e-11
51.24643990929705,,,,,6.28380205116878e-10
51.26965986394558,,,,,1.5787735925448955e-08
51.2928798185941,,,,,1.0401373556450568e-07
51.316099773242634,,,,,1.149578211516429e-06
51.33931972789116,,,,,0.010259050559778863
51.36253968253968,,,,,0.01002672467381077
51.38575963718821,,,,,1.546753129928663e-08
51.40897959183673,,,,,9.415576595932509e-09
51.43219954648526,,,,,0.010000198099385621
51.45541950113379,,,,,1.1212469375758966e-09
51.478639455782314,,,,,0.01000031439754649
51.50185941043084,,,,,0.01000611031840642
51.525079365079364,,,,,0.010011429016223176
51.54829931972789,,,,,0.010001873046012551
51.57151927437642,,,,,0.010001873046012553
51.594739229024945,,,,,0.010000516719604523
51.61795918367347,,,,,0.01000123296498612
51.641179138321995,,,,,0.010000078102280324
51.66439909297052,,,,,0.010000788604776756
51.687619047619044,,,,,0.010002815825811098
51.710839002267576,,,,,0.010259050559778863
51.7340589569161,,,,,0.01002672467381077
51.757278911564626,,,,,0.01000419105279527
51.78049886621315,,,,,0.010000009287486629
51.803718820861675,,,,,0.010000000101429396
51.82693877551021,,,,,0.010000000021701592
51.85015873015873,,,,,0.010000000208892744
51.87337868480726,,,,,0.010000000101429396
51.89659863945578,,,,,0.010000000101429395
51.919818594104306,516.847466752027,71.78682057635244,72.0,-21.317942364755993,0.010000000101429396
51.94303854875283,528.9282036186955,72.18682057635243,72.0,18.682057635243154,0.0100000470079773
51.96625850340136,550.7529198363712,72.88682057635242,73.0,-11.317942364757982,0.010001873046012551
51.98947845804989,550.7529198363712,72.88682057635242,73.0,-11.317942364757982,0.01001876450976914
52.01269841269841,570.1751796098172,73.48682057635243,73.0,48.68205763524287,0.010037765502929688
52.03591836734694,576.8002960709314,73.68682057635243,74.0,-31.317942364756846,0.010009025493342986
52.05913832199546,580.1416661939907,73.78682057635243,74.0,-21.317942364757414,0.010001873046012551
52.082358276643994,580.1416661939907,73.78682057635243,74.0,-21.317942364757414,0.010000516719604524
52.10557823129252,573.4781708236496,73.58682057635242,74.0,-41.3179423647577,0.01000020633903134
52.128798185941044,583.5023926772587,73.88682057635242,74.0,-11.317942364757982,0.010001873046012551
52.15201814058957,580.1416661939907,73.78682057635243,74.0,-21.317942364757414,0.010006178555334078
52.17523809523809,583.5023926772587,73.88682057635242,74.0,-11.317942364757982,0.01000032860450166
52.19845804988662,576.8002960709314,73.68682057635243,74.0,-31.317942364756846,0.010073751764282884
52.22167800453515,566.8912122255109,73.38682057635243,73.0,38.68205763524344,0.010037765502929688
52.244897959183675,573.4781708236496,73.58682057635242,74.0,-41.3179423647577,0.010009025493342986
52.2681179138322,590.282363895001,74.08682057635244,74.0,8.682057635243723,0.010349055133375844
52.291337868480724,,,,,5.05035239464279e-07
52.31455782312925,,,,,3.437393298675514e-07
52.33777777777778,,,,,1.0897001045797685e-06
52.360997732426306,,,,,1.5393807586395516e-08
52.38421768707483,,,,,3.353389472704389e-09
52.407437641723355,,,,,1.539352400240299e-08
52.43065759637188,,,,,3.2178491839635196e-06
52.453877551020405,293.44129382549477,61.98682057635242,62.0,-1.3179423647578403,0.010125460800908195
52.47709750566894,293.44129382549477,61.98682057635242,62.0,-1.3179423647578403,0.01069989229758548
52.50031746031746,295.1411819475005,62.08682057635244,62.0,8.682057635243723,0.01287005213819155
52.523537414965986,298.57055729177836,62.286820576352426,62.0,28.682057635242586,0.020195200156700673
52.54675736961451,298.57055729177836,62.286820576352426,62.0,28.682057635242586,0.026045673862184652
52.569977324263036,298.57055729177836,62.286820576352426,62.0,28.682057635242586,0.03489496799377357
52.59319727891157,296.85091742121904,62.18682057635243,62.0,18.682057635243154,0.03489742551117393
52.61641723356009,296.85091742121904,62.18682057635243,62.0,18.682057635243154,0.034897428016133464
52.63963718820862,296.85091742121904,62.18682057635243,62.0,18.682057635243154,0.02294421912463822
52.66285714285714,295.1411819475005,62.08682057635244,62.0,8.682057635243723,0.030106861794195007
52.68607709750567,296.85091742121904,62.18682057635243,62.0,18.682057635243154,0.0229442191246386
52.70929705215419,295.1411819475005,62.08682057635244,62.0,8.682057635243723,0.01646758759311301
52.73251700680272,293.44129382549477,61.98682057635242,62.0,-1.3179423647578403,0.03489742801962526
52.75573696145125,293.44129382549477,61.98682057635242,62.0,-1.3179423647578403,0.022944219124638603
52.77895691609977,293.44129382549477,61.98682057635242,62.0,-1.3179423647578403,0.011853505394683413
52.8021768707483,293.44129382549477,61.98682057635242,62.0,-1.3179423647578403,0.010622609040911534
52.82539682539682,296.85091742121904,62.18682057635243,62.0,18.682057635243154,0.010824463726831395
52.848616780045354,293.44129382549477,61.98682057635242,62.0,-1.3179423647578403,0.014996496342750368
52.87183673469388,293.44129382549477,61.98682057635242,62.0,-1.3179423647578403,0.066081512709207
52.895056689342404,291.75119633862937,61.88682057635243,62.0,-11.317942364757272,0.24075439447557415
52.91827664399093,290.07083309699533,61.78682057635243,62.0,-21.317942364756703,0.3233360583906409
52.94149659863945,290.07083309699533,61.78682057635243,62.0,-21.317942364756703,0.24075439447557417
52.964716553287985,288.4001480354657,61.68682057635244,62.0,-31.317942364756135,0.10857977072874499
52.98793650793651,286.73908541182476,61.58682057635242,62.0,-41.3179423647577,0.04069733156888106
53.011156462585035,286.73908541182476,61.58682057635242,62.0,-41.3179423647577,0.018187375734912182
53.03437641723356,286.73908541182476,61.58682057635242,62.0,-41.3179423647577,0.026168028608935755
53.057596371882084,286.73908541182476,61.58682057635242,62.0,-41.3179423647577,0.013100262550513395
53.08081632653061,278.5761802547597,61.08682057635243,61.0,8.682057635243012,0.0100028158258111
53.10403628117914,270.6456571620635,60.58682057635244,61.0,-41.31794236475628,0.010009025493342986
53.127256235827666,,,,,0.010000516719604523
53.15047619047619,,,,,0.010000047007977303
53.173696145124715,,,,,0.01001876450976914
53.19691609977324,,,,,0.010622609040911534
53.22013605442177,,,,,0.013100262550513395
53.2433560090703,,,,,0.018187375734912182
53.26657596371882,,,,,0.010052967545965857
53.289795918367346,,,,,0.010013068846238971
53.31301587301587,,,,,0.01000000928748663
53.336235827664396,,,,,0.010000001546554296
53.35945578231293,,,,,0.010000000814014906
53.38267573696145,,,,,0.01000000928748663
53.40589569160998,,,,,0.010000078102280324
53.4291156462585,,,,,0.01000419105279527
53.45233560090703,,,,,0.01010197459374499
53.47555555555556,,,,,0.01001876450976914
53.498775510204084,,,,,0.010013068846238975
53.52199546485261,,,,,0.01000419105279527
53.54521541950113,,,,,0.0100028158258111
53.56843537414966,,,,,0.010000802780927255
53.59165532879818,,,,,0.010000516719604521
53.614875283446715,,,,,0.010000078102280326
53.63809523809524,,,,,0.010000016226422836
53.661315192743764,,,,,0.010000078102280324
53.68453514739229,,,,,0.01000000521622945
53.707755102040814,,,,,0.01000000287110037
53.730975056689346,,,,,0.010000000814014904
53.75419501133787,,,,,0.010000002871100368
53.777414965986395,,,,,0.010000009287486629
53.80063492063492,,,,,0.010000000208892745
53.823854875283445,,,,,0.010000009287486629
53.84707482993197,,,,,0.010000002871100366
53.8702947845805,,,,,0.010000001546554296
53.893514739229026,,,,,0.010000328604501658
53.91673469387755,,,,,0.010000802780927255
53.939954648526076,,,,,0.010052967545965857
53.9631746031746,,,,,0.01019107549696831
53.98639455782313,,,,,0.011085791888943373
54.00961451247166,,,,,0.010622609040911534
54.03283446712018,,,,,0.010622609040911531
54.05605442176871,,,,,0.010622609040911531
54.07927437641723,,,,,0.010259050559778864
54.102494331065756,,,,,0.010349055133375844
54.12571428571429,,,,,0.010622609040911533
54.14893424036281,,,,,0.010052967545965857
54.17215419501134,,,,,0.010000802780927255
54.19537414965986,,,,,0.010000078102280324
54.21859410430839,,,,,0.01000000928748663
54.24181405895692,,,,,0.010000027850262286
54.265034013605444,,,,,0.01000000928748663
54.28825396825397,,,,,0.010000000021701497
54.31147392290249,,,,,0.010000000009505584
54.33469387755102,,,,,0.010000000814014906
54.35791383219954,,,,,0.010000000208892742
54.381133786848075,,,,,0.010000000814014906
54.4043537414966,,,,,0.010000027850262284
54.427573696145124,,,,,0.01000000928748663
54.45079365079365,,,,,0.01000000928748663
54.474013605442174,,,,,0.010000047007977303
54.497233560090706,,,,,0.01000020633903134
54.52045351473923,,,,,0.010000027850262284
54.543673469387755,,,,,0.010000016226422836
54.56689342403628,,,,,0.010000016226422834
54.590113378684805,,,,,0.010000009287486629
54.61333333333334,,,,,0.010001873046012551
54.63655328798186,,,,,0.010037765502929688
54.659773242630386,,,,,0.010006178555334078
54.68299319727891,,,,,0.010001873046012551
54.706213151927436,,,,,0.010000027850262286
54.72943310657596,,,,,0.01000000928748663
54.75265306122449,,,,,0.010000000417925077
54.77587301587302,,,,,0.010000000208892744
54.79909297052154,,,,,0.010000000417925077
54.82231292517007,,,,,0.010000000208871911
54.84553287981859,,,,,0.010000027808477896
54.868752834467124,,,,,0.01000000928748663
54.89197278911565,,,,,0.0100000470079773
54.91519274376417,,,,,0.010002815825811098
54.9384126984127,,,,,0.010037765502929688
54.96163265306122,,,,,0.010467533598115763
54.98485260770975,,,,,0.010824463686550111
55.00807256235828,,,,,0.011422334162116894
55.031292517006804,,,,,0.010349055091691994
55.05451247165533,,,,,0.010467533608767404
55.077732426303854,,,,,0.010026724670320125
55.10095238095238,,,,,0.010000516718201773
55.12417233560091,,,,,0.010001232876370643
55.147392290249435,,,,,0.010009022985308088
55.17061224489796,,,,,0.010101933536917317
55.193832199546485,,,,,0.010349047021692117
55.21705215419501,,,,,0.011085504878149627
55.240272108843534,,,,,0.010052943191995156
55.263492063492066,,,,,0.01007363991758446
55.28671201814059,,,,,0.010258982266443811
55.309931972789116,,,,,0.010018761996014926
55.33315192743764,,,,,0.010348597363475865
55.356371882086165,,,,,0.010026655853626516
55.3795918367347,,,,,0.010008844829677455
55.40281179138322,,,,,0.010001159046017742
55.42603174603175,,,,,1.0096672927735401e-10
55.44925170068027,,,,,3.6756454547837473e-10
55.472471655328796,,,,,6.407896066314216e-08
55.49569160997732,,,,,6.084148153606961e-09
55.51891156462585,,,,,3.979860258550137e-08
55.54213151927438,,,,,9.948925732844676e-11
55.5653514739229,,,,,0.0100000470079773
55.58857142857143,,,,,1.3664493242898396e-11
55.61179138321995,,,,,1.0395744404111114e-10
55.635011337868484,,,,,1.8766691355411018e-10
55.65823129251701,,,,,5.6266042967855594e-11
55.68145124716553,,,,,1.977140682168065e-10
55.70467120181406,,,,,2.0849679812733595e-09
55.72789115646258,,,,,6.513128095237918e-08
55.75111111111111,,,,,2.25921262748508e-07
55.77433106575964,,,,,0.010001761126134849
55.797551020408164,,,,,0.010000091483563999
55.82077097505669,,,,,0.010003094322155067
55.843990929705214,,,,,3.365769051588555e-09
55.86721088435374,,,,,2.0865963398411673e-09
55.89043083900227,,,,,7.0753485950978e-10
55.913650793650795,,,,,1.2527253043394976e-11
55.93687074829932,,,,,0.010000027850262286
55.960090702947845,,,,,0.01000020633903134
55.98331065759637,,,,,0.010000802780927255
56.006530612244894,,,,,0.0100000470079773
56.029750566893426,,,,,0.01000000928748663
56.05297052154195,,,,,0.010000000208892742
56.076190476190476,,,,,0.010000002871100368
56.099410430839,,,,,0.010000002867609586
56.122630385487525,,,,,0.010000009287420756
56.14585034013606,,,,,0.010000009283987733
56.16907029478458,,,,,0.010000001546554296
56.19229024943311,,,,,0.010000000417925077
56.21551020408163,,,,,0.010000000814014906
56.23873015873016,,,,,0.010000000814014906
56.26195011337869,,,,,0.010000000814014906
56.28517006802721,,,,,0.010000005216229449
56.30839002267574,,,,,0.010000000021701592
56.33160997732426,,,,,0.010000000021701592
56.35482993197279,,,,,0.010000000101429396
56.37804988662131,,,,,0.01000000000399499
56.401269841269844,,,,,0.0100000000471886
56.42448979591837,,,,,0.01000000072539934
56.447709750566894,,,,,0.010000000200572805
56.47092970521542,,,,,0.010000016226356965
56.49414965986394,,,,,0.010000005216229449
56.517369614512475,,,,,0.010000000021701592
56.540589569161,,,,,0.010000000021701594
56.563809523809525,,,,,0.010000000208892744
56.58702947845805,,,,,0.010000000814014908
56.610249433106574,,,,,0.010000000417925077
56.6334693877551,,,,,0.010000000101429396
56.65668934240363,,,,,0.010000000208892744
56.679909297052156,,,,,0.010000005216229449
56.70312925170068,,,,,0.01000020633903134
56.726349206349205,,,,,0.010001873046012551
56.74956916099773,,,,,0.010004191052789223
56.77278911564626,,,,,0.01000419105277444
56.79600907029479,,,,,0.01000032860450166
56.81922902494331,,,,,0.010000001546554296
56.842448979591836,,,,,0.010000078102280324
56.86566893424036,,,,,0.010000078102280324
56.888888888888886,,,,,0.0100000470079773
56.91210884353742,,,,,0.010000027850262286
56.93532879818594,,,,,0.010000001546554296
56.95854875283447,,,,,0.01000020633903134
56.98176870748299,,,,,0.010000206338495196
57.00498866213152,,,,,0.010000047007971254
57.02820861678005,,,,,0.01000032860450166
57.05142857142857,,,,,0.010000078102280322
57.0746485260771,,,,,0.0100000470079773
57.09786848072562,,,,,0.010000027850262286
57.12108843537415,,,,,0.01000020633903134
57.14430839002267,,,,,0.010004191052259102
57.167528344671204,,,,,0.010000802780733379
57.19074829931973,,,,,0.010000206338495193
57.213968253968254,,,,,0.010000078102274277
57.23718820861678,,,,,0.010000002871100368
57.2604081632653,,,,,0.010000000009505967
57.283628117913835,,,,,0.010000000003996624
57.30684807256236,,,,,0.010000000814014906
57.330068027210885,,,,,0.010000016226422836
57.35328798185941,,,,,0.010000127845232541
57.376507936507934,,,,,0.010002815825790268
57.39972789115646,,,,,0.010001873046012553
57.42294784580499,,,,,0.010001232964986118
57.446167800453516,,,,,0.01000020633903134
57.46938775510204,,,,,0.010000127845232541
57.492607709750565,,,,,0.010000127845232541
57.51582766439909,,,,,0.01000000521622945
57.53904761904762,,,,,0.010000002871099983
57.56226757369615,,,,,0.010000002871099985
57.58548752834467,,,,,0.01000000928748663
57.608707482993196,,,,,0.010000000814014904
57.63192743764172,,,,,0.010000002871100366
57.655147392290246,,,,,0.010000016226422836
57.67836734693878,,,,,0.010000516719604429
57.7015873015873,,,,,0.010000328604495613
57.72480725623583,,,,,0.010000000208892742
57.74802721088435,,,,,0.010000001546554296
57.77124716553288,,,,,0.010000000814014904
57.79446712018141,,,,,0.010000005216229447
57.817687074829934,,,,,0.010000078102280322
57.84090702947846,,,,,0.010000000208892744
57.86412698412698,,,,,0.010000000208892745
57.88734693877551,,,,,0.010000000000613858
57.91056689342403,,,,,0.010000000021701594
57.933786848072565,,,,,0.010000000009505966
57.95700680272109,,,,,0.010000000021701592
57.980226757369614,,,,,0.010000000417925077
58.00344671201814,,,,,0.010000000101429396
58.026666666666664,,,,,0.010000000417925077
58.049886621315196,,,,,0.010000000047726023
58.07310657596372,,,,,0.010000000021701592
58.096326530612245,,,,,0.010000000000221911
58.11954648526077,,,,,0.01000000000061386
58.142766439909295,,,,,0.010000000001606037
58.16598639455783,,,,,0.010000000001606035
58.18920634920635,,,,,0.010000000003996621
58.212426303854876,,,,,0.010000000009505967
58.2356462585034,,,,,0.010000000009505967
58.258866213151926,,,,,0.0100000000000754
58.28208616780045,,,,,0.010000000001606035
58.30530612244898,,,,,0.010000000101429396
58.32852607709751,,,,,0.010000002871100368
58.35174603174603,,,,,0.01000020633903134
58.37496598639456,,,,,0.010000516719604427
58.39818594104308,,,,,0.01000007810227994
58.42140589569161,,,,,0.010000016226422836
58.44462585034014,,,,,0.010000005216227816
58.46784580498866,,,,,0.010000078102259493
58.49106575963719,,,,,0.010000078098789528
58.51428571428571,,,,,0.010000206297334526
58.53750566893424,,,,,0.010000127662528576
58.56072562358277,,,,,0.010000005197275192
58.583945578231294,,,,,0.01000000023512021
58.60716553287982,,,,,0.010000005033748916
58.63038548752834,,,,,0.010000005197274774
58.65360544217687,,,,,0.010000000207489996
58.6768253968254,,,,,0.010000027850262288
58.700045351473925,,,,,0.010000000021701592
58.72326530612245,,,,,0.010000000000221913
58.746485260770974,,,,,0.010000000009505967
58.7697052154195,,,,,0.010000000814014904
58.792925170068024,,,,,0.010000001546554296
58.816145124716556,,,,,0.010000002871079538
58.83936507936508,,,,,0.010000005216208618
58.862585034013605,,,,,0.010000005215693284
58.88580498866213,,,,,0.010000000417925075
58.909024943310655,,,,,0.010000000001606035
58.93224489795919,,,,,0.010000000000221913
58.95546485260771,,,,,0.010000000009504335
58.978684807256236,,,,,0.01000000000160565
59.00190476190476,,,,,0.01000000002168076
59.025124716553286,,,,,0.010000000101423349
59.04834467120181,,,,,0.010000000814014906
59.07156462585034,,,,,0.010000000001606035
59.09478458049887,,,,,0.010000000001606035
59.11800453514739,,,,,0.010000000000613858
59.14122448979592,,,,,0.010000000018154964
59.16444444444444,,,,,0.010000000813478748
59.187664399092974,,,,,0.010000001545128694
59.2108843537415,,,,,0.010000000101429395
59.23410430839002,,,,,0.010000000205393846
59.25732426303855,,,,,0.010000000208892744
59.28054421768707,,,,,0.010000000417388754
59.3037641723356,,,,,0.010000002829316118
59.32698412698413,,,,,0.010000005174532043
59.350204081632654,,,,,0.010000023210936586
59.37342403628118,,,,,1.9544668938948347e-09
59.396643990929704,,,,,0.010000181955744604
59.41986394557823,,,,,0.010000125331475748
59.44308390022676,,,,,0.010000002870564224
59.466303854875285,,,,,0.01000000928748663
59.48952380952381,,,,,0.010000000021701592
59.512743764172335,,,,,0.010000000003996527
59.53596371882086,,,,,0.01000000002169996
59.559183673469384,,,,,0.010000005216163595
59.582403628117916,,,,,0.010000009287420775
59.60562358276644,,,,,0.010000206338837523
59.628843537414966,,,,,0.010000003851964001
59.65206349206349,,,,,2.7830086377341583e-14
59.675283446712015,,,,,1.0970248324409845e-10
59.69850340136055,,,,,9.946465474599316e-11
59.72172335600907,,,,,1.2976589679835205e-11
59.7449433106576,,,,,0.0100061542228951
59.76816326530612,,,,,0.010000514205948796
59.791383219954646,,,,,0.010101933165944254
59.81460317460318,,,,,0.011422266025864767
59.8378231292517,,,,,0.012403056577111304
59.86104308390023,,,,,0.016467475933240053
59.88426303854875,,,,,0.010622600927295629
59.90748299319728,,,,,0.010052967457348985
59.9307029478458,,,,,0.010037765414317217
59.953922902494334,,,,,0.010073751745328742
59.97714285714286,,,,,0.010013068844836265
60.00036281179138,,,,,0.010004191052795269
60.02358276643991,,,,,0.0100000470079773
60.04680272108843,,,,,0.010001873046012551
60.070022675736965,,,,,0.010009025493342986
60.09324263038549,,,,,0.010009025493342986
60.116462585034014,,,,,0.010073751764089067
60.13968253968254,,,,,0.010000328585508386
60.162902494331064,,,,,0.01000000928608351
60.18612244897959,,,,,0.010000016207424632
60.20934240362812,,,,,0.010000047007911446
60.232562358276645,,,,,0.010000328604480828
60.25578231292517,,,,,0.010000802780861401
60.279002267573695,,,,,0.010000078098781428
60.30222222222222,,,,,0.010000206156327235
60.32544217687075,,,,,0.010000077730519268
60.348662131519276,,,,,0.010000001496662553
60.3718820861678,,,,,3.460146604990795e-10
60.395102040816326,,,,,2.6387239186665205e-12
60.41832199546485,,,,,1.234829639013038e-11
60.441541950113375,,,,,0.010000002685403018
60.46476190476191,,,,,0.010000005174545355
60.48798185941043,,,,,0.010000046825482367
60.51120181405896,,,,,0.010000016207468182
60.53442176870748,,,,,0.010000007912966874
60.55764172335601,,,,,9.870521918601932e-11
60.58086167800454,,,,,1.2044669423565014e-12
60.60408163265306,,,,,0.010000002674218685
60.62730158730159,,,,,0.010002814475044286
60.65052154195011,,,,,0.01000032725192847
60.67374149659864,,,,,0.01000281564311435
60.69696145124716,,,,,0.010004166349073038
60.720181405895694,,,,,0.010018761998831335
60.74340136054422,,,,,0.010009022979692488
60.766621315192744,,,,,0.01000122483315361
60.78984126984127,,,,,0.010000046919172039
60.81306122448979,,,,,0.010000127803491415
60.836281179138325,,,,,0.010000206320077198
60.85950113378685,,,,,0.010000027761673974
60.882721088435375,,,,,0.010000008575178574
60.9059410430839,,,,,1.9765138734686474e-09
60.929160997732424,,,,,0.010000314408290929
60.95238095238095,,,,,0.010000058753019707
60.97560090702948,,,,,0.010000137516677585
60.998820861678006,,,,,0.0100000232153175
61.02204081632653,,,,,9.868763959575675e-11
61.045260770975055,,,,,1.1242017717747395e-09
61.06848072562358,,,,,9.53524750495629e-09
61.09170068027211,,,,,3.746752296889382e-09
61.11492063492064,,,,,2.4918348805693352e-08
61.13814058956916,,,,,3.746791937848566e-09
61.161360544217686,,,,,1.9943479568872063e-09
61.18458049886621,,,,,0.010000002152820264
61.207800453514736,,,,,0.010000073462149471
61.23102040816327,,,,,0.010000326050426252
61.25424036281179,,,,,0.010000027478445564
61.27746031746032,,,,,0.010000005207926712
61.30068027210884,,,,,0.010000009283995965
61.32390022675737,,,,,0.010000047007911447
61.3471201814059,,,,,0.010000127845226492
61.37034013605442,,,,,0.01000032860430784
61.39356009070295,,,,,0.010000009287465798
61.41678004535147,,,,,0.010000000810524105
61.44,,,,,0.010000015502199755
61.46321995464853,,,,,0.010000205967263526
61.486439909297054,,,,,0.01000418648601966
61.50965986394558,,,,,0.010037751207748446
61.532879818594104,,,,,0.010191070941094359
61.55609977324263,,,,,0.010101970027022808
61.57931972789115,,,,,0.010000518819070983
61.602539682539685,,,,,0.010000336295536209
61.62575963718821,,,,,1.5396452245928306e-08
61.648979591836735,,,,,1.955215363770529e-09
61.67219954648526,,,,,0.01000013685784607
61.695419501133784,,,,,6.311132479238666e-10
61.718639455782316,,,,,6.439589943066099e-12
61.74185941043084,,,,,9.945333733458292e-11
61.765079365079366,,,,,3.576035022008972e-10
61.78829931972789,,,,,2.0825185848821986e-10
61.811519274376415,,,,,6.284188416678721e-10
61.83473922902494,,,,,6.344189122942807e-10
61.85795918367347,,,,,6.702731613456289e-10
61.881179138322,,,,,1.6148824069052668e-06
61.90439909297052,,,,,4.6360622898497725e-06
61.92761904761905,,,,,3.4196986559904576e-07
61.95083900226757,,,,,2.3481797619331e-06
61.9740589569161,,,,,7.021578184114513e-08
61.99727891156463,,,,,5.337186723639642e-07
62.02049886621315,,,,,3.5713159758574763e-07
62.04371882086168,,,,,3.39714884887911e-07
62.0669387755102,,,,,7.486003401531542e-07
62.09015873015873,,,,,1.6135953114362016e-06
62.11337868480726,,,,,1.5050752897433122e-07
62.136598639455784,,,,,1.1213313695013776e-09
62.15981859410431,,,,,3.4601466013830326e-10
62.18303854875283,,,,,1.540497584949698e-08
62.20625850340136,,,,,6.402265957788121e-08
62.22947845804989,,,,,0.01000546725038926
62.252698412698415,,,,,3.9588922081378267e-08
62.27591836734694,,,,,1.5437030580394467e-08
62.299138321995464,,,,,6.224151118319137e-08
62.32235827664399,,,,,7.499302756605388e-05
62.345578231292514,,,,,0.00022330273428034644
62.368798185941046,,,,,2.2594188229977428e-06
62.39201814058957,,,,,2.259451945534073e-06
62.415238095238095,,,,,4.554770684642037e-06
62.43845804988662,,,,,7.486364036189567e-07
62.461678004535145,,,,,3.6782867786265546e-07
62.48489795918368,,,,,9.779448713717131e-08
62.5081179138322,,,,,3.245284702047071e-06
62.531337868480726,,,,,2.271700983204141e-06
62.55455782312925,,,,,1.5738424780531088e-06
62.577777777777776,,,,,5.046327421887245e-07
62.6009977324263,,,,,1.484576149900667e-07
62.62421768707483,,,,,7.439415718764163e-07
62.64743764172336,,,,,6.377674783228251e-06
62.67065759637188,,,,,2.300686791162187e-05
62.69387755102041,,,,,8.880307263316602e-06
62.71709750566893,,,,,1.2278585469053577e-05
62.74031746031746,,,,,8.880301770080798e-06
62.76353741496599,,,,,3.217843488537383e-06
62.78675736961451,,,,,6.37791204773849e-06
62.80997732426304,,,,,3.217840751740358e-06
62.83319727891156,,,,,1.5736597543099503e-06
62.85641723356009,,,,,3.3904658960540957e-07
62.87963718820862,,,,,1.5435547758587224e-08
62.902857142857144,,,,,1.5399755376574914e-08
62.92607709750567,,,,,1.4846370438076845e-07
62.94929705215419,,,,,2.2595101526378972e-06
62.97251700680272,,,,,4.2040258113100714e-05
62.99573696145125,,,,,3.1192607361130284e-05
