time_s,f0_hz,midi,nearest_midi,cents_deviation,voiced_prob
0.0,,,,,0.010000000417925077
0.023219954648526078,,,,,0.010000000021701592
0.046439909297052155,,,,,0.010000000009505967
0.06965986394557823,,,,,0.010000000003996623
0.09287981859410431,,,,,0.010000000000075398
0.11609977324263039,,,,,0.0100000000000754
0.13931972789115646,,,,,0.010000000000023851
0.16253968253968254,,,,,0.010000000000023851
0.18575963718820862,,,,,0.01000000000061386
0.2089795918367347,,,,,0.010000000001606035
0.23219954648526078,,,,,0.010000000000023851
0.25541950113378686,,,,,0.010000000000000439
0.2786394557823129,,,,,0.01000000000000011
0.301859410430839,,,,,0.01000000000002385
0.3250793650793651,,,,,0.010000000000023851
0.34829931972789113,,,,,0.010000000003996621
0.37151927437641724,,,,,0.010000000003996623
0.3947392290249433,,,,,0.010000000003996623
0.4179591836734694,,,,,0.010000000003996623
0.44117913832199546,,,,,0.010000000000006925
0.46439909297052157,,,,,0.0100000000000754
0.4876190476190476,,,,,0.0100000000000754
0.5108390022675737,,,,,0.010000000000613858
0.5340589569160997,,,,,0.010000000000023851
0.5572789115646258,,,,,0.010000000003996623
0.5804988662131519,,,,,0.010000000003996623
0.603718820861678,,,,,0.010000000009505967
0.626938775510204,,,,,0.010000000000023851
0.6501587301587302,,,,,0.010000000009505967
0.6733786848072563,,,,,0.010000000208892742
0.6965986394557823,,,,,0.010000000208892744
0.7198185941043084,,,,,0.01000000287110037
0.7430385487528345,,,,,0.010000002871100368
0.7662585034013606,,,,,0.010000027850068467
0.7894784580498866,,,,,0.010000002871079538
0.8126984126984127,,,,,0.01000001622642245
0.8359183673469388,,,,,0.010000016218119983
0.8591383219954648,,,,,0.010000009286950471
0.8823582766439909,,,,,0.010000206337628628
0.905578231292517,,,,,0.010000127836930037
0.9287981859410431,,,,,0.01000004700795647
0.9520181405895691,,,,,0.010000016225020128
0.9752380952380952,,,,,0.010000002870564224
0.9984580498866213,,,,,0.010000078102259493
1.0216780045351475,,,,,0.010000016226422834
1.0448979591836736,,,,,0.0100000470079773
1.0681179138321995,,,,,0.010000016226422836
1.0913378684807256,,,,,0.010000000208892744
1.1145578231292517,,,,,0.010000000021701592
1.1377777777777778,,,,,0.01000000000061386
1.1609977324263039,,,,,0.010000000000221913
1.18421768707483,,,,,0.010000000000221913
1.207437641723356,,,,,0.010000000003996623
1.230657596371882,,,,,0.010000000000023851
1.253877551020408,,,,,0.010000000000221911
1.2770975056689342,,,,,0.01000000000061386
1.3003174603174603,,,,,0.010000000003996624
1.3235374149659864,,,,,0.010000000021701594
1.3467573696145125,,,,,0.010000000000613858
1.3699773242630386,,,,,0.010000000000006923
1.3931972789115645,,,,,0.01000000000002385
1.4164172335600906,,,,,0.010000000003996621
1.4396371882086167,,,,,0.010000000047726023
1.4628571428571429,,,,,0.010000000047726023
1.486077097505669,,,,,0.010000000021701592
1.509297052154195,,,,,0.01000000000061386
1.5325170068027212,,,,,0.010000000000221913
1.555736961451247,,,,,0.010000000009505966
1.5789569160997732,,,,,0.010000000001606035
1.6021768707482993,,,,,0.010000000000001867
1.6253968253968254,,,,,0.01000000000002385
1.6486167800453515,,,,,0.010000000000000439
1.6718367346938776,,,,,0.01
1.6950566893424037,,,,,0.01
1.7182766439909296,,,,,0.01
1.7414965986394557,,,,,0.01000000000000011
1.7647165532879818,,,,,0.010000000000221913
1.787936507936508,,,,,0.010000000417925077
1.811156462585034,,,,,0.010000000814014906
1.8343764172335602,,,,,0.010000002871100368
1.8575963718820863,,,,,0.010000027850262286
1.8808163265306121,,,,,0.010000027850262286
1.9040362811791383,,,,,0.010000047007977299
1.9272562358276644,,,,,0.010000016226422836
1.9504761904761905,,,,,0.010000000021701592
1.9736961451247166,,,,,0.010000000208892744
1.9969160997732427,,,,,0.010000000047726025
2.020136054421769,,,,,0.010000000417925078
2.043356009070295,,,,,0.010000001546554296
2.066575963718821,,,,,0.010000000814014904
2.089795918367347,,,,,0.010000000208892742
2.1130158730158732,,,,,0.010000000101429396
2.136235827664399,,,,,0.010000000417925077
2.159455782312925,,,,,0.010000027850262286
2.182675736961451,,,,,0.010000009287486629
2.2058956916099772,,,,,0.010000016226422836
2.2291156462585033,,,,,0.010000005216229449
2.2523356009070294,,,,,0.010000000814014906
2.2755555555555556,,,,,0.010000016226422836
2.2987755102040817,,,,,0.010000002871100366
2.3219954648526078,,,,,0.0100000470079773
2.345215419501134,,,,,0.010000078102280322
2.36843537414966,,,,,0.010001873046012551
2.391655328798186,,,,,0.010000516719604523
2.414875283446712,,,,,0.01000187304601255
2.4380952380952383,,,,,0.010001873046012551
2.461315192743764,,,,,0.010013068846238975
2.48453514739229,,,,,0.010013068846238975
2.507755102040816,,,,,0.010006178555334077
2.5309750566893423,,,,,0.010000328604501662
2.5541950113378684,,,,,0.010000078102280324
2.5774149659863945,,,,,0.010000027850262286
2.6006349206349206,,,,,0.010001873046012551
2.6238548752834467,,,,,0.010026724673810772
2.647074829931973,,,,,0.010073751764282882
2.670294784580499,,,,,0.010037765502929686
2.693514739229025,,,,,0.0100028158258111
2.716734693877551,,,,,0.01000032860450166
2.7399546485260773,,,,,0.010000127845232541
2.7631746031746034,,,,,0.010000206339031339
2.786394557823129,,,,,0.01000020633903134
2.809614512471655,,,,,0.01000020633903134
2.8328344671201813,,,,,0.01000419105279527
2.8560544217687074,,,,,0.01000419105279527
2.8792743764172335,,,,,0.010006178555334077
2.9024943310657596,,,,,0.010052967545965857
2.9257142857142857,,,,,0.010000516719604524
2.948934240362812,,,,,0.010000516719604524
2.972154195011338,,,,,0.010000206339031339
2.995374149659864,,,,,0.0100000470079773
3.01859410430839,,,,,0.010000516719604524
3.0418140589569163,,,,,0.01000032860450166
3.0650340136054424,,,,,0.010000206339031339
3.0882539682539685,,,,,0.010000027850262284
3.111473922902494,,,,,0.010000000047726025
3.1346938775510202,,,,,0.01000000000002385
3.1579138321995464,,,,,0.010000000000006923
3.1811337868480725,,,,,0.010000000000221915
3.2043537414965986,,,,,0.010000000000023851
3.2275736961451247,,,,,0.010000000000221913
3.250793650793651,,,,,0.010000000000221913
3.274013605442177,,,,,0.010000000000613856
3.297233560090703,,,,,0.010000000000221911
3.320453514739229,,,,,0.01000000000061386
3.3436734693877552,,,,,0.010000000000221913
3.3668934240362813,,,,,0.010000000101429396
3.3901133786848074,,,,,0.010000000208892744
3.4133333333333336,,,,,0.010000000101429396
3.436553287981859,,,,,0.010000000009505964
3.4597732426303853,,,,,0.010000000021701592
3.4829931972789114,,,,,0.010000000021701592
3.5062131519274375,,,,,0.010000000009505967
3.5294331065759637,,,,,0.010000000000221913
3.5526530612244898,,,,,0.010000000003996621
3.575873015873016,,,,,0.010000000208892742
3.599092970521542,,,,,0.010000000814014908
3.622312925170068,,,,,0.010000000814014906
3.645532879818594,,,,,0.010000000208892744
3.6687528344671203,,,,,0.010000001546554296
3.6919727891156464,,,,,0.010000000417925077
3.7151927437641725,,,,,0.010000000000221913
3.7384126984126986,,,,,0.010000000047726025
3.7616326530612243,,,,,0.010000000009505967
3.7848526077097504,,,,,0.010000000101429398
3.8080725623582765,,,,,0.010000000101429396
3.8312925170068026,,,,,0.010000000047726025
3.8545124716553287,,,,,0.010000000417925077
3.877732426303855,,,,,0.010000016226422834
3.900952380952381,,,,,0.010000016226422836
3.924172335600907,,,,,0.010000127845226492
3.947392290249433,,,,,0.010000078102278692
3.9706122448979593,,,,,0.010000328604495613
3.9938321995464854,,,,,0.010000802780861401
4.017052154195011,,,,,0.010002815822320455
4.040272108843538,,,,,0.010001232964449975
4.063492063492063,,,,,0.010000206339025293
4.08671201814059,,,,,0.010000047007931754
4.1099319727891155,,,,,0.010000009287486632
4.133151927437642,,,,,0.010000016226422832
4.156371882086168,,,,,0.010000000208892744
4.179591836734694,,,,,0.010000000000006925
4.20281179138322,,,,,0.010000000001606035
4.2260317460317465,,,,,0.010000000003996623
4.249251700680272,,,,,0.010000000208892358
4.272471655328798,,,,,0.010000002867609723
4.295691609977324,,,,,0.010000002867609723
4.31891156462585,,,,,0.010000000813949052
4.342131519274377,,,,,0.01000000002170159
4.365351473922902,,,,,0.010000000000613858
4.388571428571429,,,,,0.010000000000023851
4.4117913832199545,,,,,0.010000000000023851
4.435011337868481,,,,,0.0100000000000754
4.458231292517007,,,,,0.010000000001606035
4.481451247165533,,,,,0.010000000009505967
4.504671201814059,,,,,0.010000000101429396
4.527891156462585,,,,,0.010000000208892744
4.551111111111111,,,,,0.010000005216229449
4.574331065759637,,,,,0.010000002871100368
4.597551020408163,,,,,0.010000002871100368
4.620770975056689,,,,,0.01000002785026219
4.6439909297052155,,,,,0.010000000021701592
4.667210884353741,,,,,0.010000000009505967
4.690430839002268,,,,,0.010000000003996623
4.713650793650793,,,,,0.010000000009505967
4.73687074829932,,,,,0.010000000101429395
4.760090702947846,,,,,0.01000004700795647
4.783310657596372,,,,,0.010000016226356982
4.806530612244898,,,,,0.010000005216229353
4.829750566893424,,,,,0.010000000101429301
4.85297052154195,,,,,0.010000000101429396
4.876190476190477,,,,,0.010000000208892744
4.899410430839002,,,,,0.010000000208892742
4.922630385487528,,,,,0.010000000814014906
4.9458503401360545,,,,,0.010000000417925077
4.96907029478458,,,,,0.010000000814014904
4.992290249433107,,,,,0.010000000208892744
5.015510204081632,,,,,0.010000000208892744
5.038730158730159,,,,,0.010000000101429396
5.061950113378685,,,,,0.010000000000023851
5.085170068027211,,,,,0.0100000000000754
5.108390022675737,,,,,0.010000000001606035
5.131609977324263,,,,,0.010000000009505967
5.154829931972789,,,,,0.010000000001606035
5.178049886621316,,,,,0.010000000000000439
5.201269841269841,,,,,0.010000000000000439
5.224489795918367,,,,,0.010000000000023851
5.2477097505668935,,,,,0.010000000000221913
5.270929705215419,,,,,0.01000000000061386
5.294149659863946,,,,,0.010000000001606035
5.317369614512471,,,,,0.010000000001606037
5.340589569160998,,,,,0.010000000417925077
5.363809523809524,,,,,0.010000005216229449
5.38702947845805,,,,,0.010000016226422836
5.410249433106576,,,,,0.010000000417925077
5.433469387755102,,,,,0.01000000002170159
5.456689342403628,,,,,0.010000000021701592
5.479909297052155,,,,,0.010000000208892744
5.50312925170068,,,,,0.010000005216229449
5.526349206349207,,,,,0.01000000287110037
5.5495691609977325,,,,,0.010000016226422836
5.572789115646258,,,,,0.0100000470079773
5.596009070294785,,,,,0.01000000928748663
5.61922902494331,,,,,0.010000016226422836
5.642448979591837,,,,,0.010000000814014904
5.6656689342403626,,,,,0.010000000003996624
5.688888888888889,,,,,0.010000000021701592
5.712108843537415,,,,,0.010000000000221913
5.735328798185941,,,,,0.010000000000023851
5.758548752834467,,,,,0.010000000000001869
5.7817687074829935,,,,,0.010000000000000439
5.804988662131519,,,,,0.010000000000000108
5.828208616780046,,,,,0.01000000000002385
5.851428571428571,,,,,0.01000000000061386
5.874648526077097,,,,,0.010000000000221915
5.897868480725624,,,,,0.010000000001606033
5.921088435374149,,,,,0.0100000000000754
5.944308390022676,,,,,0.01000000000061386
5.9675283446712015,,,,,0.010000000000613858
5.990748299319728,,,,,0.010000000001606033
6.013968253968254,,,,,0.0100000000000754
6.03718820861678,,,,,0.010000000000613862
6.060408163265306,,,,,0.010000000001606035
6.0836281179138325,,,,,0.010000000001606035
6.106848072562358,,,,,0.010000000000006925
6.130068027210885,,,,,0.010000000000221913
6.15328798185941,,,,,0.010000000000221913
6.176507936507937,,,,,0.010000000000023851
6.199727891156463,,,,,0.010000000000006925
6.222947845804988,,,,,0.010000000000023851
6.246167800453515,,,,,0.010000000000023851
6.2693877551020405,,,,,0.010000000000006925
6.292607709750567,,,,,0.01000000000000011
6.315827664399093,,,,,0.010000000000006925
6.339047619047619,,,,,0.010000000000000439
6.362267573696145,,,,,0.01000000000000011
6.3854875283446715,,,,,0.01
6.408707482993197,,,,,0.010000000000000439
6.431927437641724,,,,,0.010000000000001869
6.455147392290249,,,,,0.0100000000000754
6.478367346938776,,,,,0.0100000000000754
6.501587301587302,,,,,0.010000000000221913
6.524807256235827,,,,,0.010000000000023851
6.548027210884354,,,,,0.010000000000023851
6.5712471655328795,,,,,0.010000000000006925
6.594467120181406,,,,,0.010000000000006925
6.617687074829932,,,,,0.010000000000221913
6.640907029478458,,,,,0.010000000001606035
6.664126984126984,,,,,0.010000000001606035
6.6873469387755105,,,,,0.010000000000221913
6.710566893424036,,,,,0.010000000000023851
6.733786848072563,,,,,0.01000000000000011
6.757006802721088,,,,,0.010000000000001869
6.780226757369615,,,,,0.010000000000023851
6.8034467120181406,,,,,0.01000000000061386
6.826666666666667,,,,,0.010000000814014904
6.849886621315193,,,,,0.010000016226422836
6.873106575963718,,,,,0.010000027850262286
6.896326530612245,,,,,0.0100000470079773
6.919546485260771,,,,,0.010000027850262286
6.942766439909297,,,,,0.010000005216229449
6.965986394557823,,,,,0.010000001546554296
6.989206349206349,,,,,0.01000020633903134
7.012426303854875,,,,,0.010191075496968311
7.035646258503402,,,,,0.011422334250709074
7.058866213151927,,,,,0.011085791888943373
7.082086167800454,,,,,0.011853505394683413
7.1053061224489795,,,,,0.011422334250709074
7.128526077097506,,,,,0.011422334250709076
7.151746031746032,,,,,0.010824463728234167
7.174965986394557,,,,,0.010140046044704068
7.198185941043084,,,,,0.01002672467381077
7.22140589569161,,,,,0.010000328604501662
7.244625850340136,,,,,0.010000127845232541
7.267845804988662,,,,,0.010000016226422834
7.291065759637188,,,,,0.010000009287486632
7.314285714285714,,,,,0.010000027850262286
7.337505668934241,,,,,0.010000127845232541
7.360725623582766,,,,,0.01000000287110037
7.383945578231293,,,,,0.010000009287486632
7.4071655328798185,,,,,0.0100000000000754
7.430385487528345,,,,,0.010000000000006925
7.453605442176871,,,,,0.01000000000000011
7.476825396825397,,,,,0.010000000000000108
7.500045351473923,,,,,0.010000000000000439
7.523265306122449,,,,,0.0100000000000754
7.546485260770975,,,,,0.010000000000221913
7.569705215419501,,,,,0.0100000000000754
7.592925170068027,,,,,0.010000000000221913
7.616145124716553,,,,,0.010000016226422836
7.63936507936508,,,,,1.0069796839932202e-08
7.662585034013605,,,,,0.010000015237123988
7.685804988662132,,,,,0.010000025919393031
7.7090249433106575,,,,,0.010002703943306926
7.732244897959184,,,,,0.010000000047725928
7.75546485260771,,,,,0.010000000009505967
7.778684807256236,,,,,0.010000000047726025
7.801904761904762,,,,,0.010000000021701592
7.825124716553288,,,,,0.010000000208892744
7.848344671201814,,,,,0.010000002871100368
7.87156462585034,,,,,0.010000005216229449
7.894784580498866,,,,,0.010000000101429396
7.918004535147392,,,,,0.010000000000221913
7.9412244897959186,,,,,0.010000000003996623
7.964444444444444,,,,,0.010000001546554296
7.987664399092971,,,,,0.010000001546554296
8.010884353741497,,,,,0.010000000001606035
8.034104308390022,,,,,0.010000000000000439
8.057324263038549,,,,,0.010000000208892744
8.080544217687075,,,,,7.391291129072182e-14
8.103764172335602,,,,,1.9651321826904534e-13
8.126984126984127,,,,,1.9444372556678738e-13
8.150204081632653,,,,,0.010000000003450483
8.17342403628118,,,,,0.0
8.196643990929704,,,,,2.6694755187161325e-12
8.219863945578231,,,,,0.010000000000001869
8.243083900226758,,,,,0.010000000000006925
8.266303854875284,,,,,0.010000000208892744
8.289523809523809,,,,,0.010000001546554295
8.312743764172335,,,,,0.010000005216229449
8.335963718820862,,,,,0.010000002871100368
8.359183673469389,,,,,0.010000000208892744
8.382403628117913,,,,,0.010000000001606035
8.40562358276644,,,,,0.010000000047726025
8.428843537414966,,,,,0.010000000047726025
8.452063492063493,,,,,0.010000000021701592
8.475283446712018,,,,,0.010000000000221913
8.498503401360544,,,,,0.01000000000061386
8.52172335600907,,,,,0.010000000009505966
8.544943310657596,,,,,0.010000000208892744
8.568163265306122,,,,,0.010000002871100368
8.591383219954649,,,,,0.010000047007971254
8.614603174603175,,,,,0.010000027850262189
8.6378231292517,,,,,0.010000002871100368
8.661043083900227,,,,,0.010000000814014906
8.684263038548753,,,,,0.01000000928748663
8.70748299319728,,,,,0.010000027850262286
8.730702947845804,,,,,0.010000078102280324
8.753922902494331,,,,,0.01000000928748663
8.777142857142858,,,,,0.01000000928748663
8.800362811791382,,,,,0.010000005216229449
8.823582766439909,,,,,0.010000027850262286
8.846802721088435,,,,,0.010000000009505967
8.870022675736962,,,,,0.010000000009505967
8.893242630385487,,,,,0.010000000021701592
8.916462585034013,,,,,0.010000000101429396
8.93968253968254,,,,,0.010000001546554296
8.962902494331066,,,,,0.010000001546554296
8.986122448979591,,,,,0.010000005216229449
9.009342403628118,,,,,0.010000000047726025
9.032562358276644,,,,,0.010000000208892744
9.05578231292517,,,,,0.010000000000613858
9.079002267573696,,,,,0.010000000000613858
9.102222222222222,,,,,0.010000000814014904
9.125442176870749,,,,,0.010000000814014906
9.148662131519274,,,,,0.010000000101429396
9.1718820861678,,,,,0.010000000417925077
9.195102040816327,,,,,0.010000000000023851
9.218321995464853,,,,,0.010000000009505967
9.241541950113378,,,,,0.010000000009505967
9.264761904761905,,,,,0.010000000000023851
9.287981859410431,,,,,0.010000000003996623
9.311201814058958,,,,,0.01000000000061386
9.334421768707482,,,,,0.010000000003996621
9.357641723356009,,,,,0.010000016226422836
9.380861678004536,,,,,0.01000000928748663
9.404081632653062,,,,,0.010000002871100368
9.427301587301587,,,,,0.010000000101429396
9.450521541950113,,,,,0.010000000000221913
9.47374149659864,,,,,0.0100000000000754
9.496961451247165,,,,,0.010000000001540018
9.520181405895691,,,,,0.010000802739235065
9.543401360544218,,,,,0.010000000814014906
9.566621315192744,,,,,0.010000005216229449
9.58984126984127,,,,,0.010000000101429396
9.613061224489796,,,,,0.010000000009505967
9.636281179138322,,,,,0.010000000000221913
9.659501133786849,,,,,0.010000000021701592
9.682721088435374,,,,,0.010000000021701592
9.7059410430839,,,,,0.010000000208892742
9.729160997732427,,,,,0.010000078102280324
9.752380952380953,,,,,0.010000000003996238
9.775600907029478,,,,,0.010000000000075398
9.798820861678005,,,,,0.010000000001606035
9.822040816326531,,,,,0.010000000009505967
9.845260770975056,,,,,0.010000000000613858
9.868480725623582,,,,,0.010000000021701592
9.891700680272109,,,,,0.010000000000001869
9.914920634920636,,,,,0.010000000047726025
9.93814058956916,,,,,0.010000000021701592
9.961360544217687,,,,,0.010000000021701592
9.984580498866213,,,,,0.010000002871100368
10.00780045351474,,,,,0.01000000004772439
10.031020408163265,,,,,0.0100000001014293
10.054240362811791,,,,,6.05423422473235e-12
10.077460317460318,,,,,6.0532250537977825e-12
10.100680272108843,,,,,0.010000000772228635
10.12390022675737,,,,,1.89184423814522e-10
10.147120181405896,,,,,0.010000000814014906
10.170340136054422,,,,,0.010000000009505967
10.193560090702947,,,,,0.010000000021701592
10.216780045351474,,,,,0.010000005216229449
10.24,,,,,0.010000001546554298
10.263219954648527,,,,,0.0100000470079773
10.286439909297052,,,,,0.010000047007971252
10.309659863945578,,,,,0.010000127844696375
10.332879818594105,,,,,0.010000127845038717
10.356099773242631,,,,,0.010001232964920264
10.379319727891156,,,,,0.010000127845211709
10.402539682539683,,,,,0.01000002785026219
10.425759637188209,,,,,0.010000328603965335
10.448979591836734,,,,,0.010000009287292803
10.47219954648526,,,,,0.010018764501453578
10.495419501133787,,,,,0.010037765414314089
10.518639455782314,,,,,0.010002815735919665
10.541859410430838,,,,,0.010000802777436606
10.565079365079365,,,,,0.010000000208356475
10.588299319727891,,,,,0.010000000814014906
10.611519274376418,,,,,0.010000047007911425
10.634739229024943,,,,,0.010000009287486629
10.65795918367347,,,,,0.010000016226422836
10.681179138321996,,,,,0.010000000021701592
10.704399092970522,,,,,0.01000000000002385
10.727619047619047,,,,,0.01000000000061386
10.750839002267574,,,,,0.010000000003996623
10.7740589569161,,,,,0.0100000000000754
10.797278911564625,,,,,0.010000000001599984
10.820498866213152,,,,,0.01000000000061386
10.843718820861678,,,,,0.01000000000002385
10.866938775510205,,,,,0.010000000000221913
10.89015873015873,,,,,0.010000000001606035
10.913378684807256,,,,,0.010000000417925077
10.936598639455783,,,,,0.010000002871100368
10.95981859410431,,,,,0.010000016226422836
10.983038548752834,,,,,0.010000027850262286
11.00625850340136,,,,,0.010000001546554296
11.029478458049887,,,,,0.010000002871100368
11.052698412698414,,,,,0.010000027850262286
11.075918367346938,,,,,0.010000127845232541
11.099138321995465,,,,,0.01000123296498612
11.122358276643991,,,,,0.01000020633903134
11.145578231292516,,,,,0.010000009287486629
11.168798185941043,,,,,0.01000012784523254
11.19201814058957,,,,,0.010000802780927255
11.215238095238096,,,,,0.010009025493342986
11.23845804988662,,,,,0.010009025493342986
11.261678004535147,,,,,0.0100028158258111
11.284897959183674,,,,,0.010000127845232541
11.3081179138322,,,,,0.010000002871100368
11.331337868480725,,,,,0.010000002871100366
11.354557823129252,,,,,0.010000000417925077
11.377777777777778,,,,,0.010000005216229449
11.400997732426303,,,,,0.010000027850262286
11.42421768707483,,,,,0.01000000928748663
11.447437641723356,,,,,0.010000005216229449
11.470657596371883,,,,,0.010000016226422836
11.493877551020407,,,,,0.010000001546554296
11.517097505668934,,,,,0.010000000208892742
11.54031746031746,,,,,0.0100000000000754
11.563537414965987,,,,,0.010000000009505967
11.586757369614512,,,,,0.01000000000061386
11.609977324263038,,,,,0.010000001546554296
11.633197278911565,,,,,0.010000027850241455
11.656417233560092,,,,,0.010000000009505967
11.679637188208616,,,,,0.010000000047726023
11.702857142857143,,,,,0.010000002871100366
11.72607709750567,,,,,0.010000027850262288
11.749297052154194,,,,,0.010000005216229449
11.77251700680272,,,,,0.010000001546554296
11.795736961451247,,,,,0.010000000208892742
11.818956916099774,216.05599138691042,56.68682057635243,57.0,-31.317942364756846,0.010000000417925075
11.842176870748299,211.12126572366307,56.286820576352426,56.0,28.682057635242586,0.010000000047726025
11.865396825396825,209.9052967099918,56.18682057635243,56.0,18.682057635243154,0.010000802780927255
11.888616780045352,209.9052967099918,56.18682057635243,56.0,18.682057635243154,0.010002815825809468
11.911836734693878,212.3442787741709,56.386820576352434,56.0,38.68205763524344,0.010013068846238975
11.935056689342403,212.3442787741709,56.386820576352434,56.0,38.68205763524344,0.010026724672407998
11.95827664399093,214.81160044484216,56.58682057635243,57.0,-41.31794236475699,0.010002815824407978
11.981496598639456,211.12126572366307,56.286820576352426,56.0,28.682057635242586,0.010004191052794886
12.004716553287983,209.9052967099918,56.18682057635243,56.0,18.682057635243154,0.01000123296498612
12.027936507936507,208.69633116249025,56.08682057635242,56.0,8.682057635242302,0.010009025493342986
12.051156462585034,208.69633116249025,56.08682057635242,56.0,8.682057635242302,0.010026724673810772
12.07437641723356,209.9052967099918,56.18682057635243,56.0,18.682057635243154,0.010101974593744989
12.097596371882085,208.69633116249025,56.08682057635242,56.0,8.682057635242302,0.01010197459374499
12.120816326530612,208.69633116249025,56.08682057635242,56.0,8.682057635242302,0.01000123296498612
12.144036281179138,209.9052967099918,56.18682057635243,56.0,18.682057635243154,0.01000187304601255
12.167256235827665,208.69633116249025,56.08682057635242,56.0,8.682057635242302,0.01000032860450166
12.19047619047619,208.69633116249025,56.08682057635242,56.0,8.682057635242302,0.010004191052795172
12.213696145124716,209.9052967099918,56.18682057635243,56.0,18.682057635243154,0.010101974593744607
12.236916099773243,208.69633116249025,56.08682057635242,56.0,8.682057635242302,0.010013068846237342
12.26013605442177,209.9052967099918,56.18682057635243,56.0,18.682057635243154,0.010140046044167763
12.283356009070294,208.69633116249025,56.08682057635242,56.0,8.682057635242302,0.010001232922547293
12.30657596371882,207.49432874416155,55.98682057635243,56.0,-1.3179423647571298,0.010001232780568232
12.329795918367347,208.69633116249025,56.08682057635242,56.0,8.682057635242302,0.010000794519346205
12.353015873015874,208.69633116249025,56.08682057635242,56.0,8.682057635242302,0.010000046636152974
12.376235827664399,208.69633116249025,56.08682057635242,56.0,8.682057635242302,0.010000516700431068
12.399455782312925,207.49432874416155,55.98682057635243,56.0,-1.3179423647571298,0.010026724673810385
12.422675736961452,208.69633116249025,56.08682057635242,56.0,8.682057635242302,0.010004191052774438
12.445895691609977,205.11105310731665,55.78682057635243,56.0,-21.317942364756703,0.010026723320099995
12.469115646258503,202.75515172592992,55.58682057635242,56.0,-41.3179423647577,0.010001864931638146
12.49233560090703,200.42631017986048,55.386820576352434,55.0,38.68205763524344,0.010000798213949754
12.515555555555556,200.42631017986048,55.386820576352434,55.0,38.68205763524344,0.010009025127422045
12.538775510204081,200.42631017986048,55.386820576352434,55.0,38.68205763524344,0.01000051671953865
12.561995464852608,202.75515172592992,55.58682057635242,56.0,-41.3179423647577,0.010004191052789222
12.585215419501134,205.11105310731665,55.78682057635243,56.0,-21.317942364756703,0.010002815824404905
12.60843537414966,205.11105310731665,55.78682057635243,56.0,-21.317942364756703,0.01000020633057428
12.631655328798185,205.11105310731665,55.78682057635243,56.0,-21.317942364756703,0.01000281563996919
12.654875283446712,202.75515172592992,55.58682057635242,56.0,-41.3179423647577,0.010000328596053348
12.678095238095239,201.58736798317972,55.48682057635243,55.0,48.68205763524287,0.01000080269070923
12.701315192743763,198.12421766039049,55.18682057635243,55.0,18.682057635243154,0.010000802780921195
12.72453514739229,196.9831061351866,55.08682057635243,55.0,8.682057635243012,0.010000328604435785
12.747755102040816,198.12421766039049,55.18682057635243,55.0,18.682057635243154,0.010000802062624103
12.770975056689343,201.58736798317972,55.48682057635243,55.0,48.68205763524287,0.010000191902537613
12.794195011337868,203.92970037108196,55.68682057635243,56.0,-31.317942364756846,0.0100105654302275
12.817414965986394,206.29924935033267,55.88682057635243,56.0,-11.317942364757272,0.010001444726508664
12.84063492063492,,,,,7.615970919009311e-07
12.863854875283447,,,,,6.691122750736675e-08
12.887074829931972,,,,,3.354806906292688e-09
12.910294784580499,,,,,0.010000001363661791
12.933514739229025,,,,,0.010000000208355283
12.956734693877552,,,,,0.010000000376137796
12.979954648526077,325.5935014728596,63.786820576352426,64.0,-21.317942364757414,0.010000003840986642
13.003174603174603,325.5935014728596,63.786820576352426,64.0,-21.317942364757414,0.01000021490365343
13.02639455782313,329.3767157259174,63.986820576352436,64.0,-1.3179423647564192,0.010000303958316682
13.049614512471654,329.3767157259174,63.986820576352436,64.0,-1.3179423647564192,0.01003609973887612
13.072834467120181,333.203888811138,64.18682057635243,64.0,18.682057635243154,0.010026432715125851
13.096054421768708,331.28477562924076,64.08682057635244,64.0,8.682057635243723,0.010051871251283984
13.119274376417234,329.3767157259174,63.986820576352436,64.0,-1.3179423647564192,0.01010030926449638
13.142494331065759,331.28477562924076,64.08682057635244,64.0,8.682057635243723,0.01000418292177072
13.165714285714285,329.3767157259174,63.986820576352436,64.0,-1.3179423647564192,0.010000127479707986
13.188934240362812,331.28477562924076,64.08682057635244,64.0,8.682057635243723,0.010001864794492634
13.212154195011339,329.3767157259174,63.986820576352436,64.0,-1.3179423647564192,0.01000120818678317
13.235374149659863,335.13411930260065,64.28682057635244,64.0,28.682057635244007,0.010001232240770598
13.25859410430839,337.07553150554753,64.38682057635243,64.0,38.68205763524344,0.010001232779144166
13.281814058956916,337.07553150554753,64.38682057635243,64.0,38.68205763524344,0.010000005216227814
13.305034013605443,337.07553150554753,64.38682057635243,64.0,38.68205763524344,0.010000016226422836
13.328253968253968,333.203888811138,64.18682057635243,64.0,18.682057635243154,0.010000016226416773
13.351473922902494,333.203888811138,64.18682057635243,64.0,18.682057635243154,0.01000187169280253
13.374693877551021,335.13411930260065,64.28682057635244,64.0,28.682057635244007,0.010001871693478928
13.397913832199546,333.203888811138,64.18682057635243,64.0,18.682057635243154,0.010018764327288652
13.421133786848072,333.203888811138,64.18682057635243,64.0,18.682057635243154,0.010009025485038722
13.444353741496599,339.0281901949745,64.48682057635243,64.0,48.68205763524287,0.010009025493342602
13.467573696145125,339.0281901949745,64.48682057635243,64.0,48.68205763524287,0.010259050471186594
13.49079365079365,337.07553150554753,64.38682057635243,64.0,38.68205763524344,0.01019107478579761
13.514013605442177,339.0281901949745,64.48682057635243,64.0,48.68205763524287,0.010101973242587993
13.537233560090703,331.28477562924076,64.08682057635244,64.0,8.682057635243723,0.010348768128945184
13.56045351473923,327.4796454389679,63.88682057635242,64.0,-11.317942364757982,0.010462099312204763
13.583673469387755,329.3767157259174,63.986820576352436,64.0,-1.3179423647564192,0.014859040469629803
13.606893424036281,329.3767157259174,63.986820576352436,64.0,-1.3179423647564192,0.022530427583359023
13.630113378684808,329.3767157259174,63.986820576352436,64.0,-1.3179423647564192,0.019903744589330325
13.653333333333334,333.203888811138,64.18682057635243,64.0,18.682057635243154,0.010455909274719923
13.676553287981859,329.3767157259174,63.986820576352436,64.0,-1.3179423647564192,0.01044376149364082
13.699773242630386,329.3767157259174,63.986820576352436,64.0,-1.3179423647564192,0.010443759766676015
13.722993197278912,331.28477562924076,64.08682057635244,64.0,8.682057635243723,0.012386431979556254
13.746213151927437,329.3767157259174,63.986820576352436,64.0,-1.3179423647564192,0.016420467565854812
13.769433106575963,329.3767157259174,63.986820576352436,64.0,-1.3179423647564192,0.013978545836465461
13.79265306122449,329.3767157259174,63.986820576352436,64.0,-1.3179423647564192,0.013974753759103212
13.815873015873017,327.4796454389679,63.88682057635242,64.0,-11.317942364757982,0.010823761245373643
13.839092970521541,327.4796454389679,63.88682057635242,64.0,-11.317942364757982,0.010467531109006665
13.862312925170068,327.4796454389679,63.88682057635242,64.0,-11.317942364757982,0.010348986767081297
13.885532879818594,325.5935014728596,63.786820576352426,64.0,-21.317942364757414,0.011853325119294164
13.908752834467121,327.4796454389679,63.88682057635242,64.0,-11.317942364757982,0.015083950834954667
13.931972789115646,325.5935014728596,63.786820576352426,64.0,-21.317942364757414,0.01309981051654889
13.955192743764172,327.4796454389679,63.88682057635242,64.0,-11.317942364757982,0.01508488537977516
13.978412698412699,327.4796454389679,63.88682057635242,64.0,-11.317942364757982,0.011853324736021633
14.001632653061224,325.5935014728596,63.786820576352426,64.0,-21.317942364757414,0.022940553106403288
14.02485260770975,325.5935014728596,63.786820576352426,64.0,-21.317942364757414,0.03488103385299802
14.048072562358277,325.5935014728596,63.786820576352426,64.0,-21.317942364757414,0.03488954495384645
14.071292517006803,325.5935014728596,63.786820576352426,64.0,-21.317942364757414,0.022936321972632418
14.094512471655328,327.4796454389679,63.88682057635242,64.0,-11.317942364757982,0.05565945211968384
14.117732426303855,325.5935014728596,63.786820576352426,64.0,-21.317942364757414,0.055110960885598054
14.140952380952381,325.5935014728596,63.786820576352426,64.0,-21.317942364757414,0.034948226905648465
14.164172335600908,325.5935014728596,63.786820576352426,64.0,-21.317942364757414,0.191331429253219
14.187392290249432,327.4796454389679,63.88682057635242,64.0,-11.317942364757982,0.14941198757656815
14.210612244897959,325.5935014728596,63.786820576352426,64.0,-21.317942364757414,0.12330675876551317
14.233832199546486,327.4796454389679,63.88682057635242,64.0,-11.317942364757982,0.0971000050055886
14.257052154195012,327.4796454389679,63.88682057635242,64.0,-11.317942364757982,0.05253414855936391
14.280272108843537,327.4796454389679,63.88682057635242,64.0,-11.317942364757982,0.05481304684735445
14.303492063492063,327.4796454389679,63.88682057635242,64.0,-11.317942364757982,0.08289466246316636
14.32671201814059,327.4796454389679,63.88682057635242,64.0,-11.317942364757982,0.12846888288536865
14.349931972789115,325.5935014728596,63.786820576352426,64.0,-21.317942364757414,0.09711066639437387
14.373151927437641,325.5935014728596,63.786820576352426,64.0,-21.317942364757414,0.07418524395994465
14.396371882086168,323.7182208966152,63.68682057635243,64.0,-31.317942364756846,0.013669676501859736
14.419591836734694,325.5935014728596,63.786820576352426,64.0,-21.317942364757414,0.011052193958099532
14.44281179138322,323.7182208966152,63.68682057635243,64.0,-31.317942364756846,0.020929446199736756
14.466031746031746,321.8537411417131,63.58682057635244,64.0,-41.31794236475628,0.13621679307387277
14.489251700680272,320.0,63.48682057635242,63.0,48.68205763524216,0.16842127724922465
14.512471655328799,320.0,63.48682057635242,63.0,48.68205763524216,0.22231365889060684
14.535691609977324,320.0,63.48682057635242,63.0,48.68205763524216,0.2250436100527926
14.55891156462585,320.0,63.48682057635242,63.0,48.68205763524216,0.11621872540643693
14.582131519274377,321.8537411417131,63.58682057635244,64.0,-41.31794236475628,0.1059092425786878
14.605351473922903,320.0,63.48682057635242,63.0,48.68205763524216,0.10586539432931055
14.628571428571428,320.0,63.48682057635242,63.0,48.68205763524216,0.022628371030181234
14.651791383219955,321.8537411417131,63.58682057635244,64.0,-41.31794236475628,0.011842229118638229
14.675011337868481,323.7182208966152,63.68682057635243,64.0,-31.317942364756846,0.013436575916164623
14.698231292517006,323.7182208966152,63.68682057635243,64.0,-31.317942364756846,0.030375775645404366
14.721451247165533,323.7182208966152,63.68682057635243,64.0,-31.317942364756846,0.0265725785771473
14.744671201814059,321.8537411417131,63.58682057635244,64.0,-41.31794236475628,0.016777260032701156
14.767891156462586,320.0,63.48682057635242,63.0,48.68205763524216,0.01292648581258696
14.79111111111111,,,,,6.377739490077216e-06
14.814331065759637,,,,,4.2028681672813945e-05
14.837551020408164,,,,,3.1191500096478e-05
14.86077097505669,,,,,3.1191504567074896e-05
14.883990929705215,,,,,0.0001307380413202124
14.907210884353741,,,,,5.62943383159226e-05
14.930430839002268,,,,,4.2028702061220545e-05
14.953650793650795,,,,,5.629439054712923e-05
14.97687074829932,,,,,5.6298989241579164e-05
15.000090702947846,,,,,0.00037331096604138194
15.023310657596372,,,,,0.0012438285061679708
15.046530612244897,,,,,0.0007795162461472843
15.069750566893424,,,,,0.00037335345894643504
15.09297052154195,,,,,0.011137745290299716
15.116190476190477,,,,,0.010179056448800778
15.139410430839002,,,,,1.686252594559313e-05
15.162630385487528,,,,,1.6862524426816428e-05
15.185850340136055,,,,,8.880359464205123e-06
15.209070294784581,,,,,0.012403124793551348
15.232290249433106,,,,,1.580879523632221e-06
15.255510204081633,,,,,0.010467533617069905
15.27873015873016,,,,,0.010622609040911533
15.301950113378684,,,,,0.011085791888943373
15.32517006802721,,,,,0.010259050559778863
15.348390022675737,,,,,5.046540956316619e-07
15.371609977324264,,,,,6.377675165201594e-06
15.394829931972788,,,,,3.2196742503266534e-06
15.418049886621315,,,,,1.6006555970303563e-06
15.441269841269841,,,,,3.8033288303739004e-07
15.464489795918368,,,,,0.010191075496968311
15.487709750566893,298.57055729177836,62.286820576352426,62.0,28.682057635242586,0.01010197459374499
15.51092970521542,298.57055729177836,62.286820576352426,62.0,28.682057635242586,0.010140046044704068
15.534149659863946,303.7894787041662,62.58682057635243,63.0,-41.31794236475699,0.010140046044704068
15.557369614512472,302.0397800581419,62.486820576352436,62.0,48.68205763524358,0.010349055133375844
15.580589569160997,302.0397800581419,62.486820576352436,62.0,48.68205763524358,0.010455906736523876
15.603809523809524,302.0397800581419,62.486820576352436,62.0,48.68205763524358,0.010622609040911531
15.62702947845805,302.0397800581419,62.486820576352436,62.0,48.68205763524358,0.010259050559778863
15.650249433106575,302.0397800581419,62.486820576352436,62.0,48.68205763524358,0.01010197459374499
15.673469387755102,305.54931325133333,62.686820576352424,63.0,-31.317942364757556,0.010009025493342986
15.696689342403628,310.89022116915385,62.98682057635243,63.0,-1.3179423647571298,0.010072085326756361
15.719909297052155,312.69118989895867,63.08682057635242,63.0,8.682057635242302,0.010433934269190362
15.74312925170068,314.50259153448036,63.18682057635244,63.0,18.682057635243865,0.011082063798733345
15.766349206349206,316.3244865129268,63.28682057635243,63.0,28.682057635243297,0.010467350079025306
15.789569160997733,318.15693562161516,63.38682057635243,63.0,38.68205763524273,0.01010197459374499
15.81278911564626,318.15693562161516,63.38682057635243,63.0,38.68205763524273,0.010140021498985649
15.836009070294784,318.15693562161516,63.38682057635243,63.0,38.68205763524273,0.012975794355746362
15.85922902494331,318.15693562161516,63.38682057635243,63.0,38.68205763524273,0.022213451429986625
15.882448979591837,316.3244865129268,63.28682057635243,63.0,28.682057635243297,0.024520452730349845
15.905668934240364,318.15693562161516,63.38682057635243,63.0,38.68205763524273,0.029374408831074793
15.928888888888888,318.15693562161516,63.38682057635243,63.0,38.68205763524273,0.016343001198581668
15.952108843537415,320.0,63.48682057635242,63.0,48.68205763524216,0.019351815229122472
15.975328798185942,320.0,63.48682057635242,63.0,48.68205763524216,0.021296244209505693
15.998548752834466,318.15693562161516,63.38682057635243,63.0,38.68205763524273,0.013669677050888457
16.021768707482995,318.15693562161516,63.38682057635243,63.0,38.68205763524273,0.013914634058300868
16.04498866213152,318.15693562161516,63.38682057635243,63.0,38.68205763524273,0.015080101631223924
16.068208616780044,320.0,63.48682057635242,63.0,48.68205763524216,0.055982117858127574
16.091428571428573,320.0,63.48682057635242,63.0,48.68205763524216,0.06604848236156224
16.114648526077097,320.0,63.48682057635242,63.0,48.68205763524216,0.10857906955078746
16.137868480725622,321.8537411417131,63.58682057635244,64.0,-41.31794236475628,0.056071371120408844
16.16108843537415,320.0,63.48682057635242,63.0,48.68205763524216,0.022944219124638603
16.184308390022675,320.0,63.48682057635242,63.0,48.68205763524216,0.01818737573489135
16.207528344671204,318.15693562161516,63.38682057635243,63.0,38.68205763524273,0.056025026885178415
16.23074829931973,318.15693562161516,63.38682057635243,63.0,38.68205763524273,0.06535466939899912
16.253968253968253,318.15693562161516,63.38682057635243,63.0,38.68205763524273,0.055844591976801874
16.27718820861678,320.0,63.48682057635242,63.0,48.68205763524216,0.047640618858461485
16.300408163265306,318.15693562161516,63.38682057635243,63.0,38.68205763524273,0.018187195072381812
16.32362811791383,318.15693562161516,63.38682057635243,63.0,38.68205763524273,0.030041510738563367
16.34684807256236,316.3244865129268,63.28682057635243,63.0,28.682057635243297,0.07672534249059429
16.370068027210884,316.3244865129268,63.28682057635243,63.0,28.682057635243297,0.124416892765333
16.39328798185941,316.3244865129268,63.28682057635243,63.0,28.682057635243297,0.14698122013285553
16.416507936507937,318.15693562161516,63.38682057635243,63.0,38.68205763524273,0.15029750645336531
16.439727891156462,318.15693562161516,63.38682057635243,63.0,38.68205763524273,0.17653060612522326
16.46294784580499,318.15693562161516,63.38682057635243,63.0,38.68205763524273,0.1279370862929875
16.486167800453515,318.15693562161516,63.38682057635243,63.0,38.68205763524273,0.1504646013243838
16.50938775510204,318.15693562161516,63.38682057635243,63.0,38.68205763524273,0.0779752376229483
16.532607709750568,318.15693562161516,63.38682057635243,63.0,38.68205763524273,0.06608151262061483
16.555827664399093,320.0,63.48682057635242,63.0,48.68205763524216,0.020317628548057708
16.579047619047618,318.15693562161516,63.38682057635243,63.0,38.68205763524273,0.03010686179417418
16.602267573696146,318.15693562161516,63.38682057635243,63.0,38.68205763524273,0.06608151266752302
16.62548752834467,318.15693562161516,63.38682057635243,63.0,38.68205763524273,0.12793663499690736
16.648707482993196,318.15693562161516,63.38682057635243,63.0,38.68205763524273,0.17653054041633848
16.671927437641724,318.15693562161516,63.38682057635243,63.0,38.68205763524273,0.10857977068705925
16.69514739229025,318.15693562161516,63.38682057635243,63.0,38.68205763524273,0.10857977072874335
16.718367346938777,320.0,63.48682057635242,63.0,48.68205763524216,0.07797523762294224
16.741587301587302,320.0,63.48682057635242,63.0,48.68205763524216,0.05607139544587178
16.764807256235827,318.15693562161516,63.38682057635243,63.0,38.68205763524273,0.10857610913487821
16.788027210884355,318.15693562161516,63.38682057635243,63.0,38.68205763524273,0.2062019228208369
16.81124716553288,318.15693562161516,63.38682057635243,63.0,38.68205763524273,0.12784801800090181
16.834467120181404,318.15693562161516,63.38682057635243,63.0,38.68205763524273,0.15015972468775643
16.857687074829933,318.15693562161516,63.38682057635243,63.0,38.68205763524273,0.011853481010251176
16.880907029478458,318.15693562161516,63.38682057635243,63.0,38.68205763524273,0.013974739844474837
16.904126984126986,320.0,63.48682057635242,63.0,48.68205763524216,0.030101463777109067
16.92734693877551,320.0,63.48682057635242,63.0,48.68205763524216,0.06608151199824362
16.950566893424035,320.0,63.48682057635242,63.0,48.68205763524216,0.17653056757496446
16.973786848072564,318.15693562161516,63.38682057635243,63.0,38.68205763524273,0.17653060407684612
16.99700680272109,316.3244865129268,63.28682057635243,63.0,28.682057635243297,0.1504646006323477
17.020226757369613,316.3244865129268,63.28682057635243,63.0,28.682057635243297,0.12787265521347924
17.04344671201814,316.3244865129268,63.28682057635243,63.0,28.682057635243297,0.05606351017904945
17.066666666666666,318.15693562161516,63.38682057635243,63.0,38.68205763524273,0.040697290510913295
17.08988662131519,318.15693562161516,63.38682057635243,63.0,38.68205763524273,0.018183711467538867
17.11310657596372,318.15693562161516,63.38682057635243,63.0,38.68205763524273,0.020309743144765448
17.136326530612244,318.15693562161516,63.38682057635243,63.0,38.68205763524273,0.040608240853331166
17.159546485260773,316.3244865129268,63.28682057635243,63.0,28.682057635243297,0.022879785438891468
17.182766439909297,316.3244865129268,63.28682057635243,63.0,28.682057635243297,0.026165569188596652
17.205986394557822,316.3244865129268,63.28682057635243,63.0,28.682057635243297,0.015085587278549337
17.22920634920635,314.50259153448036,63.18682057635244,63.0,18.682057635243865,0.010349055133375844
17.252426303854875,314.50259153448036,63.18682057635244,63.0,18.682057635243865,0.010191075496968313
17.2756462585034,314.50259153448036,63.18682057635244,63.0,18.682057635243865,0.01001306633241028
17.29886621315193,,,,,9.776674425089916e-08
17.322086167800453,,,,,2.5238857492532866e-08
17.345306122448978,,,,,0.010000047007977303
17.368526077097506,,,,,0.01000000928748663
17.39174603174603,,,,,0.01000020633903134
17.41496598639456,,,,,0.01000419105279527
17.438185941043084,,,,,0.01000419105279527
17.46140589569161,,,,,0.010073751764282884
17.484625850340137,,,,,9.680141457461746e-08
17.507845804988662,,,,,0.010001159046611877
17.531065759637187,,,,,0.010008842317918033
17.554285714285715,,,,,0.010001872863120041
17.57750566893424,,,,,0.010000802780927256
17.600725623582765,,,,,2.5596920688908716e-08
17.623945578231293,,,,,0.01000419105279527
17.647165532879818,,,,,5.682744464150951e-09
17.670385487528346,261.42647251857596,59.98682057635243,60.0,-1.3179423647571298,0.010000023209555942
17.69360544217687,261.42647251857596,59.98682057635243,60.0,-1.3179423647571298,0.010001232964449814
17.716825396825396,259.92076683399534,59.886820576352434,60.0,-11.317942364756561,0.010009025493277129
17.740045351473924,261.42647251857596,59.98682057635243,60.0,-1.3179423647571298,0.010026724673810676
17.76326530612245,265.9961267656921,60.28682057635243,60.0,28.682057635243297,0.01002672467381077
17.786485260770974,265.9961267656921,60.28682057635243,60.0,28.682057635243297,0.01002672467381077
17.809705215419502,269.08685288118863,60.48682057635242,60.0,48.68205763524216,0.010140046044704068
17.832925170068027,269.08685288118863,60.48682057635242,60.0,48.68205763524216,0.010052967545965857
17.856145124716555,267.53702665232305,60.38682057635243,60.0,38.68205763524273,0.01010197459374499
17.87936507936508,267.53702665232305,60.38682057635243,60.0,38.68205763524273,0.010824463728234167
17.902585034013605,267.53702665232305,60.38682057635243,60.0,38.68205763524273,0.010349055133375844
17.925804988662133,265.9961267656921,60.28682057635243,60.0,28.682057635243297,0.011085791888943373
17.949024943310658,267.53702665232305,60.38682057635243,60.0,38.68205763524273,0.010824463728234167
17.972244897959182,264.46410180934777,60.18682057635244,60.0,18.682057635243865,0.010349055133375844
17.99546485260771,265.9961267656921,60.28682057635243,60.0,28.682057635243297,0.010259050559778861
18.018684807256236,265.9961267656921,60.28682057635243,60.0,28.682057635243297,0.010467533617069905
18.04190476190476,264.46410180934777,60.18682057635244,60.0,18.682057635243865,0.011085791888943373
18.06512471655329,265.9961267656921,60.28682057635243,60.0,28.682057635243297,0.011085791888943373
18.088344671201813,265.9961267656921,60.28682057635243,60.0,28.682057635243297,0.011422334250709074
18.11156462585034,265.9961267656921,60.28682057635243,60.0,28.682057635243297,0.011422334250709074
18.134784580498867,267.53702665232305,60.38682057635243,60.0,38.68205763524273,0.01646758759311301
18.15800453514739,265.9961267656921,60.28682057635243,60.0,28.682057635243297,0.018187375734912182
18.18122448979592,264.46410180934777,60.18682057635244,60.0,18.682057635243865,0.015085587297504336
18.204444444444444,264.46410180934777,60.18682057635244,60.0,18.682057635243865,0.016467587593113005
18.22766439909297,264.46410180934777,60.18682057635244,60.0,18.682057635243865,0.015085587297504338
18.250884353741498,264.46410180934777,60.18682057635244,60.0,18.682057635243865,0.018187375734912182
18.274104308390022,267.53702665232305,60.38682057635243,60.0,38.68205763524273,0.026168028608935755
18.297324263038547,267.53702665232305,60.38682057635243,60.0,38.68205763524273,0.022944219124638607
18.320544217687075,269.08685288118863,60.48682057635242,60.0,48.68205763524216,0.01646758759311301
18.3437641723356,267.53702665232305,60.38682057635243,60.0,38.68205763524273,0.01240312479355135
18.36698412698413,267.53702665232305,60.38682057635243,60.0,38.68205763524273,0.010259050559778863
18.390204081632653,267.53702665232305,60.38682057635243,60.0,38.68205763524273,0.010191075496968311
18.413424036281178,264.46410180934777,60.18682057635244,60.0,18.682057635243865,0.010052967545964226
18.436643990929706,264.46410180934777,60.18682057635244,60.0,18.682057635243865,0.010000127845038717
18.45986394557823,259.92076683399534,59.886820576352434,60.0,-11.317942364756561,0.010000002867602357
18.483083900226756,,,,,5.750117149696335e-12
18.506303854875284,,,,,5.040482700203483e-13
18.52952380952381,,,,,0.010000000375777578
18.552743764172334,,,,,0.010000000329211733
18.575963718820862,,,,,0.010000005197275235
18.599183673469387,238.34839409963237,58.386820576352434,58.0,38.68205763524344,0.010000205973201427
18.622403628117915,238.34839409963237,58.386820576352434,58.0,38.68205763524344,0.010006177844372218
18.64562358276644,239.72913230026904,58.48682057635243,58.0,48.68205763524287,0.010000127836929995
18.668843537414965,239.72913230026904,58.48682057635243,58.0,48.68205763524287,0.010018764421180522
18.692063492063493,236.97560836585026,58.286820576352426,58.0,28.682057635242586,0.010026724665508267
18.715283446712018,239.72913230026904,58.48682057635243,58.0,48.68205763524287,0.010191075493477664
18.738503401360543,238.34839409963237,58.386820576352434,58.0,38.68205763524344,0.010622609021956856
18.76172335600907,238.34839409963237,58.386820576352434,58.0,38.68205763524344,0.01082446372683145
18.784943310657596,238.34839409963237,58.386820576352434,58.0,38.68205763524344,0.011085791888407227
18.808163265306124,236.97560836585026,58.286820576352426,58.0,28.682057635242586,0.010191075455199742
18.83138321995465,236.97560836585026,58.286820576352426,58.0,28.682057635242586,0.010140045332018748
18.854603174603174,235.61072929608412,58.18682057635243,58.0,18.682057635243154,0.0108244556142254
18.877823129251702,236.97560836585026,58.286820576352426,58.0,28.682057635242586,0.010824422658143923
18.901043083900227,236.97560836585026,58.286820576352426,58.0,28.682057635242586,0.010824462377414667
18.92426303854875,235.61072929608412,58.18682057635243,58.0,18.682057635243154,0.010191070940319838
18.94748299319728,235.61072929608412,58.18682057635243,58.0,18.682057635243154,0.010052967361551094
18.970702947845805,235.61072929608412,58.18682057635243,58.0,18.682057635243154,0.010467533528464296
18.99392290249433,235.61072929608412,58.18682057635243,58.0,18.682057635243154,0.010140046041213402
19.017142857142858,234.25371135130007,58.08682057635243,58.0,8.682057635243012,0.011853505375729257
19.040362811791383,234.25371135130007,58.08682057635243,58.0,8.682057635243012,0.01108579186998923
19.06358276643991,234.25371135130007,58.08682057635243,58.0,8.682057635243012,0.01062260867588714
19.086802721088436,234.25371135130007,58.08682057635243,58.0,8.682057635243012,0.010259049208962543
19.11002267573696,234.25371135130007,58.08682057635243,58.0,8.682057635243012,0.011085789380600092
19.13324263038549,232.90450925475,57.98682057635243,58.0,-1.3179423647571298,0.01108578377689794
19.156462585034014,234.25371135130007,58.08682057635243,58.0,8.682057635243012,0.010259049208592792
19.17968253968254,235.61072929608412,58.18682057635243,58.0,18.682057635243154,0.010101973882549265
19.202902494331067,236.97560836585026,58.286820576352426,58.0,28.682057635242586,0.010000206156327286
19.22612244897959,238.34839409963237,58.386820576352434,58.0,38.68205763524344,0.010000802761972398
19.249342403628116,238.34839409963237,58.386820576352434,58.0,38.68205763524344,0.010006178536379922
19.272562358276645,238.34839409963237,58.386820576352434,58.0,38.68205763524344,0.010006178547031267
19.29578231292517,238.34839409963237,58.386820576352434,58.0,38.68205763524344,0.010073751764262054
19.319002267573698,238.34839409963237,58.386820576352434,58.0,38.68205763524344,0.010013068844836203
19.342222222222222,238.34839409963237,58.386820576352434,58.0,38.68205763524344,0.010001232964792255
19.365442176870747,,,,,0.0100000469890168
19.388662131519276,,,,,0.010000001543062537
19.4118820861678,,,,,0.010000001457948382
19.435102040816325,,,,,1.1305745573548207e-09
19.458321995464853,,,,,0.010000001457948693
19.481541950113378,,,,,5.883855565380879e-12
19.504761904761907,195.84856692874484,54.98682057635243,55.0,-1.3179423647571298,0.010000000414434275
19.52798185941043,198.12421766039049,55.18682057635243,55.0,18.682057635243154,0.01000020633553968
19.551201814058956,196.9831061351866,55.08682057635243,55.0,8.682057635243012,0.010009025451596473
19.574421768707484,198.12421766039049,55.18682057635243,55.0,18.682057635243154,0.010101862898768858
19.59764172335601,196.9831061351866,55.08682057635243,55.0,8.682057635243012,0.010052680499204611
19.620861678004534,196.9831061351866,55.08682057635243,55.0,8.682057635243012,0.0101400456796723
19.644081632653062,196.9831061351866,55.08682057635243,55.0,8.682057635243012,0.011422334162120226
19.667301587301587,198.12421766039049,55.18682057635243,55.0,18.682057635243154,0.011853505394662582
19.690521541950112,198.12421766039049,55.18682057635243,55.0,18.682057635243154,0.01082446372822812
19.71374149659864,198.12421766039049,55.18682057635243,55.0,18.682057635243154,0.010191075493477563
19.736961451247165,196.9831061351866,55.08682057635243,55.0,8.682057635243012,0.010026724673616948
19.760181405895693,196.9831061351866,55.08682057635243,55.0,8.682057635243012,0.010006178555332446
19.783401360544218,198.12421766039049,55.18682057635243,55.0,18.682057635243154,0.010026724673804723
19.806621315192743,198.12421766039049,55.18682057635243,55.0,18.682057635243154,0.010467533613578247
19.82984126984127,198.12421766039049,55.18682057635243,55.0,18.682057635243154,0.010467533617069808
19.853061224489796,198.12421766039049,55.18682057635243,55.0,18.682057635243154,0.012403124793551348
19.87628117913832,196.9831061351866,55.08682057635243,55.0,8.682057635243012,0.013100262550513395
19.89950113378685,196.9831061351866,55.08682057635243,55.0,8.682057635243012,0.013980210380185926
19.922721088435374,196.9831061351866,55.08682057635243,55.0,8.682057635243012,0.011085791888943373
19.9459410430839,196.9831061351866,55.08682057635243,55.0,8.682057635243012,0.010824463719931619
19.969160997732427,196.9831061351866,55.08682057635243,55.0,8.682057635243012,0.010467533598115648
19.99238095238095,196.9831061351866,55.08682057635243,55.0,8.682057635243012,0.01014004148754783
20.01560090702948,194.72056218729455,54.886820576352434,55.0,-11.317942364756561,0.010349053782559578
20.038820861678005,195.84856692874484,54.98682057635243,55.0,-1.3179423647571298,0.010259050559778864
20.06204081632653,195.84856692874484,54.98682057635243,55.0,-1.3179423647571298,0.01010197459374499
20.085260770975058,196.9831061351866,55.08682057635243,55.0,8.682057635243012,0.010259050559778863
20.108480725623583,199.27193957741167,55.286820576352426,55.0,28.682057635242586,0.010000206339031342
20.131700680272107,198.12421766039049,55.18682057635243,55.0,18.682057635243154,0.010000047007977303
20.154920634920636,196.9831061351866,55.08682057635243,55.0,8.682057635243012,0.010000046966279623
20.17814058956916,194.72056218729455,54.886820576352434,55.0,-11.317942364756561,0.010000001538238669
20.201360544217685,195.84856692874484,54.98682057635243,55.0,-1.3179423647571298,0.010000009101658706
20.224580498866214,194.72056218729455,54.886820576352434,55.0,-11.317942364756561,0.010000027760328866
20.24780045351474,195.84856692874484,54.98682057635243,55.0,-1.3179423647571298,0.010000016225017859
20.271020408163267,195.84856692874484,54.98682057635243,55.0,-1.3179423647571298,0.010000001538249419
20.29424036281179,157.25129576724018,51.18682057635243,51.0,18.682057635243154,0.010000042380208289
20.317460317460316,203.92970037108196,55.68682057635243,56.0,-31.317942364756846,0.010000053727247863
20.340680272108845,157.25129576724018,51.18682057635243,51.0,18.682057635243154,0.010073464137929136
20.36390022675737,156.34559494947933,51.08682057635242,51.0,8.682057635242302,0.010073710693799845
20.387120181405894,156.34559494947933,51.08682057635242,51.0,8.682057635242302,0.010140041487327665
20.410340136054423,156.34559494947933,51.08682057635242,51.0,8.682057635242302,0.01001876414463186
20.433560090702947,157.25129576724018,51.18682057635243,51.0,18.682057635243154,0.010000206330726076
20.456780045351476,158.1622432564634,51.28682057635243,51.0,28.682057635243297,0.010000047007956469
20.48,158.1622432564634,51.28682057635243,51.0,28.682057635243297,0.010000328604500027
20.503219954648525,157.25129576724018,51.18682057635243,51.0,18.682057635243154,0.010001873046012551
20.526439909297054,156.34559494947933,51.08682057635242,51.0,8.682057635242302,0.010009025493342986
20.54965986394558,157.25129576724018,51.18682057635243,51.0,18.682057635243154,0.010009025493342988
20.572879818594103,157.25129576724018,51.18682057635243,51.0,18.682057635243154,0.01001876450976914
20.59609977324263,159.07846781080758,51.38682057635243,51.0,38.68205763524273,0.010013068846238975
20.619319727891156,160.0,51.48682057635243,51.0,48.68205763524287,0.010009025493342986
20.64253968253968,160.0,51.48682057635243,51.0,48.68205763524287,0.010001232964986118
20.66575963718821,160.92687057085655,51.58682057635242,52.0,-41.3179423647577,0.010002815825811098
20.688979591836734,160.0,51.48682057635243,51.0,48.68205763524287,0.010000516719604526
20.712199546485262,159.07846781080758,51.38682057635243,51.0,38.68205763524273,0.010001873046012551
20.735419501133787,159.07846781080758,51.38682057635243,51.0,38.68205763524273,0.010006178555334078
20.758639455782312,159.07846781080758,51.38682057635243,51.0,38.68205763524273,0.010001873046012551
20.78185941043084,158.1622432564634,51.28682057635243,51.0,28.682057635243297,0.010002815825811098
20.805079365079365,156.34559494947933,51.08682057635242,51.0,8.682057635242302,0.0100008027808614
20.82829931972789,157.25129576724018,51.18682057635243,51.0,18.682057635243154,0.01000012775651472
20.851519274376418,156.34559494947933,51.08682057635242,51.0,8.682057635242302,0.01000077801430887
20.874739229024943,157.25129576724018,51.18682057635243,51.0,18.682057635243154,0.010000046636215872
20.897959183673468,158.1622432564634,51.28682057635243,51.0,28.682057635243297,0.010001232782503953
20.921179138321996,158.1622432564634,51.28682057635243,51.0,28.682057635243297,0.010000802739241537
20.94439909297052,158.1622432564634,51.28682057635243,51.0,28.682057635243297,0.010001232964449953
20.96761904761905,158.1622432564634,51.28682057635243,51.0,28.682057635243297,0.010000802779521202
20.990839002267574,159.07846781080758,51.38682057635243,51.0,38.68205763524273,0.010004191052257798
21.0140589569161,159.07846781080758,51.38682057635243,51.0,38.68205763524273,0.010026724672405727
21.037278911564627,160.0,51.48682057635243,51.0,48.68205763524287,0.010052966172959383
21.060498866213152,159.07846781080758,51.38682057635243,51.0,38.68205763524273,0.010026724673810772
21.083718820861677,159.07846781080758,51.38682057635243,51.0,38.68205763524273,0.010000078102280324
21.106938775510205,159.07846781080758,51.38682057635243,51.0,38.68205763524273,0.010006178555334078
21.13015873015873,160.0,51.48682057635243,51.0,48.68205763524287,0.01034739605080264
21.153378684807254,160.0,51.48682057635243,51.0,48.68205763524287,0.011421631514475455
21.176598639455783,160.0,51.48682057635243,51.0,48.68205763524287,0.013099811181856531
21.199818594104308,160.92687057085655,51.58682057635242,52.0,-41.3179423647577,0.011422222574151663
21.223038548752836,160.92687057085655,51.58682057635242,52.0,-41.3179423647577,0.01046751941272756
21.24625850340136,160.0,51.48682057635243,51.0,48.68205763524287,0.01185332512520303
21.269478458049885,159.07846781080758,51.38682057635243,51.0,38.68205763524273,0.020301207141992655
21.292698412698414,159.07846781080758,51.38682057635243,51.0,38.68205763524273,0.01645116373489517
21.31591836734694,159.07846781080758,51.38682057635243,51.0,38.68205763524273,0.016239162534979933
21.339138321995463,159.07846781080758,51.38682057635243,51.0,38.68205763524273,0.01591445617194384
21.36235827664399,158.1622432564634,51.28682057635243,51.0,28.682057635243297,0.010961289716364266
21.385578231292516,159.07846781080758,51.38682057635243,51.0,38.68205763524273,0.01301065399094039
21.408798185941045,158.1622432564634,51.28682057635243,51.0,28.682057635243297,0.010823762366575737
21.43201814058957,157.25129576724018,51.18682057635243,51.0,18.682057635243154,0.010349054422231406
21.455238095238094,157.25129576724018,51.18682057635243,51.0,18.682057635243154,0.015085584766533142
21.478458049886623,156.34559494947933,51.08682057635242,51.0,8.682057635242302,0.01508557299234198
21.501678004535147,156.34559494947933,51.08682057635242,51.0,8.682057635242302,0.011085789375501434
21.524897959183672,157.25129576724018,51.18682057635243,51.0,18.682057635243154,0.011422334250709074
21.5481179138322,158.1622432564634,51.28682057635243,51.0,28.682057635243297,0.010467533617069905
21.571337868480725,158.1622432564634,51.28682057635243,51.0,28.682057635243297,0.010467533617069905
21.59455782312925,158.1622432564634,51.28682057635243,51.0,28.682057635243297,0.010191075496968313
21.61777777777778,158.1622432564634,51.28682057635243,51.0,28.682057635243297,0.010622609040911533
21.640997732426303,158.1622432564634,51.28682057635243,51.0,28.682057635243297,0.010824463728234167
21.66421768707483,158.1622432564634,51.28682057635243,51.0,28.682057635243297,0.010824463728234167
21.687437641723356,157.25129576724018,51.18682057635243,51.0,18.682057635243154,0.012403124793551348
21.71065759637188,157.25129576724018,51.18682057635243,51.0,18.682057635243154,0.010824463728234165
21.73387755102041,157.25129576724018,51.18682057635243,51.0,18.682057635243154,0.010349055133375844
21.757097505668934,156.34559494947933,51.08682057635242,51.0,8.682057635242302,0.010259050559778864
21.78031746031746,157.25129576724018,51.18682057635243,51.0,18.682057635243154,0.010052967545965857
21.803537414965987,156.34559494947933,51.08682057635242,51.0,8.682057635242302,0.010018764509769138
21.826757369614512,157.25129576724018,51.18682057635243,51.0,18.682057635243154,0.010001871671492694
21.849977324263037,156.34559494947933,51.08682057635242,51.0,8.682057635242302,0.010004190682405543
21.873197278911565,156.34559494947933,51.08682057635242,51.0,8.682057635242302,0.010000802780927256
21.89641723356009,157.25129576724018,51.18682057635243,51.0,18.682057635243154,0.01007356885006164
21.91963718820862,156.34559494947933,51.08682057635242,51.0,8.682057635242302,0.010037765502929688
21.942857142857143,154.54981262797529,50.88682057635242,51.0,-11.317942364757982,0.010052967545965857
21.966077097505668,153.6596712081607,50.786820576352426,51.0,-21.317942364757414,0.010622609040911533
21.989297052154196,151.01989002907095,50.48682057635243,50.0,48.68205763524287,0.010140046044704068
22.01251700680272,152.77465662566667,50.68682057635243,51.0,-31.317942364756846,0.010009025493342988
22.035736961451246,153.6596712081607,50.786820576352426,51.0,-21.317942364757414,0.010006178555334077
22.058956916099774,153.6596712081607,50.786820576352426,51.0,-21.317942364757414,0.010013068846238976
22.0821768707483,153.6596712081607,50.786820576352426,51.0,-21.317942364757414,0.010259050559778864
22.105396825396827,152.77465662566667,50.68682057635243,51.0,-31.317942364756846,0.011853505394683415
22.128616780045352,152.77465662566667,50.68682057635243,51.0,-31.317942364756846,0.012403124793551346
22.151836734693877,152.77465662566667,50.68682057635243,51.0,-31.317942364756846,0.010349054950868377
22.175056689342405,151.01989002907095,50.48682057635243,50.0,48.68205763524287,0.010140045862196601
22.19827664399093,150.1500794673829,50.386820576352434,50.0,38.68205763524344,0.011853218302863832
22.221496598639455,151.01989002907095,50.48682057635243,50.0,48.68205763524287,0.010467353100020829
22.244716553287983,151.01989002907095,50.48682057635243,50.0,48.68205763524287,0.010420673924909564
22.267936507936508,151.01989002907095,50.48682057635243,50.0,48.68205763524287,0.013672383973864126
22.291156462585032,151.01989002907095,50.48682057635243,50.0,48.68205763524287,0.010824463728234167
22.31437641723356,150.1500794673829,50.386820576352434,50.0,38.68205763524344,0.012397716602935031
22.337596371882086,151.01989002907095,50.48682057635243,50.0,48.68205763524287,0.01003776550292969
22.360816326530614,151.8947393520831,50.58682057635243,51.0,-41.31794236475699,0.01005187081511978
22.38403628117914,152.77465662566667,50.68682057635243,51.0,-31.317942364756846,0.010140046044704068
22.407256235827663,152.77465662566667,50.68682057635243,51.0,-31.317942364756846,0.010029743491411914
22.430476190476192,152.77465662566667,50.68682057635243,51.0,-31.317942364756846,0.010093956979795354
22.453696145124717,153.6596712081607,50.786820576352426,51.0,-21.317942364757414,0.010002774697544127
22.47691609977324,153.6596712081607,50.786820576352426,51.0,-21.317942364757414,0.010000516719604524
22.50013605442177,,,,,0.01000419105279527
22.523356009070294,,,,,0.01000032860450166
22.54657596371882,,,,,0.010000127845232541
22.569795918367348,,,,,0.010000000097873723
22.593015873015872,,,,,1.2788712601956288e-12
22.6162358276644,,,,,5.0321199744339044e-11
22.639455782312925,,,,,3.458348753101688e-10
22.66267573696145,,,,,1.9652802237107324e-09
22.68589569160998,,,,,1.868904970593585e-10
22.709115646258503,,,,,3.3534257937868284e-09
22.732335600907028,,,,,0.010000011585574727
22.755555555555556,,,,,0.01000002712617352
22.77877551020408,,,,,0.010000000814014906
22.801995464852606,,,,,5.050658146354504e-13
22.825215419501134,,,,,7.402420668545497e-14
22.84843537414966,,,,,2.545869519655141e-11
22.871655328798187,,,,,1.959868360021388e-09
22.894875283446712,,,,,1.1212301530959603e-09
22.918095238095237,,,,,3.3650571368985715e-09
22.941315192743765,,,,,9.877927323020273e-11
22.96453514739229,,,,,2.66745856116752e-11
22.987755102040815,,,,,3.8644524581626716e-10
23.010975056689343,,,,,0.010000000417925077
23.034195011337868,,,,,0.010000016226422836
23.057414965986396,,,,,0.010000001546554296
23.08063492063492,,,,,0.010000000814014904
23.103854875283446,,,,,0.010000047007977299
23.127074829931974,,,,,0.010000027850262286
23.1502947845805,,,,,0.01000012784523254
23.173514739229024,,,,,0.01000419105279527
23.196734693877552,,,,,0.010009025493342988
23.219954648526077,,,,,0.010073751764282884
23.2431746031746,,,,,0.010101960418286314
23.26639455782313,,,,,0.010008844977224414
23.289614512471655,,,,,7.472757290595754e-07
23.312834467120183,,,,,0.01000353378041841
23.336054421768708,,,,,0.01000000809499322
23.359274376417233,,,,,1.2822994750888064e-12
23.38249433106576,,,,,0.010000001546554296
23.405714285714286,,,,,0.010000127845232541
23.42893424036281,,,,,0.010000802780927255
23.45215419501134,,,,,0.010000027850262286
23.475374149659864,,,,,3.677360394492481e-10
23.49859410430839,,,,,2.667443533476727e-11
23.521814058956917,,,,,0.010000127845232541
23.54503401360544,,,,,0.010000127845232541
23.56825396825397,,,,,0.010000078102280324
23.591473922902495,,,,,0.010000127845232541
23.61469387755102,,,,,0.01000187304601255
23.637913832199548,,,,,0.010004190340466682
23.661133786848072,,,,,0.010012999588509658
23.684353741496597,,,,,0.010037765502929688
23.707573696145126,,,,,0.010009025493342984
23.73079365079365,,,,,0.010001873046012553
23.754013605442175,,,,,0.010000092596034628
23.777233560090703,,,,,0.010006065072589103
23.800453514739228,,,,,0.01010197459374499
23.823673469387757,,,,,0.010341029853256507
23.84689342403628,,,,,0.010824463728234167
23.870113378684806,,,,,0.01046643732240162
23.893333333333334,,,,,0.013980029717870709
23.91655328798186,,,,,0.01062260903741226
23.939773242630384,,,,,0.010467533616876024
23.962993197278912,,,,,0.010191075496902338
23.986213151927437,,,,,0.010037765499437879
24.009433106575965,,,,,0.010009025451555605
24.03265306122449,,,,,0.01001869504450045
24.055873015873015,,,,,0.010018764509769141
24.079092970521543,,,,,0.010037765502929688
24.102312925170068,,,,,0.010022995932240632
24.125532879818593,,,,,0.010190891992443598
24.14875283446712,,,,,0.011085611225326131
24.171972789115646,,,,,0.010466437066436966
24.19519274376417,,,,,0.01014004604470407
24.2184126984127,,,,,0.010037473819303444
24.241632653061224,,,,,0.010000014851136874
24.264852607709752,,,,,0.01000000512598939
24.288072562358277,,,,,3.458349738338515e-10
24.3112925170068,,,,,1.1183011545987928e-09
24.33451247165533,,,,,3.394010236808317e-09
24.357732426303855,,,,,9.797464338939563e-09
24.38095238095238,,,,,3.996578524900268e-08
24.404172335600908,,,,,0.01000012328788138
24.427392290249433,,,,,0.01000020633762857
24.450612244897957,,,,,0.010000802761969163
24.473832199546486,,,,,0.01000123295655442
24.49705215419501,,,,,0.010001873046012551
24.52027210884354,,,,,0.010001232964986121
24.543492063492064,,,,,0.010006178536373632
24.56671201814059,,,,,0.010013068837936108
24.589931972789117,,,,,0.010052967542474043
24.61315192743764,,,,,0.010052967545945025
24.636371882086166,,,,,0.010073751764282884
24.659591836734695,,,,,0.010026724673810772
24.68281179138322,,,,,0.010018764509769138
24.706031746031748,,,,,0.010037765502929688
24.729251700680273,,,,,0.01000419105279527
24.752471655328797,,,,,0.010013068846238975
24.775691609977326,,,,,0.010013068846238976
24.79891156462585,,,,,0.010009025493342984
24.822131519274375,179.59392772949968,53.48682057635243,53.0,48.68205763524287,0.010000516719604526
24.845351473922904,179.59392772949968,53.48682057635243,53.0,48.68205763524287,0.010009025493342988
24.86857142857143,179.59392772949968,53.48682057635243,53.0,48.68205763524287,0.010259050559778861
24.891791383219953,179.59392772949968,53.48682057635243,53.0,48.68205763524287,0.011085791888943373
24.91501133786848,178.55954282083573,53.386820576352434,53.0,38.68205763524344,0.01398021019767821
24.938231292517006,178.55954282083573,53.386820576352434,53.0,38.68205763524344,0.010259050471166388
24.961451247165535,177.53111553085517,53.286820576352426,53.0,28.682057635242586,0.010140046041213423
24.98467120181406,178.55954282083573,53.386820576352434,53.0,38.68205763524344,0.010073751581835213
25.007891156462584,178.55954282083573,53.386820576352434,53.0,38.68205763524344,0.01010197208529059
25.031111111111112,179.59392772949968,53.48682057635243,53.0,48.68205763524287,0.010052926388766231
25.054331065759637,180.63430476898102,53.58682057635243,54.0,-41.31794236475699,0.010140046044704067
25.077551020408162,179.59392772949968,53.48682057635243,53.0,48.68205763524287,0.010467533617069903
25.10077097505669,179.59392772949968,53.48682057635243,53.0,48.68205763524287,0.011422332896684043
25.123990929705215,178.55954282083573,53.386820576352434,53.0,38.68205763524344,0.013100262550513395
25.14721088435374,178.55954282083573,53.386820576352434,53.0,38.68205763524344,0.011085791888943373
25.170430839002268,177.53111553085517,53.286820576352426,53.0,28.682057635242586,0.010140046044704067
25.193650793650793,178.55954282083573,53.386820576352434,53.0,38.68205763524344,0.010622609040911533
25.21687074829932,179.59392772949968,53.48682057635243,53.0,48.68205763524287,0.010259050559778864
25.240090702947846,178.55954282083573,53.386820576352434,53.0,38.68205763524344,0.016467587593113005
25.26331065759637,179.59392772949968,53.48682057635243,53.0,48.68205763524287,0.012403124793551348
25.2865306122449,179.59392772949968,53.48682057635243,53.0,48.68205763524287,0.013100262550513395
25.309750566893424,178.55954282083573,53.386820576352434,53.0,38.68205763524344,0.013980210380185928
25.33297052154195,178.55954282083573,53.386820576352434,53.0,38.68205763524344,0.010622609040911533
25.356190476190477,178.55954282083573,53.386820576352434,53.0,38.68205763524344,0.013100262550513395
25.379410430839002,178.55954282083573,53.386820576352434,53.0,38.68205763524344,0.011422334250709074
25.402630385487527,178.55954282083573,53.386820576352434,53.0,38.68205763524344,0.012403124793551348
25.425850340136055,178.55954282083573,53.386820576352434,53.0,38.68205763524344,0.016467587593113005
25.44907029478458,177.53111553085517,53.286820576352426,53.0,28.682057635242586,0.026168028608935755
25.472290249433108,177.53111553085517,53.286820576352426,53.0,28.682057635242586,0.047686993082531035
25.495510204081633,178.55954282083573,53.386820576352434,53.0,38.68205763524344,0.030106861794195007
25.518730158730158,178.55954282083573,53.386820576352434,53.0,38.68205763524344,0.026168028608935755
25.541950113378686,178.55954282083573,53.386820576352434,53.0,38.68205763524344,0.018187375734912185
25.56517006802721,178.55954282083573,53.386820576352434,53.0,38.68205763524344,0.013100262550513393
25.588390022675735,177.53111553085517,53.286820576352426,53.0,28.682057635242586,0.012403124793551348
25.611609977324264,178.55954282083573,53.386820576352434,53.0,38.68205763524344,0.013980210380185928
25.63482993197279,179.59392772949968,53.48682057635243,53.0,48.68205763524287,0.02616802860893576
25.658049886621317,178.55954282083573,53.386820576352434,53.0,38.68205763524344,0.04069733156888106
25.68126984126984,178.55954282083573,53.386820576352434,53.0,38.68205763524344,0.022944219124638603
25.704489795918366,178.55954282083573,53.386820576352434,53.0,38.68205763524344,0.03489742801962526
25.727709750566895,178.55954282083573,53.386820576352434,53.0,38.68205763524344,0.015085587297504336
25.75092970521542,178.55954282083573,53.386820576352434,53.0,38.68205763524344,0.012403124793551346
25.774149659863944,177.53111553085517,53.286820576352426,53.0,28.682057635242586,0.011085791888943373
25.797369614512473,177.53111553085517,53.286820576352426,53.0,28.682057635242586,0.011422334250709073
25.820589569160997,177.53111553085517,53.286820576352426,53.0,28.682057635242586,0.015085587297504338
25.843809523809522,178.55954282083573,53.386820576352434,53.0,38.68205763524344,0.018187375734912185
25.86702947845805,178.55954282083573,53.386820576352434,53.0,38.68205763524344,0.026168028608935755
25.890249433106575,177.53111553085517,53.286820576352426,53.0,28.682057635242586,0.015085587297504336
25.913469387755104,179.59392772949968,53.48682057635243,53.0,48.68205763524287,0.012403124793551348
25.93668934240363,179.59392772949968,53.48682057635243,53.0,48.68205763524287,0.010824463728234165
25.959909297052153,180.63430476898102,53.58682057635243,54.0,-41.31794236475699,0.011085791888943373
25.98312925170068,181.68070865134038,53.686820576352424,54.0,-31.317942364757556,0.010467533617069905
26.006349206349206,180.63430476898102,53.58682057635243,54.0,-41.31794236475699,0.010622609040911533
26.02956916099773,181.68070865134038,53.686820576352424,54.0,-31.317942364757556,0.012403124793551348
26.05278911564626,179.59392772949968,53.48682057635243,53.0,48.68205763524287,0.011422334250709074
26.076009070294784,179.59392772949968,53.48682057635243,53.0,48.68205763524287,0.016467587593113005
26.09922902494331,179.59392772949968,53.48682057635243,53.0,48.68205763524287,0.034897428019625254
26.122448979591837,179.59392772949968,53.48682057635243,53.0,48.68205763524287,0.06608151270920701
26.145668934240362,180.63430476898102,53.58682057635243,54.0,-41.31794236475699,0.10857977072874497
26.16888888888889,180.63430476898102,53.58682057635243,54.0,-41.31794236475699,0.12793708630129033
26.192108843537415,180.63430476898102,53.58682057635243,54.0,-41.31794236475699,0.1504646013433388
26.21532879818594,180.63430476898102,53.58682057635243,54.0,-41.31794236475699,0.1765306086328975
26.23854875283447,180.63430476898102,53.58682057635243,54.0,-41.31794236475699,0.1765306086328975
26.261768707482993,180.63430476898102,53.58682057635243,54.0,-41.31794236475699,0.12793708630129036
26.284988662131518,179.59392772949968,53.48682057635243,53.0,48.68205763524287,0.1504646013433388
26.308208616780046,179.59392772949968,53.48682057635243,53.0,48.68205763524287,0.07797523762294828
26.33142857142857,179.59392772949968,53.48682057635243,53.0,48.68205763524287,0.20650679911775216
26.354648526077096,180.63430476898102,53.58682057635243,54.0,-41.31794236475699,0.15046460134333883
26.377868480725624,181.68070865134038,53.686820576352424,54.0,-31.317942364757556,0.10857977072874499
26.40108843537415,181.68070865134038,53.686820576352424,54.0,-31.317942364757556,0.047686993082531035
26.424308390022677,182.73317428972345,53.786820576352426,54.0,-21.317942364757414,0.056071395445892624
26.447528344671202,180.63430476898102,53.58682057635243,54.0,-41.31794236475699,0.07797523762294829
26.470748299319727,180.63430476898102,53.58682057635243,54.0,-41.31794236475699,0.056071395445892624
26.493968253968255,179.59392772949968,53.48682057635243,53.0,48.68205763524287,0.026168028608935752
26.51718820861678,179.59392772949968,53.48682057635243,53.0,48.68205763524287,0.012403124793551348
26.540408163265305,180.63430476898102,53.58682057635243,54.0,-41.31794236475699,0.03010686179419501
26.563628117913833,180.63430476898102,53.58682057635243,54.0,-41.31794236475699,0.020317628556360583
26.586848072562358,180.63430476898102,53.58682057635243,54.0,-41.31794236475699,0.06608151270920701
26.610068027210886,179.59392772949968,53.48682057635243,53.0,48.68205763524287,0.0229442191246386
26.63328798185941,179.59392772949968,53.48682057635243,53.0,48.68205763524287,0.03010686179419501
26.656507936507936,179.59392772949968,53.48682057635243,53.0,48.68205763524287,0.03010686179419501
26.679727891156464,179.59392772949968,53.48682057635243,53.0,48.68205763524287,0.013980210380185928
26.70294784580499,178.55954282083573,53.386820576352434,53.0,38.68205763524344,0.0229442191246386
26.726167800453513,178.55954282083573,53.386820576352434,53.0,38.68205763524344,0.02031762855636058
26.749387755102042,179.59392772949968,53.48682057635243,53.0,48.68205763524287,0.030106861794195007
26.772607709750567,179.59392772949968,53.48682057635243,53.0,48.68205763524287,0.013100262550513395
26.79582766439909,181.68070865134038,53.686820576352424,54.0,-31.317942364757556,0.013100262550513397
26.81904761904762,181.68070865134038,53.686820576352424,54.0,-31.317942364757556,0.018187375734912182
26.842267573696144,181.68070865134038,53.686820576352424,54.0,-31.317942364757556,0.018187375734912182
26.865487528344673,181.68070865134038,53.686820576352424,54.0,-31.317942364757556,0.01818737573491218
26.888707482993198,181.68070865134038,53.686820576352424,54.0,-31.317942364757556,0.011422334250709076
26.911927437641722,181.68070865134038,53.686820576352424,54.0,-31.317942364757556,0.010140046044704068
26.93514739229025,179.59392772949968,53.48682057635243,53.0,48.68205763524287,0.03010686179419501
26.958367346938775,179.59392772949968,53.48682057635243,53.0,48.68205763524287,0.07797523762294829
26.9815873015873,178.55954282083573,53.386820576352434,53.0,38.68205763524344,0.17653060863289746
27.00480725623583,178.55954282083573,53.386820576352434,53.0,38.68205763524344,0.07797523762294829
27.028027210884353,178.55954282083573,53.386820576352434,53.0,38.68205763524344,0.03489742801962526
27.051247165532878,178.55954282083573,53.386820576352434,53.0,38.68205763524344,0.03489742801962526
27.074467120181406,178.55954282083573,53.386820576352434,53.0,38.68205763524344,0.03010686179419501
27.09768707482993,178.55954282083573,53.386820576352434,53.0,38.68205763524344,0.04069733156888106
27.12090702947846,178.55954282083573,53.386820576352434,53.0,38.68205763524344,0.011422334250709073
27.144126984126984,178.55954282083573,53.386820576352434,53.0,38.68205763524344,0.010349055133375846
27.16734693877551,177.53111553085517,53.286820576352426,53.0,28.682057635242586,0.010140046044704068
27.190566893424037,178.55954282083573,53.386820576352434,53.0,38.68205763524344,0.010824463728234167
27.213786848072562,178.55954282083573,53.386820576352434,53.0,38.68205763524344,0.010467533617069907
27.237006802721087,178.55954282083573,53.386820576352434,53.0,38.68205763524344,0.011085791888943373
27.260226757369615,178.55954282083573,53.386820576352434,53.0,38.68205763524344,0.010824463728234167
27.28344671201814,178.55954282083573,53.386820576352434,53.0,38.68205763524344,0.010052967545965859
27.30666666666667,,,,,0.010013068846238975
27.329886621315193,,,,,0.01010197459374499
27.353106575963718,,,,,0.010073751764282884
27.376326530612246,,,,,0.010073751764282884
27.39954648526077,,,,,0.01002672467381077
27.422766439909296,,,,,0.010000047007977299
27.445986394557824,,,,,0.010000002871100368
27.46920634920635,,,,,0.010000000009505967
27.492426303854874,,,,,0.010000000000221913
27.515646258503402,,,,,0.010000000021701592
27.538866213151927,,,,,0.010000000001606033
27.562086167800455,,,,,0.010000000814014908
27.58530612244898,,,,,0.010000016226422836
27.608526077097505,,,,,0.01000000928748663
27.631746031746033,,,,,0.010000046988669626
27.654965986394558,,,,,9.802180218206245e-11
27.678185941043083,,,,,1.2212834724955586e-11
27.70140589569161,,,,,1.8622462523072518e-10
27.724625850340136,,,,,0.010000002499284752
27.74784580498866,,,,,0.010000046642447193
27.77106575963719,,,,,0.01000031418981365
27.794285714285714,,,,,0.010000013672328696
27.817505668934242,,,,,0.01000000484735764
27.840725623582767,,,,,1.15339707090925e-12
27.86394557823129,,,,,0.010000000008099785
27.88716553287982,,,,,0.010000000001411886
27.910385487528345,,,,,0.01000000000808707
27.93360544217687,,,,,0.010000000047719976
27.956825396825398,,,,,0.010000000208871913
27.980045351473922,,,,,0.010000000208826874
28.003265306122447,,,,,1.2216361426619316e-11
28.026485260770976,,,,,7.499104552266348e-14
28.0497052154195,,,,,4.910662706326578e-13
28.07292517006803,,,,,1.2888253857142555e-11
28.096145124716553,,,,,1.279337299530509e-12
28.11936507936508,,,,,0.010000000118976407
28.142585034013607,,,,,2.7507248611301103e-12
28.16580498866213,,,,,1.969483521068281e-13
28.189024943310656,,,,,1.8768984417084083e-10
28.212244897959184,,,,,6.280736452075896e-10
28.23546485260771,235.61072929608412,58.18682057635243,58.0,18.682057635243154,0.01000004663617502
28.258684807256238,234.25371135130007,58.08682057635243,58.0,8.682057635243012,0.010000328232686045
28.281904761904762,232.90450925475,57.98682057635243,58.0,-1.3179423647571298,0.010000077379488825
28.305124716553287,228.90334918964132,57.68682057635243,58.0,-31.317942364756846,0.01001304407402041
28.328344671201815,230.2293728017312,57.786820576352426,58.0,-21.317942364757414,0.01001288527077825
28.35156462585034,228.90334918964132,57.68682057635243,58.0,-31.317942364756846,0.010002746379234253
28.374784580498865,232.90450925475,57.98682057635243,58.0,-1.3179423647571298,0.010009011058244597
28.398004535147393,235.61072929608412,58.18682057635243,58.0,18.682057635243154,0.010052966833259897
28.421224489795918,234.25371135130007,58.08682057635243,58.0,8.682057635243012,0.010004191011015774
28.444444444444443,234.25371135130007,58.08682057635243,58.0,8.682057635243012,0.010004189699476883
28.46766439909297,234.25371135130007,58.08682057635243,58.0,8.682057635243012,0.010000801410962342
28.490884353741496,232.90450925475,57.98682057635243,58.0,-1.3179423647571298,0.01000000057614605
28.514104308390024,234.25371135130007,58.08682057635243,58.0,8.682057635243012,0.010001224723900555
28.53732426303855,236.97560836585026,58.286820576352426,58.0,28.682057635242586,0.010026724665507894
28.560544217687074,238.34839409963237,58.386820576352434,58.0,38.68205763524344,0.010018764508366116
28.583764172335602,239.72913230026904,58.48682057635243,58.0,48.68205763524287,0.010026724673810772
28.606984126984127,236.97560836585026,58.286820576352426,58.0,28.682057635242586,0.010006178555334078
28.63020408163265,235.61072929608412,58.18682057635243,58.0,18.682057635243154,0.01000187304601255
28.65342403628118,238.34839409963237,58.386820576352434,58.0,38.68205763524344,0.010018764509769141
28.676643990929705,238.34839409963237,58.386820576352434,58.0,38.68205763524344,0.011853505394683413
28.69986394557823,239.72913230026904,58.48682057635243,58.0,48.68205763524287,0.011853505394683413
28.723083900226758,239.72913230026904,58.48682057635243,58.0,48.68205763524287,0.011085791888943371
28.746303854875283,239.72913230026904,58.48682057635243,58.0,48.68205763524287,0.010259050559778863
28.76952380952381,246.75373206527053,58.98682057635243,59.0,-1.3179423647571298,0.010037765502929688
28.792743764172336,242.5146506416637,58.68682057635243,59.0,-31.317942364756846,0.01010197459374499
28.81596371882086,239.72913230026904,58.48682057635243,58.0,48.68205763524287,0.01646758759311301
28.83918367346939,239.72913230026904,58.48682057635243,58.0,48.68205763524287,0.01646758759311301
28.862403628117914,238.34839409963237,58.386820576352434,58.0,38.68205763524344,0.03489742801962527
28.88562358276644,238.34839409963237,58.386820576352434,58.0,38.68205763524344,0.06608151270920702
28.908843537414967,238.34839409963237,58.386820576352434,58.0,38.68205763524344,0.056071395445892624
28.93206349206349,238.34839409963237,58.386820576352434,58.0,38.68205763524344,0.09203757081218114
28.955283446712016,239.72913230026904,58.48682057635243,58.0,48.68205763524287,0.09203757081218113
28.978503401360545,239.72913230026904,58.48682057635243,58.0,48.68205763524287,0.03489742801962526
29.00172335600907,238.34839409963237,58.386820576352434,58.0,38.68205763524344,0.047686993082531035
29.024943310657598,239.72913230026904,58.48682057635243,58.0,48.68205763524287,0.04768699308253103
29.048163265306123,241.11786903593213,58.58682057635244,59.0,-41.31794236475628,0.040697331568881064
29.071383219954647,241.11786903593213,58.58682057635244,59.0,-41.31794236475628,0.04069733156888106
29.094603174603176,241.11786903593213,58.58682057635244,59.0,-41.31794236475628,0.03010686179419501
29.1178231292517,241.11786903593213,58.58682057635244,59.0,-41.31794236475628,0.0229442191246386
29.141043083900225,239.72913230026904,58.48682057635243,58.0,48.68205763524287,0.018187375734912182
29.164263038548754,239.72913230026904,58.48682057635243,58.0,48.68205763524287,0.022944219124638603
29.18748299319728,239.72913230026904,58.48682057635243,58.0,48.68205763524287,0.030106861794195007
29.210702947845807,238.34839409963237,58.386820576352434,58.0,38.68205763524344,0.03010686179419501
29.23392290249433,238.34839409963237,58.386820576352434,58.0,38.68205763524344,0.03010686179419501
29.257142857142856,238.34839409963237,58.386820576352434,58.0,38.68205763524344,0.09203757081218114
29.280362811791385,238.34839409963237,58.386820576352434,58.0,38.68205763524344,0.12793708630129033
29.30358276643991,239.72913230026904,58.48682057635243,58.0,48.68205763524287,0.09203757081218111
29.326802721088434,238.34839409963237,58.386820576352434,58.0,38.68205763524344,0.07797523762294829
29.350022675736962,241.11786903593213,58.58682057635244,59.0,-41.31794236475628,0.03489742801962526
29.373242630385487,241.11786903593213,58.58682057635244,59.0,-41.31794236475628,0.040697331568881064
29.396462585034012,239.72913230026904,58.48682057635243,58.0,48.68205763524287,0.016467587593113005
29.41968253968254,239.72913230026904,58.48682057635243,58.0,48.68205763524287,0.02616802860893576
29.442902494331065,239.72913230026904,58.48682057635243,58.0,48.68205763524287,0.0229442191246386
29.466122448979593,239.72913230026904,58.48682057635243,58.0,48.68205763524287,0.0229442191246386
29.489342403628118,239.72913230026904,58.48682057635243,58.0,48.68205763524287,0.047686993082531035
29.512562358276643,239.72913230026904,58.48682057635243,58.0,48.68205763524287,0.013100262550513395
29.53578231292517,239.72913230026904,58.48682057635243,58.0,48.68205763524287,0.011853505394683413
29.559002267573696,239.72913230026904,58.48682057635243,58.0,48.68205763524287,0.013100262550513395
29.58222222222222,239.72913230026904,58.48682057635243,58.0,48.68205763524287,0.011853505394147095
29.60544217687075,239.72913230026904,58.48682057635243,58.0,48.68205763524287,0.010824463728234167
29.628662131519274,239.72913230026904,58.48682057635243,58.0,48.68205763524287,0.04069733156888106
29.6518820861678,239.72913230026904,58.48682057635243,58.0,48.68205763524287,0.022944219124638603
29.675102040816327,239.72913230026904,58.48682057635243,58.0,48.68205763524287,0.06608151270920702
29.698321995464852,238.34839409963237,58.386820576352434,58.0,38.68205763524344,0.09203757081218113
29.72154195011338,238.34839409963237,58.386820576352434,58.0,38.68205763524344,0.047686993082531035
29.744761904761905,238.34839409963237,58.386820576352434,58.0,38.68205763524344,0.07797523762294829
29.76798185941043,238.34839409963237,58.386820576352434,58.0,38.68205763524344,0.04768699290003539
29.791201814058958,238.34839409963237,58.386820576352434,58.0,38.68205763524344,0.04069732906115903
29.814421768707483,236.97560836585026,58.286820576352426,58.0,28.682057635242586,0.030106847618722954
29.837641723356008,236.97560836585026,58.286820576352426,58.0,28.682057635242586,0.01508558711499662
29.860861678004536,238.34839409963237,58.386820576352434,58.0,38.68205763524344,0.020317628556360583
29.88408163265306,238.34839409963237,58.386820576352434,58.0,38.68205763524344,0.01818737573489135
29.90730158730159,236.97560836585026,58.286820576352426,58.0,28.682057635242586,0.022944219124638607
29.930521541950114,236.97560836585026,58.286820576352426,58.0,28.682057635242586,0.02294421912463256
29.95374149659864,236.97560836585026,58.286820576352426,58.0,28.682057635242586,0.018187375734912182
29.976961451247167,238.34839409963237,58.386820576352434,58.0,38.68205763524344,0.026168028608935752
30.00018140589569,239.72913230026904,58.48682057635243,58.0,48.68205763524287,0.03489742801962526
30.023401360544216,238.34839409963237,58.386820576352434,58.0,38.68205763524344,0.026168028608935752
30.046621315192745,236.97560836585026,58.286820576352426,58.0,28.682057635242586,0.02031762855629473
30.06984126984127,236.97560836585026,58.286820576352426,58.0,28.682057635242586,0.01508558729401368
30.093061224489794,235.61072929608412,58.18682057635243,58.0,18.682057635243154,0.015085582731174638
30.116281179138323,236.97560836585026,58.286820576352426,58.0,28.682057635242586,0.013980209029367741
30.139501133786847,238.34839409963237,58.386820576352434,58.0,38.68205763524344,0.01310025799451251
30.162721088435376,238.34839409963237,58.386820576352434,58.0,38.68205763524344,0.011853502886958172
30.1859410430839,236.97560836585026,58.286820576352426,58.0,28.682057635242586,0.011422329683730992
30.209160997732425,236.97560836585026,58.286820576352426,58.0,28.682057635242586,0.011422334250709074
30.232380952380954,236.97560836585026,58.286820576352426,58.0,28.682057635242586,0.01646758759311301
30.25560090702948,236.97560836585026,58.286820576352426,58.0,28.682057635242586,0.01010197459374499
30.278820861678003,238.34839409963237,58.386820576352434,58.0,38.68205763524344,0.010013068846238973
30.30204081632653,,,,,0.010000042441200521
30.325260770975056,,,,,0.010000013677943067
30.34848072562358,,,,,0.010000001501084247
30.37170068027211,,,,,0.010000003852159604
30.394920634920634,,,,,2.8110414907199467e-11
30.418140589569163,,,,,5.7338590233333365e-09
30.441360544217687,,,,,3.471411608734759e-10
30.464580498866212,,,,,5.73376967069477e-09
30.48780045351474,,,,,9.404202413552328e-09
30.511020408163265,,,,,6.280931860326443e-10
30.53424036281179,,,,,1.2888147036947483e-11
30.55746031746032,,,,,2.51609592445191e-11
30.580680272108843,,,,,6.283800474124021e-10
30.603900226757368,,,,,1.9756209907477356e-09
30.627120181405896,,,,,2.4856957003331336e-08
30.65034013605442,,,,,4.023066483851938e-08
30.67356009070295,,,,,9.732597865903337e-08
30.696780045351474,,,,,1.6496657433994465e-08
30.72,,,,,6.332063463941363e-08
30.743219954648527,,,,,9.63325879440863e-09
30.766439909297052,,,,,1.8623980726059236e-10
30.789659863945577,,,,,9.666377938702738e-08
30.812879818594105,,,,,2.259802027588223e-06
30.83609977324263,,,,,0.010024219587059142
30.859319727891158,,,,,0.010256546457030115
30.882539682539683,,,,,0.010012609129818805
30.905759637188208,,,,,0.010001803558890049
30.928979591836736,,,,,3.4085097092026907e-07
30.95219954648526,,,,,9.257744898062225e-06
30.975419501133786,,,,,3.389149559476046e-05
30.998639455782314,,,,,4.403190676251131e-05
31.02185941043084,,,,,4.559595091922337e-06
31.045079365079363,,,,,6.22580194398987e-08
31.068299319727892,,,,,1.9661632371052584e-09
31.091519274376417,,,,,1.923150551242632e-10
31.114739229024945,227.58496291156504,57.58682057635242,58.0,-41.3179423647577,0.010000103107973028
31.13795918367347,234.25371135130007,58.08682057635243,58.0,8.682057635243012,0.010000127473410284
31.161179138321994,235.61072929608412,58.18682057635243,58.0,18.682057635243154,0.010004191052249473
31.184399092970523,238.34839409963237,58.386820576352434,58.0,38.68205763524344,0.01007375176287976
31.207619047619048,239.72913230026904,58.48682057635243,58.0,48.68205763524287,0.010259050559242597
31.230839002267572,238.34839409963237,58.386820576352434,58.0,38.68205763524344,0.010140046044683236
31.2540589569161,238.34839409963237,58.386820576352434,58.0,38.68205763524344,0.010101974590254208
31.277278911564625,236.97560836585026,58.286820576352426,58.0,28.682057635242586,0.01001876450923288
31.30049886621315,238.34839409963237,58.386820576352434,58.0,38.68205763524344,0.01002672467327461
31.32371882086168,239.72913230026904,58.48682057635243,58.0,48.68205763524287,0.010073751764089065
31.346938775510203,238.34839409963237,58.386820576352434,58.0,38.68205763524344,0.010349055133182019
31.37015873015873,239.72913230026904,58.48682057635243,58.0,48.68205763524287,0.01142233424721829
31.393378684807256,236.97560836585026,58.286820576352426,58.0,28.682057635242586,0.01398021037669528
31.41659863945578,238.34839409963237,58.386820576352434,58.0,38.68205763524344,0.011853505386380867
31.43981859410431,238.34839409963237,58.386820576352434,58.0,38.68205763524344,0.011853505386380865
31.463038548752834,236.97560836585026,58.286820576352426,58.0,28.682057635242586,0.011853505391192749
31.48625850340136,238.34839409963237,58.386820576352434,58.0,38.68205763524344,0.010622609040375387
31.509478458049887,238.34839409963237,58.386820576352434,58.0,38.68205763524344,0.010191075496962264
31.532698412698412,236.97560836585026,58.286820576352426,58.0,28.682057635242586,0.010037765502928056
31.555918367346937,238.34839409963237,58.386820576352434,58.0,38.68205763524344,0.010101974593744992
31.579138321995465,236.97560836585026,58.286820576352426,58.0,28.682057635242586,0.01025905055975803
31.60235827664399,238.34839409963237,58.386820576352434,58.0,38.68205763524344,0.012403124785248848
31.62557823129252,238.34839409963237,58.386820576352434,58.0,38.68205763524344,0.012403124751867497
31.648798185941043,238.34839409963237,58.386820576352434,58.0,38.68205763524344,0.016467587410666354
31.672018140589568,238.34839409963237,58.386820576352434,58.0,38.68205763524344,0.022944217773880064
31.695238095238096,239.72913230026904,58.48682057635243,58.0,48.68205763524287,0.020317627845401007
31.71845804988662,239.72913230026904,58.48682057635243,58.0,48.68205763524287,0.01818737536989669
31.741678004535146,239.72913230026904,58.48682057635243,58.0,48.68205763524287,0.013980210014353685
31.764897959183674,239.72913230026904,58.48682057635243,58.0,48.68205763524287,0.01398021019769017
31.7881179138322,238.34839409963237,58.386820576352434,58.0,38.68205763524344,0.011085791869984022
31.811337868480727,238.34839409963237,58.386820576352434,58.0,38.68205763524344,0.015085587278544858
31.834557823129252,239.72913230026904,58.48682057635243,58.0,48.68205763524287,0.018187375715952837
31.857777777777777,239.72913230026904,58.48682057635243,58.0,48.68205763524287,0.020317628556360583
31.880997732426305,239.72913230026904,58.48682057635243,58.0,48.68205763524287,0.03010686179419501
31.90421768707483,239.72913230026904,58.48682057635243,58.0,48.68205763524287,0.011422334250709074
31.927437641723355,239.72913230026904,58.48682057635243,58.0,48.68205763524287,0.01108579188892254
31.950657596371883,239.72913230026904,58.48682057635243,58.0,48.68205763524287,0.018187375734912182
31.973877551020408,239.72913230026904,58.48682057635243,58.0,48.68205763524287,0.016467587593113005
31.997097505668933,239.72913230026904,58.48682057635243,58.0,48.68205763524287,0.022944219124638607
32.02031746031746,239.72913230026904,58.48682057635243,58.0,48.68205763524287,0.03010686179419501
32.04353741496599,239.72913230026904,58.48682057635243,58.0,48.68205763524287,0.013980210380185928
32.066757369614514,239.72913230026904,58.48682057635243,58.0,48.68205763524287,0.01646758759311301
32.08997732426304,239.72913230026904,58.48682057635243,58.0,48.68205763524287,0.013980210380185928
32.113197278911564,241.11786903593213,58.58682057635244,59.0,-41.31794236475628,0.056071395445892624
32.13641723356009,241.11786903593213,58.58682057635244,59.0,-41.31794236475628,0.05607139544589262
32.15963718820862,241.11786903593213,58.58682057635244,59.0,-41.31794236475628,0.10857977072874497
32.182857142857145,241.11786903593213,58.58682057635244,59.0,-41.31794236475628,0.17653060863289743
32.20607709750567,241.11786903593213,58.58682057635244,59.0,-41.31794236475628,0.15046460134333875
32.229297052154195,239.72913230026904,58.48682057635243,58.0,48.68205763524287,0.20650679911775213
32.25251700680272,238.34839409963237,58.386820576352434,58.0,38.68205763524344,0.12793708630129033
32.275736961451244,239.72913230026904,58.48682057635243,58.0,48.68205763524287,0.06608151270920701
32.298956916099776,239.72913230026904,58.48682057635243,58.0,48.68205763524287,0.03489742801962526
32.3221768707483,239.72913230026904,58.48682057635243,58.0,48.68205763524287,0.010824463728234167
32.345396825396826,239.72913230026904,58.48682057635243,58.0,48.68205763524287,0.010622609040911533
32.36861678004535,239.72913230026904,58.48682057635243,58.0,48.68205763524287,0.010467533617069905
32.391836734693875,239.72913230026904,58.48682057635243,58.0,48.68205763524287,0.011085791888943373
32.41505668934241,239.72913230026904,58.48682057635243,58.0,48.68205763524287,0.010191075496968311
32.43827664399093,239.72913230026904,58.48682057635243,58.0,48.68205763524287,0.010349055133375844
32.46149659863946,239.72913230026904,58.48682057635243,58.0,48.68205763524287,0.011422334250709074
32.48471655328798,239.72913230026904,58.48682057635243,58.0,48.68205763524287,0.010191075496968313
32.507936507936506,239.72913230026904,58.48682057635243,58.0,48.68205763524287,0.010467533617069905
32.53115646258503,239.72913230026904,58.48682057635243,58.0,48.68205763524287,0.01014004604470407
32.55437641723356,241.11786903593213,58.58682057635244,59.0,-41.31794236475628,0.010001873046012551
32.57759637188209,,,,,0.01001876450976914
32.60081632653061,,,,,0.010013068846238975
32.62403628117914,,,,,0.01000419105279527
32.64725623582766,,,,,0.010009025493342986
32.670476190476194,,,,,9.67010091786085e-08
32.69369614512472,,,,,1.0951104677058418e-10
32.71691609977324,,,,,1.2215943698453874e-11
32.74013605442177,,,,,2.6361270585223703e-12
32.76335600907029,,,,,1.2788605479480464e-12
32.78657596371882,,,,,5.747753919015992e-12
32.80979591836735,,,,,1.8916697799632484e-10
32.833015873015874,,,,,1.1241816660888621e-09
32.8562358276644,,,,,1.03916698701381e-10
32.879455782312924,,,,,2.5155717052827356e-11
32.90267573696145,,,,,1.2519765834728741e-11
32.92589569160998,,,,,6.423847224625126e-12
32.949115646258505,,,,,1.865413457043274e-10
32.97233560090703,,,,,3.486588286529655e-10
32.995555555555555,,,,,9.404775526110103e-09
33.01877551020408,,,,,0.01000000249994906
33.041995464852604,,,,,0.010000005033329446
33.065215419501136,,,,,0.010000000772227898
33.08843537414966,,,,,0.010000000189892657
33.111655328798186,,,,,9.944694741218205e-11
33.13487528344671,,,,,2.0947581786227303e-09
33.158095238095235,,,,,6.340636896284117e-10
33.18131519274377,,,,,1.119728868468098e-09
33.20453514739229,,,,,3.3534239131470136e-09
33.22775510204082,,,,,1.9537780397512467e-09
33.25097505668934,,,,,6.221964462583312e-08
33.274195011337866,,,,,6.223891696420265e-08
33.29741496598639,,,,,2.4844671177568866e-08
33.32063492063492,,,,,3.9566594655024246e-08
33.34385487528345,,,,,5.046320612584611e-07
33.36707482993197,,,,,5.04635201320031e-07
33.3902947845805,,,,,0.010010030134429686
33.41351473922902,,,,,0.010096477816681987
33.436734693877554,,,,,0.010598832682330764
33.45995464852608,,,,,0.011728915536442648
33.483174603174604,,,,,0.012869795087089774
33.50639455782313,,,,,0.010204493125161303
33.52961451247165,,,,,0.00013079850233012756
33.55283446712018,,,,,0.010040152044168228
33.57605442176871,,,,,0.010157476153693685
33.599274376417235,,,,,0.010193434720647291
33.62249433106576,,,,,0.010051583103743635
33.645714285714284,,,,,0.00022326229098106341
33.66893424036281,325.5935014728596,63.786820576352426,64.0,-21.317942364757414,0.01719275567437841
33.69215419501134,327.4796454389679,63.88682057635242,64.0,-11.317942364757982,0.02041660381026438
33.715374149659866,327.4796454389679,63.88682057635242,64.0,-11.317942364757982,0.06883318405000385
33.73859410430839,325.5935014728596,63.786820576352426,64.0,-21.317942364757414,0.050324184865761366
33.761814058956915,325.5935014728596,63.786820576352426,64.0,-21.317942364757414,0.04194210216802663
33.78503401360544,323.7182208966152,63.68682057635243,64.0,-31.317942364756846,0.044933830192247545
33.80825396825397,325.5935014728596,63.786820576352426,64.0,-21.317942364757414,0.046040110214315505
33.8314739229025,325.5935014728596,63.786820576352426,64.0,-21.317942364757414,0.04555643913434417
33.85469387755102,325.5935014728596,63.786820576352426,64.0,-21.317942364757414,0.019764255137437223
33.877913832199546,325.5935014728596,63.786820576352426,64.0,-21.317942364757414,0.017957295522505766
33.90113378684807,323.7182208966152,63.68682057635243,64.0,-31.317942364756846,0.013810251515495678
33.924353741496596,325.5935014728596,63.786820576352426,64.0,-21.317942364757414,0.020284161638574633
33.94757369614513,325.5935014728596,63.786820576352426,64.0,-21.317942364757414,0.020147826045757967
33.97079365079365,323.7182208966152,63.68682057635243,64.0,-31.317942364756846,0.04014458035981626
33.99401360544218,323.7182208966152,63.68682057635243,64.0,-31.317942364756846,0.07671675848982833
34.0172335600907,323.7182208966152,63.68682057635243,64.0,-31.317942364756846,0.06443774965851845
34.04045351473923,325.5935014728596,63.786820576352426,64.0,-21.317942364757414,0.06577467001667085
34.06367346938776,325.5935014728596,63.786820576352426,64.0,-21.317942364757414,0.09187041631374011
34.08689342403628,323.7182208966152,63.68682057635243,64.0,-31.317942364756846,0.02293631683593664
34.11011337868481,323.7182208966152,63.68682057635243,64.0,-31.317942364756846,0.0202521410451276
34.13333333333333,323.7182208966152,63.68682057635243,64.0,-31.317942364756846,0.029797092934110685
34.15655328798186,323.7182208966152,63.68682057635243,64.0,-31.317942364756846,0.025937619941690145
34.17977324263038,323.7182208966152,63.68682057635243,64.0,-31.317942364756846,0.05480812278731191
34.202993197278914,323.7182208966152,63.68682057635243,64.0,-31.317942364756846,0.04737685353219164
34.22621315192744,321.8537411417131,63.58682057635244,64.0,-41.31794236475628,0.04695461390538572
34.249433106575964,321.8537411417131,63.58682057635244,64.0,-41.31794236475628,0.05533905569334545
34.27265306122449,320.0,63.48682057635242,63.0,48.68205763524216,0.02028407392707692
34.29587301587301,321.8537411417131,63.58682057635244,64.0,-41.31794236475628,0.022920482744533826
34.319092970521545,323.7182208966152,63.68682057635243,64.0,-31.317942364756846,0.04068082211237142
34.34231292517007,323.7182208966152,63.68682057635243,64.0,-31.317942364756846,0.06601664965840924
34.365532879818595,325.5935014728596,63.786820576352426,64.0,-21.317942364757414,0.04751703941533774
34.38875283446712,325.5935014728596,63.786820576352426,64.0,-21.317942364757414,0.04765349221121209
34.411972789115644,323.7182208966152,63.68682057635243,64.0,-31.317942364756846,0.034873680008547965
34.43519274376417,325.5935014728596,63.786820576352426,64.0,-21.317942364757414,0.047683324496545346
34.4584126984127,323.7182208966152,63.68682057635243,64.0,-31.317942364756846,0.05605482887572022
34.481632653061226,323.7182208966152,63.68682057635243,64.0,-31.317942364756846,0.07701072636031925
34.50485260770975,323.7182208966152,63.68682057635243,64.0,-31.317942364756846,0.25751611989805495
34.528072562358275,321.8537411417131,63.58682057635244,64.0,-41.31794236475628,0.21949516899274923
34.5512925170068,321.8537411417131,63.58682057635244,64.0,-41.31794236475628,0.21950435104300192
34.57451247165533,321.8537411417131,63.58682057635244,64.0,-41.31794236475628,0.1731021499886589
34.59773242630386,321.8537411417131,63.58682057635244,64.0,-41.31794236475628,0.04068588999323733
34.62095238095238,323.7182208966152,63.68682057635243,64.0,-31.317942364756846,0.10851522122257465
34.644172335600906,321.8537411417131,63.58682057635244,64.0,-41.31794236475628,0.06603514130519172
34.66739229024943,321.8537411417131,63.58682057635244,64.0,-41.31794236475628,0.0660484544759193
34.690612244897956,321.8537411417131,63.58682057635244,64.0,-41.31794236475628,0.05565746190587015
34.71383219954649,321.8537411417131,63.58682057635244,64.0,-41.31794236475628,0.015019975822878104
34.73705215419501,325.5935014728596,63.786820576352426,64.0,-21.317942364757414,0.07346252996389216
34.76027210884354,325.5935014728596,63.786820576352426,64.0,-21.317942364757414,0.13615388542643117
34.78349206349206,325.5935014728596,63.786820576352426,64.0,-21.317942364757414,0.11362700578810567
34.80671201814059,325.5935014728596,63.786820576352426,64.0,-21.317942364757414,0.15450101881768774
34.82993197278912,320.0,63.48682057635242,63.0,48.68205763524216,0.06473834325995954
34.853151927437644,318.15693562161516,63.38682057635243,63.0,38.68205763524273,0.11006065728954353
34.87637188208617,320.0,63.48682057635242,63.0,48.68205763524216,0.1006471157830826
34.89959183673469,320.0,63.48682057635242,63.0,48.68205763524216,0.10952162271403555
34.92281179138322,320.0,63.48682057635242,63.0,48.68205763524216,0.10407614234264856
34.94603174603174,321.8537411417131,63.58682057635244,64.0,-41.31794236475628,0.06511826008346978
34.969251700680275,321.8537411417131,63.58682057635244,64.0,-41.31794236475628,0.03973144179143271
34.9924716553288,321.8537411417131,63.58682057635244,64.0,-41.31794236475628,0.04737656981052251
35.015691609977324,321.8537411417131,63.58682057635244,64.0,-41.31794236475628,0.07069248970519466
35.03891156462585,320.0,63.48682057635242,63.0,48.68205763524216,0.10579566792810981
35.062131519274374,320.0,63.48682057635242,63.0,48.68205763524216,0.07416601964941777
35.085351473922906,318.15693562161516,63.38682057635243,63.0,38.68205763524273,0.11621154908602951
35.10857142857143,318.15693562161516,63.38682057635243,63.0,38.68205763524273,0.08707916520676261
35.131791383219955,318.15693562161516,63.38682057635243,63.0,38.68205763524273,0.28533113829271123
35.15501133786848,320.0,63.48682057635242,63.0,48.68205763524216,0.2681082489498851
35.178231292517005,320.0,63.48682057635242,63.0,48.68205763524216,0.3543936525232244
35.20145124716553,321.8537411417131,63.58682057635244,64.0,-41.31794236475628,0.21900308842590016
35.22467120181406,320.0,63.48682057635242,63.0,48.68205763524216,0.07225769252194607
35.247891156462586,318.15693562161516,63.38682057635243,63.0,38.68205763524273,0.025204055444626262
35.27111111111111,316.3244865129268,63.28682057635243,63.0,28.682057635243297,0.010588091891561593
35.294331065759636,318.15693562161516,63.38682057635243,63.0,38.68205763524273,0.01677799924490483
35.31755102040816,318.15693562161516,63.38682057635243,63.0,38.68205763524273,0.010204547872442075
35.34077097505669,320.0,63.48682057635242,63.0,48.68205763524216,0.014568872469470584
35.36399092970522,320.0,63.48682057635242,63.0,48.68205763524216,0.01819646844137952
35.38721088435374,321.8537411417131,63.58682057635244,64.0,-41.31794236475628,0.011129435364282621
35.41043083900227,,,,,0.00022981490123543793
35.43365079365079,,,,,1.0896779096297226e-06
35.456870748299316,,,,,1.5319454395816216e-07
35.48009070294785,,,,,5.642383587421327e-07
35.50331065759637,,,,,0.010259050559778863
35.5265306122449,,,,,9.636271642265453e-09
35.54975056689342,,,,,1.611401988054471e-08
35.57297052154195,,,,,3.965014675498622e-08
35.59619047619048,,,,,2.600088068585452e-08
35.619410430839004,,,,,2.595767500508726e-08
35.64263038548753,,,,,1.5789955937821102e-08
35.66585034013605,,,,,0.010000147992771947
35.68907029478458,,,,,1.6062839536682737e-08
35.71229024943311,,,,,2.2553082764286195e-07
35.735510204081635,,,,,0.010467533617069905
35.75873015873016,,,,,0.010052967545965857
35.781950113378684,,,,,0.010073751764282884
35.80517006802721,,,,,7.439413222509032e-07
35.828390022675734,,,,,0.010000689040779966
35.851609977324266,,,,,1.5736210180654685e-06
35.87482993197279,302.0397800581419,62.486820576352436,62.0,48.68205763524358,0.01005488946831521
35.898049886621315,298.57055729177836,62.286820576352426,62.0,28.682057635242586,0.010054867110753402
35.92126984126984,302.0397800581419,62.486820576352436,62.0,48.68205763524358,0.010193460566071675
35.944489795918365,300.3001589347658,62.38682057635242,62.0,38.68205763524202,0.010050462453861993
35.9677097505669,303.7894787041662,62.58682057635243,63.0,-41.31794236475699,0.010605915528502933
35.99092970521542,303.7894787041662,62.58682057635243,63.0,-41.31794236475699,0.02561486990278655
36.014149659863946,302.0397800581419,62.486820576352436,62.0,48.68205763524358,0.029798428630299145
36.03736961451247,302.0397800581419,62.486820576352436,62.0,48.68205763524358,0.022390829616274515
36.060589569160996,307.3193424163214,62.78682057635244,63.0,-21.317942364755993,0.014119652261242023
36.08380952380952,310.89022116915385,62.98682057635243,63.0,-1.3179423647571298,0.01111182184831145
36.10702947845805,314.50259153448036,63.18682057635244,63.0,18.682057635243865,0.017190315465910815
36.13024943310658,316.3244865129268,63.28682057635243,63.0,28.682057635243297,0.012434278742968331
36.1534693877551,316.3244865129268,63.28682057635243,63.0,28.682057635243297,0.00017127655096074945
36.17668934240363,316.3244865129268,63.28682057635243,63.0,28.682057635243297,0.01051391187493598
36.19990929705215,320.0,63.48682057635242,63.0,48.68205763524216,0.010132016511440889
36.22312925170068,318.15693562161516,63.38682057635243,63.0,38.68205763524273,0.010807769099609324
36.24634920634921,316.3244865129268,63.28682057635243,63.0,28.682057635243297,0.01081283686475987
36.26956916099773,316.3244865129268,63.28682057635243,63.0,28.682057635243297,0.01044375687598309
36.29278911564626,318.15693562161516,63.38682057635243,63.0,38.68205763524273,0.011038667059209955
36.31600907029478,320.0,63.48682057635242,63.0,48.68205763524216,0.011074164617761482
36.33922902494331,320.0,63.48682057635242,63.0,48.68205763524216,0.015061811209525823
36.36244897959184,323.7182208966152,63.68682057635243,64.0,-31.317942364756846,0.0774235471530986
36.385668934240364,323.7182208966152,63.68682057635243,64.0,-31.317942364756846,0.10733647083538808
36.40888888888889,323.7182208966152,63.68682057635243,64.0,-31.317942364756846,0.06512516703094719
36.432108843537414,323.7182208966152,63.68682057635243,64.0,-31.317942364756846,0.08993505271393762
36.45532879818594,323.7182208966152,63.68682057635243,64.0,-31.317942364756846,0.020270598794304977
36.47854875283447,321.8537411417131,63.58682057635244,64.0,-41.31794236475628,0.020309610585171292
36.501768707482995,323.7182208966152,63.68682057635243,64.0,-31.317942364756846,0.04767909161156971
36.52498866213152,321.8537411417131,63.58682057635244,64.0,-41.31794236475628,0.09203390223814929
36.548208616780045,323.7182208966152,63.68682057635243,64.0,-31.317942364756846,0.17650726282483528
36.57142857142857,323.7182208966152,63.68682057635243,64.0,-31.317942364756846,0.20648345741475688
36.594648526077094,323.7182208966152,63.68682057635243,64.0,-31.317942364756846,0.17650726638751055
36.617868480725626,323.7182208966152,63.68682057635243,64.0,-31.317942364756846,0.1765289726849832
36.64108843537415,325.5935014728596,63.786820576352426,64.0,-21.317942364757414,0.09203754647985612
36.664308390022676,325.5935014728596,63.786820576352426,64.0,-21.317942364757414,0.047686978876718064
36.6875283446712,323.7182208966152,63.68682057635243,64.0,-31.317942364756846,0.0660798731484514
36.710748299319725,323.7182208966152,63.68682057635243,64.0,-31.317942364756846,0.07791069812521441
36.73396825396826,321.8537411417131,63.58682057635244,64.0,-41.31794236475628,0.09202967071707713
36.75718820861678,323.7182208966152,63.68682057635243,64.0,-31.317942364756846,0.17652272474193378
36.78040816326531,323.7182208966152,63.68682057635243,64.0,-31.317942364756846,0.05607110782242586
36.80362811791383,323.7182208966152,63.68682057635243,64.0,-31.317942364756846,0.030106837414964234
36.826848072562356,323.7182208966152,63.68682057635243,64.0,-31.317942364756846,0.04063190494876801
36.85006802721088,321.8537411417131,63.58682057635244,64.0,-41.31794236475628,0.10583093637860422
36.87328798185941,321.8537411417131,63.58682057635244,64.0,-41.31794236475628,0.1266809262572068
36.89650793650794,321.8537411417131,63.58682057635244,64.0,-41.31794236475628,0.14773457128582582
36.91972789115646,321.8537411417131,63.58682057635244,64.0,-41.31794236475628,0.12581486477672593
36.94294784580499,321.8537411417131,63.58682057635244,64.0,-41.31794236475628,0.1276315686463994
36.96616780045351,321.8537411417131,63.58682057635244,64.0,-41.31794236475628,0.10835305829036694
36.989387755102044,321.8537411417131,63.58682057635244,64.0,-41.31794236475628,0.17648433391981874
37.01260770975057,321.8537411417131,63.58682057635244,64.0,-41.31794236475628,0.17648433874278302
37.03582766439909,321.8537411417131,63.58682057635244,64.0,-41.31794236475628,0.23980445280365065
37.05904761904762,321.8537411417131,63.58682057635244,64.0,-41.31794236475628,0.2775039446467734
37.08226757369614,323.7182208966152,63.68682057635243,64.0,-31.317942364756846,0.2372714975797448
37.10548752834467,323.7182208966152,63.68682057635243,64.0,-31.317942364756846,0.20302454704125425
37.1287074829932,323.7182208966152,63.68682057635243,64.0,-31.317942364756846,0.10853339763501932
37.151927437641724,321.8537411417131,63.58682057635244,64.0,-41.31794236475628,0.09202114183829145
37.17514739229025,323.7182208966152,63.68682057635243,64.0,-31.317942364756846,0.32303114091548707
37.198367346938774,323.7182208966152,63.68682057635243,64.0,-31.317942364756846,0.37159206507464926
37.2215873015873,323.7182208966152,63.68682057635243,64.0,-31.317942364756846,0.27798445205851974
37.24480725623583,321.8537411417131,63.58682057635244,64.0,-41.31794236475628,0.23630518456283275
37.268027210884355,320.0,63.48682057635242,63.0,48.68205763524216,0.07671184444575072
37.29124716553288,321.8537411417131,63.58682057635244,64.0,-41.31794236475628,0.05442341978497305
37.314467120181405,320.0,63.48682057635242,63.0,48.68205763524216,0.03466721965652285
37.33768707482993,321.8537411417131,63.58682057635244,64.0,-41.31794236475628,0.07673016237703176
37.36090702947846,323.7182208966152,63.68682057635243,64.0,-31.317942364756846,0.17630434750014523
37.384126984126986,321.8537411417131,63.58682057635244,64.0,-41.31794236475628,0.23951033093989163
37.40734693877551,321.8537411417131,63.58682057635244,64.0,-41.31794236475628,0.27394441056669044
37.430566893424036,323.7182208966152,63.68682057635243,64.0,-31.317942364756846,0.1737929014290518
37.45378684807256,321.8537411417131,63.58682057635244,64.0,-41.31794236475628,0.1361272875368933
37.477006802721085,321.8537411417131,63.58682057635244,64.0,-41.31794236475628,0.0907878290046382
37.50022675736962,321.8537411417131,63.58682057635244,64.0,-41.31794236475628,0.10835302545959635
37.52344671201814,321.8537411417131,63.58682057635244,64.0,-41.31794236475628,0.20440390268581546
37.54666666666667,321.8537411417131,63.58682057635244,64.0,-41.31794236475628,0.14921992393208633
37.56988662131519,321.8537411417131,63.58682057635244,64.0,-41.31794236475628,0.12776986421172304
37.593106575963716,320.0,63.48682057635242,63.0,48.68205763524216,0.20488463138356894
37.61632653061225,320.0,63.48682057635242,63.0,48.68205763524216,0.10849049700764044
37.63954648526077,320.0,63.48682057635242,63.0,48.68205763524216,0.17648425112796498
37.6627664399093,320.0,63.48682057635242,63.0,48.68205763524216,0.12763156548006171
37.68598639455782,320.0,63.48682057635242,63.0,48.68205763524216,0.04046704140284853
37.70920634920635,321.8537411417131,63.58682057635244,64.0,-41.31794236475628,0.0648198289898026
37.73242630385487,321.8537411417131,63.58682057635244,64.0,-41.31794236475628,0.07346262541306253
37.755646258503404,321.8537411417131,63.58682057635244,64.0,-41.31794236475628,0.10508289249649445
37.77886621315193,323.7182208966152,63.68682057635243,64.0,-31.317942364756846,0.054817653653120704
37.802086167800454,321.8537411417131,63.58682057635244,64.0,-41.31794236475628,0.022530243485734448
37.82530612244898,318.15693562161516,63.38682057635243,63.0,38.68205763524273,0.015202680275474228
37.8485260770975,,,,,0.00028973288479265127
37.871746031746035,,,,,1.2278585362601708e-05
37.89496598639456,,,,,8.884887087038375e-06
37.918185941043085,,,,,3.2185192270570906e-06
37.94140589569161,,,,,7.496963670344246e-05
37.964625850340134,,,,,2.302463346341516e-05
37.98784580498866,,,,,3.390857107712131e-07
38.01106575963719,,,,,2.2595243818914038e-07
38.034285714285716,,,,,5.895076122881205e-09
38.05750566893424,,,,,1.5436917827315087e-08
38.080725623582765,580.1416661939907,73.78682057635243,74.0,-21.317942364757414,0.012403124793551348
38.10394557823129,573.4781708236496,73.58682057635242,74.0,-41.3179423647577,0.011085791888943373
38.12716553287982,566.8912122255109,73.38682057635243,73.0,38.68205763524344,0.011422334250709074
38.15038548752835,557.1523605095193,73.08682057635244,73.0,8.682057635243723,0.011085791888943373
38.17360544217687,560.3799112997665,73.18682057635243,73.0,18.682057635243154,0.010191075496968311
38.196825396825396,553.9433990439315,72.98682057635244,73.0,-1.3179423647557087,0.016467587593113005
38.22004535147392,550.7529198363712,72.88682057635242,73.0,-11.317942364757982,0.04768699308253103
38.243265306122446,550.7529198363712,72.88682057635242,73.0,-11.317942364757982,0.05607139544589262
38.26648526077098,547.5808164368653,72.78682057635243,73.0,-21.317942364757414,0.07797523762294829
38.2897052154195,547.5808164368653,72.78682057635243,73.0,-21.317942364757414,0.040697331568881064
38.31292517006803,,,,,0.03010686179419501
38.33614512471655,,,,,0.03489742801962526
38.35936507936508,273.7904082184327,60.786820576352426,61.0,-21.317942364757414,0.01646758759311301
38.38258503401361,272.2134915042738,60.68682057635243,61.0,-31.317942364756846,0.013980210380185928
38.40580498866213,270.6456571620635,60.58682057635244,61.0,-41.31794236475628,0.010824463728234167
38.42902494331066,269.08685288118863,60.48682057635242,60.0,48.68205763524216,0.020317628556360587
38.45224489795918,269.08685288118863,60.48682057635242,60.0,48.68205763524216,0.03010686179419501
38.47546485260771,270.6456571620635,60.58682057635244,61.0,-41.31794236475628,0.047686993082531035
38.49868480725623,270.6456571620635,60.58682057635244,61.0,-41.31794236475628,0.047686993082531035
38.521904761904764,272.2134915042738,60.68682057635243,61.0,-31.317942364756846,0.03010686179419501
38.54512471655329,272.2134915042738,60.68682057635243,61.0,-31.317942364756846,0.03010686179419501
38.568344671201814,272.2134915042738,60.68682057635243,61.0,-31.317942364756846,0.047686993082531035
38.59156462585034,272.2134915042738,60.68682057635243,61.0,-31.317942364756846,0.04069733156888106
38.61478458049886,273.7904082184327,60.786820576352426,61.0,-21.317942364757414,0.04069733156888106
38.638004535147395,273.7904082184327,60.786820576352426,61.0,-21.317942364757414,0.06608151270920702
38.66122448979592,273.7904082184327,60.786820576352426,61.0,-21.317942364757414,0.047686993082531035
38.684444444444445,273.7904082184327,60.786820576352426,61.0,-21.317942364757414,0.15046460134333883
38.70766439909297,272.2134915042738,60.68682057635243,61.0,-31.317942364756846,0.24075439447557415
38.730884353741494,272.2134915042738,60.68682057635243,61.0,-31.317942364756846,0.2065067991177521
38.75410430839002,272.2134915042738,60.68682057635243,61.0,-31.317942364756846,0.3721358982975089
38.77732426303855,272.2134915042738,60.68682057635243,61.0,-31.317942364756846,0.279605165336359
38.800544217687076,270.6456571620635,60.58682057635244,61.0,-41.31794236475628,0.10857977072874497
38.8237641723356,270.6456571620635,60.58682057635244,61.0,-41.31794236475628,0.20650679911775213
38.846984126984125,270.6456571620635,60.58682057635244,61.0,-41.31794236475628,0.047686993082531035
38.87020408163265,270.6456571620635,60.58682057635244,61.0,-41.31794236475628,0.04069733156888105
38.89342403628118,270.6456571620635,60.58682057635244,61.0,-41.31794236475628,0.026168028608935755
38.91664399092971,269.08685288118863,60.48682057635242,60.0,48.68205763524216,0.01240312479355135
38.93986394557823,270.6456571620635,60.58682057635244,61.0,-41.31794236475628,0.01646758759311301
38.963083900226756,270.6456571620635,60.58682057635244,61.0,-41.31794236475628,0.015085587297504338
38.98630385487528,272.2134915042738,60.68682057635243,61.0,-31.317942364756846,0.010467533617069905
39.00952380952381,272.2134915042738,60.68682057635243,61.0,-31.317942364756846,0.01001876450976914
39.03274376417234,,,,,0.010000127845232541
39.05596371882086,,,,,0.010000127845232543
39.07918367346939,,,,,0.0100000470079773
39.10240362811791,,,,,3.430347879158761e-09
39.12562358276644,,,,,0.010000103070164227
39.14884353741497,,,,,2.0303630502024795e-09
39.172063492063494,243.91952372092192,58.78682057635243,59.0,-21.317942364756703,0.010001164581453262
39.19528344671202,242.5146506416637,58.68682057635243,59.0,-31.317942364756846,0.010013060720013952
39.21850340136054,242.5146506416637,58.68682057635243,59.0,-31.317942364756846,0.010259046002404458
39.24172335600907,242.5146506416637,58.68682057635243,59.0,-31.317942364756846,0.010259045995539028
39.2649433106576,243.91952372092192,58.78682057635243,59.0,-21.317942364756703,0.010037765317386772
39.288163265306125,243.91952372092192,58.78682057635243,59.0,-21.317942364756703,0.010191074785824743
39.31138321995465,242.5146506416637,58.68682057635243,59.0,-31.317942364756846,0.010037764790607823
39.334603174603174,242.5146506416637,58.68682057635243,59.0,-31.317942364756846,0.010259045992700607
39.3578231292517,241.11786903593213,58.58682057635244,59.0,-41.31794236475628,0.010139862477695244
39.381043083900224,239.72913230026904,58.48682057635243,58.0,48.68205763524287,0.010622609040911533
39.404263038548756,239.72913230026904,58.48682057635243,58.0,48.68205763524287,0.011085791888943373
39.42748299319728,239.72913230026904,58.48682057635243,58.0,48.68205763524287,0.016467546522631688
39.450702947845805,238.34839409963237,58.386820576352434,58.0,38.68205763524344,0.026167987538479272
39.47392290249433,239.72913230026904,58.48682057635243,58.0,48.68205763524287,0.020315990115031272
39.497142857142855,238.34839409963237,58.386820576352434,58.0,38.68205763524344,0.016466510576518625
39.52036281179139,238.34839409963237,58.386820576352434,58.0,38.68205763524344,0.011852802510696484
39.54358276643991,238.34839409963237,58.386820576352434,58.0,38.68205763524344,0.011422153617133156
39.566802721088436,239.72913230026904,58.48682057635243,58.0,48.68205763524287,0.0229441074287358
39.59002267573696,239.72913230026904,58.48682057635243,58.0,48.68205763524287,0.05607121516957366
39.613242630385486,239.72913230026904,58.48682057635243,58.0,48.68205763524287,0.09203752974321137
39.63646258503401,239.72913230026904,58.48682057635243,58.0,48.68205763524287,0.056071387331505504
39.65968253968254,239.72913230026904,58.48682057635243,58.0,48.68205763524287,0.03489742793103308
39.68290249433107,239.72913230026904,58.48682057635243,58.0,48.68205763524287,0.018187375734846325
39.70612244897959,239.72913230026904,58.48682057635243,58.0,48.68205763524287,0.01818737573489135
39.72934240362812,238.34839409963237,58.386820576352434,58.0,38.68205763524344,0.020317628556360583
39.75256235827664,238.34839409963237,58.386820576352434,58.0,38.68205763524344,0.022944219124638596
39.77578231292517,238.34839409963237,58.386820576352434,58.0,38.68205763524344,0.011853505394683413
39.7990022675737,236.97560836585026,58.286820576352426,58.0,28.682057635242586,0.010191075496968313
39.82222222222222,236.97560836585026,58.286820576352426,58.0,28.682057635242586,0.010000516719604524
39.84544217687075,238.34839409963237,58.386820576352434,58.0,38.68205763524344,0.01000123296498612
39.86866213151927,238.34839409963237,58.386820576352434,58.0,38.68205763524344,0.010000516719604524
39.8918820861678,239.72913230026904,58.48682057635243,58.0,48.68205763524287,0.01000123296498612
39.91510204081633,239.72913230026904,58.48682057635243,58.0,48.68205763524287,0.010000516711289325
39.938321995464854,239.72913230026904,58.48682057635243,58.0,48.68205763524287,0.010000005214826697
39.96154195011338,235.61072929608412,58.18682057635243,58.0,18.682057635243154,0.01000000287110037
39.9847619047619,,,,,0.010000078102280322
40.00798185941043,,,,,0.01000123296498612
40.03120181405896,,,,,0.010004191052795272
40.054421768707485,,,,,0.0100028158258111
40.07764172335601,,,,,0.010000516719604523
40.100861678004534,,,,,0.01000000521622945
40.12408163265306,,,,,0.010001232964986123
40.147301587301584,,,,,0.01000617855533408
40.170521541950116,,,,,0.010013068846238975
40.19374149659864,,,,,0.010073751764282884
40.216961451247165,,,,,0.01002672467381077
40.24018140589569,,,,,0.010013068846238976
40.263401360544215,,,,,0.01000012784523254
40.28662131519275,,,,,0.010000516719604523
40.30984126984127,,,,,0.01000020633903134
40.333061224489796,,,,,0.010001873046012551
40.35628117913832,,,,,0.01000419105279527
40.379501133786846,,,,,0.010018764509769141
40.40272108843537,,,,,0.0100028158258111
40.4259410430839,,,,,0.0100028158258111
40.44916099773243,,,,,0.010000078102280324
40.47238095238095,,,,,0.01000419105279527
40.49560090702948,,,,,0.01014004604470407
40.518820861678,,,,,0.010073751764282884
40.542040816326534,,,,,0.010013068846238975
40.56526077097506,,,,,0.01000123296498612
40.58848072562358,,,,,0.010000005216229449
40.61170068027211,,,,,0.010000009287486629
40.63492063492063,,,,,0.010000000021701592
40.658140589569165,,,,,0.01000000928748663
40.68136054421769,,,,,0.01001876450976914
40.704580498866214,,,,,0.01001876450976914
40.72780045351474,,,,,0.010009025493342988
40.751020408163264,,,,,0.010000802780927255
40.77424036281179,,,,,0.010000016226422836
40.79746031746032,,,,,0.01000032860450166
40.820680272108845,,,,,0.010000802780927255
40.84390022675737,,,,,0.010000802780927255
40.867120181405895,,,,,0.01000419105279527
40.89034013605442,,,,,0.01000020633903134
40.91356009070295,,,,,0.010000127845232541
40.936780045351476,,,,,0.0100028158258111
40.96,,,,,0.010000310676562249
40.983219954648526,,,,,0.010073299735571315
41.00643990929705,,,,,0.010006066648578988
41.029659863945575,,,,,0.010000512155339874
41.05287981859411,,,,,0.010005084895851253
41.07609977324263,,,,,0.010018063126866376
41.09931972789116,,,,,0.010036573148477494
41.12253968253968,,,,,9.652928376930783e-06
41.145759637188206,,,,,0.010136376876076587
41.16897959183674,,,,,0.010253640909251634
41.19219954648526,,,,,0.010100879456247389
41.21541950113379,,,,,0.012399463336227622
41.23863945578231,,,,,0.010618948073561911
41.26185941043084,,,,,0.010052516124786392
41.28507936507936,,,,,0.010000206339031339
41.308299319727894,,,,,0.010000000101429398
41.33151927437642,,,,,0.010000000047726025
41.35473922902494,,,,,0.010000016225886532
41.37795918367347,,,,,0.010000328515694532
41.40117913832199,,,,,0.010000206250222908
41.424399092970525,,,,,0.010000327231499672
41.44761904761905,,,,,1.2976531305727306e-11
41.470839002267574,,,,,0.010000000100024355
41.4940589569161,,,,,9.460345070149694e-15
41.517278911564624,,,,,2.7549539305635634e-12
41.54049886621315,,,,,0.010000001457961994
41.56371882086168,,,,,0.010000078060594721
41.586938775510205,,,,,0.010000328585546813
41.61015873015873,,,,,0.010000000118708491
41.633378684807255,,,,,4.903104627684836e-13
41.65659863945578,,,,,2.6368801866153647e-12
41.67981859410431,,,,,5.050788877341079e-13
41.703038548752836,,,,,1.2967033908413982e-12
41.72625850340136,,,,,5.749829801175989e-12
41.749478458049886,,,,,1.0156696340106298e-14
41.77269841269841,,,,,6.07092710971438e-12
41.795918367346935,167.56705965130027,52.286820576352426,52.0,28.682057635242586,0.010000009287480582
41.81913832199547,167.56705965130027,52.286820576352426,52.0,28.682057635242586,0.010000009287292805
41.84235827664399,166.60194440556904,52.18682057635243,52.0,18.682057635243154,0.010000016226421203
41.86557823129252,208.69633116249025,56.08682057635242,56.0,8.682057635242302,0.010000001546488441
41.88879818594104,206.29924935033267,55.88682057635243,56.0,-11.317942364757272,0.010000077378730422
41.912018140589566,206.29924935033267,55.88682057635243,56.0,-11.317942364757272,0.010002815825810715
41.9352380952381,206.29924935033267,55.88682057635243,56.0,-11.317942364757272,0.010004191052795269
41.95845804988662,205.11105310731665,55.78682057635243,56.0,-21.317942364756703,0.01001876450976914
41.98167800453515,203.92970037108196,55.68682057635243,56.0,-31.317942364756846,0.010191075496968311
42.00489795918367,202.75515172592992,55.58682057635242,56.0,-41.3179423647577,0.010140046044703971
42.0281179138322,202.75515172592992,55.58682057635242,56.0,-41.3179423647577,0.012403124428520347
42.05133786848072,202.75515172592992,55.58682057635242,56.0,-41.3179423647577,0.011422334242406226
42.074557823129254,202.75515172592992,55.58682057635242,56.0,-41.3179423647577,0.010824463686548484
42.09777777777778,202.75515172592992,55.58682057635242,56.0,-41.3179423647577,0.013100262549110678
42.120997732426304,201.58736798317972,55.48682057635243,55.0,48.68205763524287,0.011085791888943373
42.14421768707483,200.42631017986048,55.386820576352434,55.0,38.68205763524344,0.010349055133375844
42.16743764172335,200.42631017986048,55.386820576352434,55.0,38.68205763524344,0.01014004604469802
42.190657596371885,199.27193957741167,55.286820576352426,55.0,28.682057635242586,0.010037765502929305
42.21387755102041,199.27193957741167,55.286820576352426,55.0,28.682057635242586,0.01002672467240806
42.237097505668935,200.42631017986048,55.386820576352434,55.0,38.68205763524344,0.010037765502929305
42.26031746031746,201.58736798317972,55.48682057635243,55.0,48.68205763524287,0.010140046044704068
42.283537414965984,201.58736798317972,55.48682057635243,55.0,48.68205763524287,0.010824463728234169
42.30675736961451,201.58736798317972,55.48682057635243,55.0,48.68205763524287,0.01240312479355135
42.32997732426304,201.58736798317972,55.48682057635243,55.0,48.68205763524287,0.020317628556360583
42.353197278911566,200.42631017986048,55.386820576352434,55.0,38.68205763524344,0.020317628556360587
42.37641723356009,200.42631017986048,55.386820576352434,55.0,38.68205763524344,0.022944219124638603
42.399637188208615,200.42631017986048,55.386820576352434,55.0,38.68205763524344,0.01508558729750434
42.42285714285714,199.27193957741167,55.286820576352426,55.0,28.682057635242586,0.010824463728234167
42.44607709750567,200.42631017986048,55.386820576352434,55.0,38.68205763524344,0.010191075496968311
42.4692970521542,200.42631017986048,55.386820576352434,55.0,38.68205763524344,0.010467533617069905
42.49251700680272,200.42631017986048,55.386820576352434,55.0,38.68205763524344,0.011422334068254473
42.515736961451246,200.42631017986048,55.386820576352434,55.0,38.68205763524344,0.01310024837774808
42.53895691609977,200.42631017986048,55.386820576352434,55.0,38.68205763524344,0.01310026119969369
42.5621768707483,200.42631017986048,55.386820576352434,55.0,38.68205763524344,0.012403124793530517
42.58539682539683,200.42631017986048,55.386820576352434,55.0,38.68205763524344,0.011422334250707442
42.60861678004535,201.58736798317972,55.48682057635243,55.0,48.68205763524287,0.010824463728234169
42.63183673469388,200.42631017986048,55.386820576352434,55.0,38.68205763524344,0.010140046044704068
42.6550566893424,200.42631017986048,55.386820576352434,55.0,38.68205763524344,0.010009024139271157
42.67827664399093,200.42631017986048,55.386820576352434,55.0,38.68205763524344,0.010026724673274503
42.70149659863946,200.42631017986048,55.386820576352434,55.0,38.68205763524344,0.010467533617069903
42.72471655328798,200.42631017986048,55.386820576352434,55.0,38.68205763524344,0.012403124793551348
42.74793650793651,200.42631017986048,55.386820576352434,55.0,38.68205763524344,0.016467587593113005
42.77115646258503,199.27193957741167,55.286820576352426,55.0,28.682057635242586,0.013980210380185928
42.79437641723356,199.27193957741167,55.286820576352426,55.0,28.682057635242586,0.013100262550513395
42.81759637188209,200.42631017986048,55.386820576352434,55.0,38.68205763524344,0.011853505394683413
42.840816326530614,200.42631017986048,55.386820576352434,55.0,38.68205763524344,0.010622609040911531
42.86403628117914,200.42631017986048,55.386820576352434,55.0,38.68205763524344,0.011853505394683413
42.887256235827664,200.42631017986048,55.386820576352434,55.0,38.68205763524344,0.02616802860893576
42.91047619047619,199.27193957741167,55.286820576352426,55.0,28.682057635242586,0.022944219116336054
42.93369614512471,200.42631017986048,55.386820576352434,55.0,38.68205763524344,0.022944107429690604
42.956916099773245,200.42631017986048,55.386820576352434,55.0,38.68205763524344,0.015085519061009176
42.98013605442177,200.42631017986048,55.386820576352434,55.0,38.68205763524344,0.012402045491810166
43.003356009070295,200.42631017986048,55.386820576352434,55.0,38.68205763524344,0.03010578487624096
43.02657596371882,200.42631017986048,55.386820576352434,55.0,38.68205763524344,0.040695695585797866
43.049795918367344,200.42631017986048,55.386820576352434,55.0,38.68205763524344,0.04768591616417486
43.073015873015876,200.42631017986048,55.386820576352434,55.0,38.68205763524344,0.022944194799204287
43.0962358276644,200.42631017986048,55.386820576352434,55.0,38.68205763524344,0.013980210380165095
43.119455782312926,200.42631017986048,55.386820576352434,55.0,38.68205763524344,0.011085791888943373
43.14267573696145,200.42631017986048,55.386820576352434,55.0,38.68205763524344,0.010037765502929688
43.165895691609975,200.42631017986048,55.386820576352434,55.0,38.68205763524344,0.010037765502929688
43.1891156462585,200.42631017986048,55.386820576352434,55.0,38.68205763524344,0.010000802780927253
43.21233560090703,200.42631017986048,55.386820576352434,55.0,38.68205763524344,0.01000123296498612
43.23555555555556,,,,,0.0100000092874658
43.25877551020408,,,,,0.010000027850262286
43.281995464852606,,,,,0.010000027850262189
43.30521541950113,,,,,0.010000206339031247
43.32843537414966,,,,,0.010000000047725928
43.35165532879819,,,,,0.010000000001585203
43.37487528344671,,,,,0.010000005216163593
43.39809523809524,,,,,0.01000007808327952
43.42131519274376,,,,,0.010000027846764122
43.44453514739229,,,,,0.010000005216163592
43.46775510204082,,,,,0.0100000092874658
43.490975056689344,,,,,0.010000127845232158
43.51419501133787,,,,,0.010000802780927255
43.53741496598639,,,,,0.010013068846238975
43.56063492063492,,,,,0.010002815825810717
43.58385487528345,,,,,0.010000047007956469
43.607074829931975,183.79173679952558,53.88682057635242,54.0,-11.317942364757982,0.010000206339010508
43.6302947845805,182.73317428972345,53.786820576352426,54.0,-21.317942364757414,0.010009025485040486
43.653514739229024,182.73317428972345,53.786820576352426,54.0,-21.317942364757414,0.010009025404754374
43.67673469387755,183.79173679952558,53.88682057635242,54.0,-11.317942364757982,0.010002815460794609
43.699954648526074,183.79173679952558,53.88682057635242,54.0,-11.317942364757982,0.01000187053794773
43.723174603174606,182.73317428972345,53.786820576352426,54.0,-21.317942364757414,0.0100001980882981
43.74639455782313,183.79173679952558,53.88682057635242,54.0,-11.317942364757982,0.010000204987846989
43.769614512471655,180.63430476898102,53.58682057635243,54.0,-41.31794236475699,0.01000123161091766
43.79283446712018,180.63430476898102,53.58682057635243,54.0,-41.31794236475699,0.010001224713682387
43.816054421768705,180.63430476898102,53.58682057635243,54.0,-41.31794236475699,0.010191067385289403
43.83927437641724,181.68070865134038,53.686820576352424,54.0,-31.317942364757556,0.010467519444933017
43.86249433106576,180.63430476898102,53.58682057635243,54.0,-41.31794236475699,0.010824395513802732
43.885714285714286,180.63430476898102,53.58682057635243,54.0,-41.31794236475699,0.010622540826454065
43.90893424036281,181.68070865134038,53.686820576352424,54.0,-31.317942364757556,0.01001805320473675
43.932154195011336,181.68070865134038,53.686820576352424,54.0,-31.317942364757556,0.010347977992347341
43.95537414965986,182.73317428972345,53.786820576352426,54.0,-21.317942364757414,0.0114222660210834
43.97859410430839,182.73317428972345,53.786820576352426,54.0,-21.317942364757414,0.01646758624235447
44.00181405895692,182.73317428972345,53.786820576352426,54.0,-21.317942364757414,0.015085587208916035
44.02503401360544,181.68070865134038,53.686820576352424,54.0,-31.317942364757556,0.010140046044510251
44.04825396825397,181.68070865134038,53.686820576352424,54.0,-31.317942364757556,0.010191075496947479
44.07147392290249,180.63430476898102,53.58682057635243,54.0,-41.31794236475699,0.01000032860396549
44.09469387755102,180.63430476898102,53.58682057635243,54.0,-41.31794236475699,0.010001232963583347
44.11791383219955,180.63430476898102,53.58682057635243,54.0,-41.31794236475699,0.0100041910338372
44.14113378684807,179.59392772949968,53.48682057635243,53.0,48.68205763524287,0.010013068663529795
44.1643537414966,180.63430476898102,53.58682057635243,54.0,-41.31794236475699,0.010002815825274779
44.18757369614512,180.63430476898102,53.58682057635243,54.0,-41.31794236475699,0.01000419105277444
44.210793650793654,180.63430476898102,53.58682057635243,54.0,-41.31794236475699,0.010037765502863833
44.23401360544218,179.59392772949968,53.48682057635243,53.0,48.68205763524287,0.010140046044167926
44.257233560090704,178.55954282083573,53.386820576352434,53.0,38.68205763524344,0.010052967180935705
44.28045351473923,178.55954282083573,53.386820576352434,53.0,38.68205763524344,0.010622584715749929
44.30367346938775,177.53111553085517,53.286820576352426,53.0,28.682057635242586,0.010348342740660146
44.32689342403628,176.50861154619943,53.18682057635243,53.0,18.682057635243154,0.010347406142363413
44.35011337868481,176.50861154619943,53.18682057635243,53.0,18.682057635243154,0.010821963177061506
44.373333333333335,175.49199675114014,53.08682057635242,53.0,8.682057635242302,0.010620106749713663
44.39655328798186,177.53111553085517,53.286820576352426,53.0,28.682057635242586,0.010052853803136785
44.419773242630384,177.53111553085517,53.286820576352426,53.0,28.682057635242586,0.01007372699197475
44.44299319727891,176.50861154619943,53.18682057635243,53.0,18.682057635243154,0.010013066291861276
44.46621315192744,176.50861154619943,53.18682057635243,53.0,18.682057635243154,0.010004188498546564
44.489433106575966,175.49199675114014,53.08682057635242,53.0,8.682057635242302,0.010000303826313757
44.51265306122449,175.49199675114014,53.08682057635242,53.0,8.682057635242302,0.010008984423093377
44.535873015873015,175.49199675114014,53.08682057635242,53.0,8.682057635242302,0.010000622504418423
44.55909297052154,,,,,0.010000777974780908
44.582312925170065,,,,,0.010001218759186874
44.6055328798186,,,,,0.01000001618473784
44.62875283446712,,,,,5.100376781731678e-11
44.651972789115646,,,,,2.8145904167839588e-11
44.67519274376417,,,,,2.1858785682661314e-09
44.698412698412696,167.56705965130027,52.286820576352426,52.0,28.682057635242586,0.01000111945114086
44.72163265306123,166.60194440556904,52.18682057635243,52.0,18.682057635243154,0.010002746350218207
44.74485260770975,167.56705965130027,52.286820576352426,52.0,28.682057635242586,0.01000180363256334
44.76807256235828,167.56705965130027,52.286820576352426,52.0,28.682057635242586,0.010002807608734827
44.7912925170068,167.56705965130027,52.286820576352426,52.0,28.682057635242586,0.010001864783133436
44.81451247165533,166.60194440556904,52.18682057635243,52.0,18.682057635243154,0.010001872321853327
44.83773242630385,165.6423878146204,52.08682057635243,52.0,8.682057635243012,0.010000127836832748
44.860952380952384,163.73982271948398,51.886820576352434,52.0,-11.317942364756561,0.010000078101744
44.88417233560091,160.0,51.48682057635243,51.0,48.68205763524287,0.010000206338965468
44.90739229024943,160.0,51.48682057635243,51.0,48.68205763524287,0.01000617855533408
44.93061224489796,160.0,51.48682057635243,51.0,48.68205763524287,0.010101974593744989
44.95383219954648,160.0,51.48682057635243,51.0,48.68205763524287,0.010467533617049073
44.977052154195015,160.92687057085655,51.58682057635242,52.0,-41.3179423647577,0.013980210371883423
45.00027210884354,160.92687057085655,51.58682057635242,52.0,-41.3179423647577,0.011853504043678286
45.023492063492064,160.92687057085655,51.58682057635242,52.0,-41.3179423647577,0.01508017780836015
45.04671201814059,161.8591104483076,51.68682057635243,52.0,-31.317942364756846,0.010185595908986031
45.069931972789114,162.7967507364298,51.786820576352426,52.0,-21.317942364757414,0.010168350989118186
45.09315192743764,162.7967507364298,51.786820576352426,52.0,-21.317942364757414,1.22963093806434e-05
45.11637188208617,163.73982271948398,51.886820576352434,52.0,-11.317942364756561,0.010315482472996466
45.139591836734695,162.7967507364298,51.786820576352426,52.0,-21.317942364757414,0.010614580248478804
45.16281179138322,160.92687057085655,51.58682057635242,52.0,-41.3179423647577,0.010258867003468756
45.186031746031745,160.0,51.48682057635243,51.0,48.68205763524287,0.01082446301704888
45.20925170068027,159.07846781080758,51.38682057635243,51.0,38.68205763524273,0.011085791177966832
45.2324716553288,160.0,51.48682057635243,51.0,48.68205763524287,0.01034905262264605
45.255691609977326,160.92687057085655,51.58682057635242,52.0,-41.3179423647577,0.012403124082409851
45.27891156462585,161.8591104483076,51.68682057635243,52.0,-31.317942364756846,0.01062256797043023
45.302131519274376,161.8591104483076,51.68682057635243,52.0,-31.317942364756846,0.010467419917442046
45.3253514739229,160.0,51.48682057635243,51.0,48.68205763524287,0.010620105009191003
45.348571428571425,160.0,51.48682057635243,51.0,48.68205763524287,0.010465029146143359
45.37179138321996,160.92687057085655,51.58682057635242,52.0,-41.3179423647577,0.010557055384732115
45.39501133786848,160.92687057085655,51.58682057635242,52.0,-41.3179423647577,0.013856014810957643
45.41823129251701,160.92687057085655,51.58682057635242,52.0,-41.3179423647577,0.011806964817027352
45.44145124716553,160.92687057085655,51.58682057635242,52.0,-41.3179423647577,0.012871840861325774
45.464671201814056,160.0,51.48682057635243,51.0,48.68205763524287,0.010343575535901596
45.48789115646259,159.07846781080758,51.38682057635243,51.0,38.68205763524273,0.010026611177418107
45.51111111111111,159.07846781080758,51.38682057635243,51.0,38.68205763524273,0.010073749253339733
45.53433106575964,158.1622432564634,51.28682057635243,51.0,28.682057635243297,0.01001306884623859
45.55755102040816,159.07846781080758,51.38682057635243,51.0,38.68205763524273,0.01001876450146659
45.58077097505669,159.07846781080758,51.38682057635243,51.0,38.68205763524273,0.010101974228613126
45.60399092970521,160.0,51.48682057635243,51.0,48.68205763524287,0.010467532905885502
45.627210884353744,160.92687057085655,51.58682057635242,52.0,-41.3179423647577,0.0124031244280268
45.65043083900227,160.92687057085655,51.58682057635242,52.0,-41.3179423647577,0.010824463726831006
45.67365079365079,160.0,51.48682057635243,51.0,48.68205763524287,0.020317176150858502
45.69687074829932,159.07846781080758,51.38682057635243,51.0,38.68205763524273,0.0261444401720578
45.72009070294784,159.07846781080758,51.38682057635243,51.0,38.68205763524273,0.01503852967761032
45.743310657596375,158.1622432564634,51.28682057635243,51.0,28.682057635243297,0.016444192028999462
45.7665306122449,159.07846781080758,51.38682057635243,51.0,38.68205763524273,0.010467081194204675
45.789750566893424,159.07846781080758,51.38682057635243,51.0,38.68205763524273,0.010140037912876411
45.81297052154195,158.1622432564634,51.28682057635243,51.0,28.682057635243297,0.010259050540785188
45.836190476190474,159.07846781080758,51.38682057635243,51.0,38.68205763524273,0.010140046002925214
45.859410430839006,159.07846781080758,51.38682057635243,51.0,38.68205763524273,0.011085783774597088
45.88263038548753,160.0,51.48682057635243,51.0,48.68205763524287,0.010622594843351473
45.905850340136055,160.92687057085655,51.58682057635242,52.0,-41.3179423647577,0.01034535289023012
45.92907029478458,160.0,51.48682057635243,51.0,48.68205763524287,0.010188570676985522
45.952290249433105,160.0,51.48682057635243,51.0,48.68205763524287,0.010961282097397529
45.97551020408163,160.0,51.48682057635243,51.0,48.68205763524287,0.02239192650921605
45.99873015873016,160.0,51.48682057635243,51.0,48.68205763524287,0.025441507750974722
46.021950113378686,160.0,51.48682057635243,51.0,48.68205763524287,0.0181817199545962
46.04517006802721,160.92687057085655,51.58682057635242,52.0,-41.3179423647577,0.013889620052771815
46.068390022675736,160.0,51.48682057635243,51.0,48.68205763524287,0.01142162308398218
46.09160997732426,160.0,51.48682057635243,51.0,48.68205763524287,0.010347390649348833
46.11482993197279,160.0,51.48682057635243,51.0,48.68205763524287,0.010052255127792903
46.13804988662132,159.07846781080758,51.38682057635243,51.0,38.68205763524273,0.01013958672134544
46.16126984126984,160.0,51.48682057635243,51.0,48.68205763524287,0.010257385981376821
46.18448979591837,160.0,51.48682057635243,51.0,48.68205763524287,0.010348986752451465
46.20770975056689,160.92687057085655,51.58682057635242,52.0,-41.3179423647577,0.010052967180935712
46.23092970521542,160.0,51.48682057635243,51.0,48.68205763524287,0.01000419105260145
46.25414965986395,160.0,51.48682057635243,51.0,48.68205763524287,0.010009022938950977
46.27736961451247,159.07846781080758,51.38682057635243,51.0,38.68205763524273,0.010052967174198043
46.300589569161,160.0,51.48682057635243,51.0,48.68205763524287,0.010006178536026691
46.32380952380952,160.0,51.48682057635243,51.0,48.68205763524287,0.010073751755977602
46.34702947845805,160.0,51.48682057635243,51.0,48.68205763524287,0.010026724673810768
46.37024943310658,159.07846781080758,51.38682057635243,51.0,38.68205763524273,0.010622609040845676
46.393469387755104,159.07846781080758,51.38682057635243,51.0,38.68205763524273,0.010824463363216706
46.41668934240363,160.0,51.48682057635243,51.0,48.68205763524287,0.01010197441104748
46.439909297052154,160.0,51.48682057635243,51.0,48.68205763524287,0.010823752812670543
46.46312925170068,160.92687057085655,51.58682057635242,52.0,-41.3179423647577,0.010259042445484706
46.4863492063492,160.0,51.48682057635243,51.0,48.68205763524287,0.01108578733289013
46.509569160997735,160.0,51.48682057635243,51.0,48.68205763524287,0.01310024837774761
46.53278911564626,160.0,51.48682057635243,51.0,48.68205763524287,0.011853505352991086
46.556009070294785,160.0,51.48682057635243,51.0,48.68205763524287,0.01185350539119261
46.57922902494331,160.0,51.48682057635243,51.0,48.68205763524287,0.010467533528281779
46.602448979591834,160.0,51.48682057635243,51.0,48.68205763524287,0.010259050551455874
46.625668934240366,159.07846781080758,51.38682057635243,51.0,38.68205763524273,0.010191075496774015
46.64888888888889,159.07846781080758,51.38682057635243,51.0,38.68205763524273,0.010073751755967317
46.672108843537416,158.1622432564634,51.28682057635243,51.0,28.682057635243297,0.010006178555268221
46.69532879818594,158.1622432564634,51.28682057635243,51.0,28.682057635243297,0.010006178551842264
46.718548752834465,158.1622432564634,51.28682057635243,51.0,28.682057635243297,0.010001872957205324
46.74176870748299,159.07846781080758,51.38682057635243,51.0,38.68205763524273,0.010037765502908856
46.76498866213152,159.07846781080758,51.38682057635243,51.0,38.68205763524273,0.010191075496902456
46.78820861678005,160.0,51.48682057635243,51.0,48.68205763524287,0.010052967545945025
46.81142857142857,160.92687057085655,51.58682057635242,52.0,-41.3179423647577,0.010037765502929303
46.834648526077096,160.92687057085655,51.58682057635242,52.0,-41.3179423647577,0.010013068846218144
46.85786848072562,160.0,51.48682057635243,51.0,48.68205763524287,0.010006178553930956
46.88108843537415,160.0,51.48682057635243,51.0,48.68205763524287,0.010191075493476552
46.90430839002268,159.07846781080758,51.38682057635243,51.0,38.68205763524273,0.010001864914367784
46.9275283446712,160.0,51.48682057635243,51.0,48.68205763524287,0.010000036323630205
46.95074829931973,,,,,9.479478227326646e-09
46.97396825396825,,,,,1.007784641384944e-08
46.99718820861678,,,,,0.010011402647791979
47.02040816326531,,,,,0.010343585590334691
47.04362811791383,,,,,0.01046503999331905
47.06684807256236,,,,,0.01005267984061728
47.09006802721088,,,,,0.010004190687658582
47.11328798185941,,,,,0.010000328604435803
47.13650793650794,,,,,0.010000046999654318
47.159727891156464,,,,,3.457036969391076e-10
47.18294784580499,,,,,5.069785603018665e-13
47.206167800453514,,,,,3.2597999852242343e-15
47.22938775510204,,,,,2.783137904898017e-14
47.25260770975056,,,,,5.039518500308102e-13
47.275827664399095,,,,,5.749822938170036e-12
47.29904761904762,,,,,3.457582273020871e-10
47.322267573696145,,,,,3.3565330829868965e-09
47.34548752834467,,,,,0.010000259117684498
47.368707482993194,,,,,0.010000092596585708
47.391927437641726,,,,,6.283801057831763e-10
47.41514739229025,,,,,5.682024822432654e-09
47.438367346938776,,,,,3.4572366673799126e-10
47.4615873015873,,,,,9.803582246215607e-11
47.484807256235825,,,,,1.8622478190100839e-10
47.50802721088435,246.75373206527053,58.98682057635243,59.0,-1.3179423647571298,0.0100000161839844
47.53124716553288,245.3325351471361,58.88682057635243,59.0,-11.317942364757272,0.01000012784174079
47.55446712018141,245.3325351471361,58.88682057635243,59.0,-11.317942364757272,0.01000032842199942
47.57768707482993,243.91952372092192,58.78682057635243,59.0,-21.317942364756703,0.010000073464423715
47.600907029478456,246.75373206527053,58.98682057635243,59.0,-1.3179423647571298,0.010000075569940833
47.62412698412698,243.91952372092192,58.78682057635243,59.0,-21.317942364756703,0.010004122669642995
47.64734693877551,243.91952372092192,58.78682057635243,59.0,-21.317942364756703,0.010026720117215542
47.67056689342404,243.91952372092192,58.78682057635243,59.0,-21.317942364756703,0.010073747208431063
47.69378684807256,243.91952372092192,58.78682057635243,59.0,-21.317942364756703,0.01005296299011406
47.71700680272109,243.91952372092192,58.78682057635243,59.0,-21.317942364756703,0.010013068844836265
47.74022675736961,242.5146506416637,58.68682057635243,59.0,-31.317942364756846,0.010000802780733436
47.763446712018144,242.5146506416637,58.68682057635243,59.0,-31.317942364756846,0.010001232964449852
47.78666666666667,242.5146506416637,58.68682057635243,59.0,-31.317942364756846,0.010001873045946694
47.809886621315194,243.91952372092192,58.78682057635243,59.0,-21.317942364756703,0.010006178547029204
47.83310657596372,242.5146506416637,58.68682057635243,59.0,-31.317942364756846,0.010000205626394717
47.85632653061224,242.5146506416637,58.68682057635243,59.0,-31.317942364756846,0.010140045333519757
47.87954648526077,241.11786903593213,58.58682057635244,59.0,-41.31794236475628,0.010191067382594812
47.9027664399093,241.11786903593213,58.58682057635244,59.0,-41.31794236475628,0.01025903638366752
47.925986394557825,241.11786903593213,58.58682057635244,59.0,-41.31794236475628,0.010140043537074322
47.94920634920635,238.34839409963237,58.386820576352434,58.0,38.68205763524344,0.010000502530092457
47.972426303854874,239.72913230026904,58.48682057635243,58.0,48.68205763524287,0.010000802415795812
47.9956462585034,243.91952372092192,58.78682057635243,59.0,-21.317942364756703,0.010000516719583694
48.01886621315193,242.5146506416637,58.68682057635243,59.0,-31.317942364756846,0.010004191052729415
48.042086167800456,243.91952372092192,58.78682057635243,59.0,-21.317942364756703,0.010000802780927255
48.06530612244898,243.91952372092192,58.78682057635243,59.0,-21.317942364756703,0.010000802780927255
48.088526077097505,242.5146506416637,58.68682057635243,59.0,-31.317942364756846,0.010002815825745243
48.11174603174603,242.5146506416637,58.68682057635243,59.0,-31.317942364756846,0.01000123296498612
48.134965986394555,242.5146506416637,58.68682057635243,59.0,-31.317942364756846,0.010013068844836204
48.15818594104309,243.91952372092192,58.78682057635243,59.0,-21.317942364756703,0.010026724673616951
48.18140589569161,243.91952372092192,58.78682057635243,59.0,-21.317942364756703,0.010009025474360611
48.204625850340136,243.91952372092192,58.78682057635243,59.0,-21.317942364756703,0.010026724632126772
48.22784580498866,241.11786903593213,58.58682057635244,59.0,-41.31794236475628,0.010018763156046653
48.251065759637186,238.34839409963237,58.386820576352434,58.0,38.68205763524344,0.010259048052102803
48.27428571428572,239.72913230026904,58.48682057635243,58.0,48.68205763524287,0.010467532906110332
48.29750566893424,239.72913230026904,58.48682057635243,58.0,48.68205763524287,0.010622604485063424
48.32072562358277,241.11786903593213,58.58682057635244,59.0,-41.31794236475628,0.010191075131953086
48.34394557823129,241.11786903593213,58.58682057635244,59.0,-41.31794236475628,0.01062260885846488
48.36716553287982,241.11786903593213,58.58682057635244,59.0,-41.31794236475628,0.010101974590254326
48.39038548752834,242.5146506416637,58.68682057635243,59.0,-31.317942364756846,0.010259050551476362
48.41360544217687,239.72913230026904,58.48682057635243,58.0,48.68205763524287,0.010824463709280027
48.4368253968254,239.72913230026904,58.48682057635243,58.0,48.68205763524287,0.010191075314521538
48.46004535147392,239.72913230026904,58.48682057635243,58.0,48.68205763524287,0.011422320078534257
48.48326530612245,241.11786903593213,58.58682057635244,59.0,-41.31794236475628,0.010824459172236223
48.50648526077097,242.5146506416637,58.68682057635243,59.0,-31.317942364756846,0.011085790538183867
48.529705215419504,241.11786903593213,58.58682057635244,59.0,-41.31794236475628,0.01310026004288644
48.55292517006803,241.11786903593213,58.58682057635244,59.0,-41.31794236475628,0.010824463726831457
48.576145124716554,239.72913230026904,58.48682057635243,58.0,48.68205763524287,0.010824463727698021
48.59936507936508,241.11786903593213,58.58682057635244,59.0,-41.31794236475628,0.010349055133369797
48.6225850340136,239.72913230026904,58.48682057635243,58.0,48.68205763524287,0.011853505212236624
48.64580498866213,241.11786903593213,58.58682057635244,59.0,-41.31794236475628,0.020317516895946637
48.66902494331066,241.11786903593213,58.58682057635244,59.0,-41.31794236475628,0.02616791694851881
48.692244897959185,241.11786903593213,58.58682057635244,59.0,-41.31794236475628,0.018186924364696794
48.71546485260771,242.5146506416637,58.68682057635243,59.0,-31.317942364756846,0.01646758757415885
48.738684807256234,241.11786903593213,58.58682057635244,59.0,-41.31794236475628,0.01508558729610163
48.76190476190476,241.11786903593213,58.58682057635244,59.0,-41.31794236475628,0.010824463724743518
48.78512471655329,239.72913230026904,58.48682057635243,58.0,48.68205763524287,0.010622608952319233
48.808344671201816,239.72913230026904,58.48682057635243,58.0,48.68205763524287,0.010622608329919837
48.83156462585034,241.11786903593213,58.58682057635244,59.0,-41.31794236475628,0.011422334162120707
48.854784580498865,241.11786903593213,58.58682057635244,59.0,-41.31794236475628,0.012403122285922571
48.87800453514739,241.11786903593213,58.58682057635244,59.0,-41.31794236475628,0.015085586932489113
48.901224489795915,241.11786903593213,58.58682057635244,59.0,-41.31794236475628,0.012403124428536125
48.92444444444445,241.11786903593213,58.58682057635244,59.0,-41.31794236475628,0.01310026183955382
48.94766439909297,241.11786903593213,58.58682057635244,59.0,-41.31794236475628,0.013980210291597624
48.970884353741496,241.11786903593213,58.58682057635244,59.0,-41.31794236475628,0.01818737536989696
48.99410430839002,241.11786903593213,58.58682057635244,59.0,-41.31794236475628,0.015085587115057683
49.017324263038546,239.72913230026904,58.48682057635243,58.0,48.68205763524287,0.011853504683538999
49.04054421768708,239.72913230026904,58.48682057635243,58.0,48.68205763524287,0.011853505352986042
49.0637641723356,239.72913230026904,58.48682057635243,58.0,48.68205763524287,0.011422333885625944
49.08698412698413,241.11786903593213,58.58682057635244,59.0,-41.31794236475628,0.011422334209024972
49.11020408163265,241.11786903593213,58.58682057635244,59.0,-41.31794236475628,0.012403124704962503
49.13342403628118,239.72913230026904,58.48682057635243,58.0,48.68205763524287,0.01508558478982818
49.1566439909297,241.11786903593213,58.58682057635244,59.0,-41.31794236475628,0.011422334162116774
49.179863945578234,239.72913230026904,58.48682057635243,58.0,48.68205763524287,0.013980209669221996
49.20308390022676,239.72913230026904,58.48682057635243,58.0,48.68205763524287,0.011085777684599346
49.22630385487528,238.34839409963237,58.386820576352434,58.0,38.68205763524344,0.01185350537572842
49.24952380952381,238.34839409963237,58.386820576352434,58.0,38.68205763524344,0.015085587255820458
49.27274376417233,239.72913230026904,58.48682057635243,58.0,48.68205763524287,0.01818737572660968
49.295963718820865,239.72913230026904,58.48682057635243,58.0,48.68205763524287,0.01398021037669454
49.31918367346939,239.72913230026904,58.48682057635243,58.0,48.68205763524287,0.01142233289740429
49.342403628117914,239.72913230026904,58.48682057635243,58.0,48.68205763524287,0.013980169273945107
49.36562358276644,238.34839409963237,58.386820576352434,58.0,38.68205763524344,0.015085475600579953
49.388843537414964,238.34839409963237,58.386820576352434,58.0,38.68205763524344,0.011853437020540968
49.412063492063496,238.34839409963237,58.386820576352434,58.0,38.68205763524344,0.011853047495616137
49.43528344671202,238.34839409963237,58.386820576352434,58.0,38.68205763524344,0.010349054767494393
49.458503401360545,238.34839409963237,58.386820576352434,58.0,38.68205763524344,0.010349055133355012
49.48172335600907,239.72913230026904,58.48682057635243,58.0,48.68205763524287,0.011085791888937324
49.504943310657595,239.72913230026904,58.48682057635243,58.0,48.68205763524287,0.01062260904091115
49.52816326530612,242.5146506416637,58.68682057635243,59.0,-31.317942364756846,0.011085791847258396
49.55138321995465,241.11786903593213,58.58682057635244,59.0,-41.31794236475628,0.010467533608767362
49.574603174603176,242.5146506416637,58.68682057635243,59.0,-31.317942364756846,0.011853505352999564
49.5978231292517,242.5146506416637,58.68682057635243,59.0,-31.317942364756846,0.010824463724743518
49.621043083900226,243.91952372092192,58.78682057635243,59.0,-21.317942364756703,0.010140046044167924
49.64426303854875,245.3325351471361,58.88682057635243,59.0,-11.317942364757272,0.0103490551298852
49.66748299319728,,,,,0.010018764509575322
49.69070294784581,,,,,0.010001232956683622
49.71392290249433,365.46634857944696,65.78682057635244,66.0,-21.317942364755993,0.01002672465485663
49.73714285714286,359.1878554589993,65.48682057635244,65.0,48.68205763524429,0.010026723962848842
49.76036281179138,357.1190856416714,65.38682057635242,65.0,38.68205763524202,0.010013068135054799
49.783582766439906,359.1878554589993,65.48682057635244,65.0,48.68205763524429,0.010009025128210915
49.80680272108844,353.01722309239886,65.18682057635243,65.0,18.682057635243154,0.010052925855219918
49.83002267573696,350.98399350228027,65.08682057635244,65.0,8.682057635243723,0.010349013977550356
49.85324263038549,355.06223106171035,65.28682057635243,65.0,28.682057635242586,0.01082443934419179
49.87646258503401,348.9624744528825,64.98682057635241,65.0,-1.3179423647585509,0.011851843599921849
49.89968253968254,346.9525984964539,64.88682057635242,65.0,-11.317942364757982,0.010348341038105328
49.92290249433107,346.9525984964539,64.88682057635242,65.0,-11.317942364757982,0.010258336723971107
49.946122448979594,340.992160521115,64.58682057635242,65.0,-41.3179423647577,0.012369790189094997
49.96934240362812,342.9675080116138,64.68682057635243,65.0,-31.317942364756846,0.011836995409567513
49.99256235827664,342.9675080116138,64.68682057635243,65.0,-31.317942364756846,0.011074191081571594
50.01578231292517,342.9675080116138,64.68682057635243,65.0,-31.317942364756846,0.010255326457262131
50.03900226757369,344.95429857371363,64.78682057635243,65.0,-21.317942364757414,0.010018739731622369
50.062222222222225,342.9675080116138,64.68682057635243,65.0,-31.317942364756846,0.010018756249741736
50.08544217687075,342.9675080116138,64.68682057635243,65.0,-31.317942364756846,0.010004188498721565
50.108662131519274,339.0281901949745,64.48682057635243,64.0,48.68205763524287,0.01001865078851633
50.1318820861678,340.992160521115,64.58682057635242,65.0,-41.3179423647577,0.010018739743150568
50.155102040816324,337.07553150554753,64.38682057635243,64.0,38.68205763524344,0.010189409452527547
50.178321995464856,337.07553150554753,64.38682057635243,64.0,38.68205763524344,0.010139862695300764
50.20154195011338,340.992160521115,64.58682057635242,65.0,-41.3179423647577,0.013978571422372865
50.224761904761905,340.992160521115,64.58682057635242,65.0,-41.3179423647577,0.026164367126637587
50.24798185941043,342.9675080116138,64.68682057635243,65.0,-31.317942364756846,0.020317341544993792
50.271201814058955,340.992160521115,64.58682057635242,65.0,-41.3179423647577,0.02031516910881018
50.29442176870748,337.07553150554753,64.38682057635243,64.0,38.68205763524344,0.010622317357284675
50.31764172335601,333.203888811138,64.18682057635243,64.0,18.682057635243154,0.013076512313204365
50.340861678004536,333.203888811138,64.18682057635243,64.0,18.682057635243154,0.018062906063051044
50.36408163265306,333.203888811138,64.18682057635243,64.0,18.682057635243154,0.01505202771672063
50.387301587301586,335.13411930260065,64.28682057635244,64.0,28.682057635244007,0.013066665728391774
50.41052154195011,337.07553150554753,64.38682057635243,64.0,38.68205763524344,0.010467464141454157
50.43374149659864,340.992160521115,64.58682057635242,65.0,-41.3179423647577,0.010101973218499812
50.45696145124717,339.0281901949745,64.48682057635243,64.0,48.68205763524287,0.010259036353979503
50.48018140589569,340.992160521115,64.58682057635242,65.0,-41.3179423647577,0.010018763155661773
50.50340136054422,337.07553150554753,64.38682057635243,64.0,38.68205763524344,0.010465894273757548
50.52662131519274,337.07553150554753,64.38682057635243,64.0,38.68205763524344,0.010073462339218018
50.54984126984127,337.07553150554753,64.38682057635243,64.0,38.68205763524344,0.010073571499660714
50.5730612244898,331.28477562924076,64.08682057635244,64.0,8.682057635243723,0.010791422473951784
50.59628117913832,335.13411930260065,64.28682057635244,64.0,28.682057635244007,0.01007008455685444
50.61950113378685,337.07553150554753,64.38682057635243,64.0,38.68205763524344,0.02969290266975619
50.64272108843537,335.13411930260065,64.28682057635244,64.0,28.682057635244007,0.025752601154501165
50.6659410430839,339.0281901949745,64.48682057635243,64.0,48.68205763524287,0.03485105656548727
50.68916099773243,337.07553150554753,64.38682057635243,64.0,38.68205763524344,0.04063282775578565
50.712380952380954,337.07553150554753,64.38682057635243,64.0,38.68205763524344,0.011082064238320605
50.73560090702948,340.992160521115,64.58682057635242,65.0,-41.3179423647577,0.011419836356508126
50.758820861678004,337.07553150554753,64.38682057635243,64.0,38.68205763524344,0.016456148436447986
50.78204081632653,337.07553150554753,64.38682057635243,64.0,38.68205763524344,0.011849836079407162
50.80526077097505,335.13411930260065,64.28682057635244,64.0,28.682057635244007,0.011421874788052469
50.828480725623585,335.13411930260065,64.28682057635244,64.0,28.682057635244007,0.01397857191421181
50.85170068027211,333.203888811138,64.18682057635243,64.0,18.682057635243154,0.010348941522207515
50.874920634920635,335.13411930260065,64.28682057635244,64.0,28.682057635244007,0.011851839203483348
50.89814058956916,337.07553150554753,64.38682057635243,64.0,38.68205763524344,0.010812843757963436
50.921360544217684,335.13411930260065,64.28682057635244,64.0,28.682057635244007,0.0259395664549638
50.944580498866216,337.07553150554753,64.38682057635243,64.0,38.68205763524344,0.029880095521531643
50.96780045351474,335.13411930260065,64.28682057635244,64.0,28.682057635244007,0.034864434899880795
50.991020408163266,333.203888811138,64.18682057635243,64.0,18.682057635243154,0.05594903908041238
51.01424036281179,333.203888811138,64.18682057635243,64.0,18.682057635243154,0.01818629161967929
51.037460317460315,329.3767157259174,63.986820576352436,64.0,-1.3179423647564192,0.020284121372731438
51.06068027210885,327.4796454389679,63.88682057635242,64.0,-11.317942364757982,0.1029050030103888
51.08390022675737,329.3767157259174,63.986820576352436,64.0,-1.3179423647564192,0.17208789293847937
51.1071201814059,327.4796454389679,63.88682057635242,64.0,-11.317942364757982,0.17382245620510967
51.13034013605442,329.3767157259174,63.986820576352436,64.0,-1.3179423647564192,0.2048877773391426
51.153560090702946,331.28477562924076,64.08682057635244,64.0,8.682057635243723,0.0348643652637845
51.17678004535147,329.3767157259174,63.986820576352436,64.0,-1.3179423647564192,0.026167916766927993
51.2,329.3767157259174,63.986820576352436,64.0,-1.3179423647564192,0.03489634872074687
51.22321995464853,329.3767157259174,63.986820576352436,64.0,-1.3179423647564192,0.05606773407162022
51.24643990929705,327.4796454389679,63.88682057635242,64.0,-11.317942364757982,0.06601707748767414
51.26965986394558,327.4796454389679,63.88682057635242,64.0,-11.317942364757982,0.091493609819249
51.2928798185941,327.4796454389679,63.88682057635242,64.0,-11.317942364757982,0.05534202088646114
51.316099773242634,327.4796454389679,63.88682057635242,64.0,-11.317942364757982,0.04057473684961363
51.33931972789116,331.28477562924076,64.08682057635244,64.0,8.682057635243723,0.03007335461018543
51.36253968253968,331.28477562924076,64.08682057635244,64.0,8.682057635243723,0.04067375632715358
51.38575963718821,331.28477562924076,64.08682057635244,64.0,8.682057635243723,0.06577250027199388
51.40897959183673,331.28477562924076,64.08682057635244,64.0,8.682057635243723,0.09131635188217838
51.43219954648526,331.28477562924076,64.08682057635244,64.0,8.682057635243723,0.040608096458838824
51.45541950113379,329.3767157259174,63.986820576352436,64.0,-1.3179423647564192,0.12698873588414963
51.478639455782314,331.28477562924076,64.08682057635244,64.0,8.682057635243723,0.04759785113756451
51.50185941043084,329.3767157259174,63.986820576352436,64.0,-1.3179423647564192,0.047378557549564826
51.525079365079364,327.4796454389679,63.88682057635242,64.0,-11.317942364757982,0.14600073531681193
51.54829931972789,327.4796454389679,63.88682057635242,64.0,-11.317942364757982,0.17442078553673193
51.57151927437642,325.5935014728596,63.786820576352426,64.0,-21.317942364757414,0.17302686462357317
51.594739229024945,327.4796454389679,63.88682057635242,64.0,-11.317942364757982,0.12582068115010922
51.61795918367347,327.4796454389679,63.88682057635242,64.0,-11.317942364757982,0.06603516053332108
51.641179138321995,327.4796454389679,63.88682057635242,64.0,-11.317942364757982,0.06585489090207326
51.66439909297052,329.3767157259174,63.986820576352436,64.0,-1.3179423647564192,0.04066433723236
51.687619047619044,329.3767157259174,63.986820576352436,64.0,-1.3179423647564192,0.03489202358649716
51.710839002267576,329.3767157259174,63.986820576352436,64.0,-1.3179423647564192,0.040673982475737724
51.7340589569161,329.3767157259174,63.986820576352436,64.0,-1.3179423647564192,0.06603523542031502
51.757278911564626,331.28477562924076,64.08682057635244,64.0,8.682057635243723,0.1499206720150029
51.78049886621315,331.28477562924076,64.08682057635244,64.0,8.682057635243723,0.09149370046135961
51.803718820861675,329.3767157259174,63.986820576352436,64.0,-1.3179423647564192,0.14697178767670663
51.82693877551021,327.4796454389679,63.88682057635242,64.0,-11.317942364757982,0.12583759127787553
51.85015873015873,327.4796454389679,63.88682057635242,64.0,-11.317942364757982,0.07756628821937472
51.87337868480726,327.4796454389679,63.88682057635242,64.0,-11.317942364757982,0.09149333897935627
51.89659863945578,327.4796454389679,63.88682057635242,64.0,-11.317942364757982,0.034889537499915635
51.919818594104306,327.4796454389679,63.88682057635242,64.0,-11.317942364757982,0.07780807974218362
51.94303854875283,327.4796454389679,63.88682057635242,64.0,-11.317942364757982,0.17528738618520806
51.96625850340136,327.4796454389679,63.88682057635242,64.0,-11.317942364757982,0.14698241359705938
51.98947845804989,329.3767157259174,63.986820576352436,64.0,-1.3179423647564192,0.1495145898865951
52.01269841269841,327.4796454389679,63.88682057635242,64.0,-11.317942364757982,0.04642540298958725
52.03591836734694,325.5935014728596,63.786820576352426,64.0,-21.317942364757414,0.05481269898688645
52.05913832199546,325.5935014728596,63.786820576352426,64.0,-21.317942364757414,0.04713583213416215
52.082358276643994,323.7182208966152,63.68682057635243,64.0,-31.317942364756846,0.07222648110646697
52.10557823129252,325.5935014728596,63.786820576352426,64.0,-21.317942364757414,0.1251947940583087
52.128798185941044,325.5935014728596,63.786820576352426,64.0,-21.317942364757414,0.10283841221965434
52.15201814058957,327.4796454389679,63.88682057635242,64.0,-11.317942364757982,0.11879499869861324
52.17523809523809,327.4796454389679,63.88682057635242,64.0,-11.317942364757982,0.07223102925772215
52.19845804988662,327.4796454389679,63.88682057635242,64.0,-11.317942364757982,0.18871879615057613
52.22167800453515,327.4796454389679,63.88682057635242,64.0,-11.317942364757982,0.16739938571491753
52.244897959183675,327.4796454389679,63.88682057635242,64.0,-11.317942364757982,0.1622469385079131
52.2681179138322,327.4796454389679,63.88682057635242,64.0,-11.317942364757982,0.1459997058857843
52.291337868480724,327.4796454389679,63.88682057635242,64.0,-11.317942364757982,0.020284046617282843
52.31455782312925,327.4796454389679,63.88682057635242,64.0,-11.317942364757982,0.015020032307272262
52.33777777777778,327.4796454389679,63.88682057635242,64.0,-11.317942364757982,0.025938644881702666
52.360997732426306,329.3767157259174,63.986820576352436,64.0,-1.3179423647564192,0.01642052720416221
52.38421768707483,329.3767157259174,63.986820576352436,64.0,-1.3179423647564192,0.01396352367609206
52.407437641723355,329.3767157259174,63.986820576352436,64.0,-1.3179423647564192,0.011414304472619015
52.43065759637188,327.4796454389679,63.88682057635242,64.0,-11.317942364757982,0.010575484361701963
52.453877551020405,323.7182208966152,63.68682057635243,64.0,-31.317942364756846,0.019902049520862972
52.47709750566894,323.7182208966152,63.68682057635243,64.0,-31.317942364756846,0.027969928893031168
52.50031746031746,325.5935014728596,63.786820576352426,64.0,-21.317942364757414,0.046044807970118735
52.523537414965986,325.5935014728596,63.786820576352426,64.0,-21.317942364757414,0.014671622314242053
52.54675736961451,327.4796454389679,63.88682057635242,64.0,-11.317942364757982,0.010654604409531296
52.569977324263036,,,,,3.3594603183140633e-09
52.59319727891157,,,,,5.331260483612541e-11
52.61641723356009,,,,,1.975710444490845e-09
52.63963718820862,,,,,1.195074289053554e-09
52.66285714285714,,,,,9.445411699482056e-09
52.68607709750567,,,,,1.0118059563462196e-10
52.70929705215419,,,,,3.581043029625223e-10
52.73251700680272,,,,,3.4575831995078515e-10
52.75573696145125,,,,,9.807261043254295e-11
52.77895691609977,,,,,0.01000000796370929
52.8021768707483,,,,,0.010000206250413311
52.82539682539682,,,,,0.010002811261545435
52.848616780045354,,,,,0.010009022960983197
52.87183673469388,,,,,0.010001232922839014
52.895056689342404,,,,,0.010000126469625234
52.91827664399093,,,,,0.010000113408995266
52.94149659863945,,,,,0.010000204963786261
52.964716553287985,,,,,0.010001208187082045
52.98793650793651,,,,,0.010013060583353103
53.011156462585035,,,,,0.010006177179430472
53.03437641723356,,,,,0.010073727028206782
53.057596371882084,,,,,0.010349040931804353
53.08081632653061,,,,,0.010258981742050156
53.10403628117914,,,,,0.010467529059747658
53.127256235827666,,,,,0.010349050566659176
53.15047619047619,,,,,0.010101974228609829
53.173696145124715,,,,,0.01014004353241301
53.19691609977324,,,,,0.01000617818494899
53.22013605442177,,,,,0.010001232240785767
53.2433560090703,,,,,0.010000073461488684
53.26657596371882,,,,,0.010000027664563784
53.289795918367346,,,,,1.2213146167508041e-11
53.31301587301587,,,,,2.0806858239239223e-10
53.336235827664396,,,,,1.0096369890681816e-10
53.35945578231293,,,,,3.3533891395159468e-09
53.38267573696145,,,,,0.010000123204407236
53.40589569160998,,,,,0.010000032571483571
53.4291156462585,,,,,0.0100000079122008
53.45233560090703,,,,,2.6165748059497126e-12
53.47555555555556,,,,,5.747755204150374e-12
53.498775510204084,,,,,0.01000000308356748
53.52199546485261,,,,,1.1588330465471568e-09
53.54521541950113,,,,,3.746759073457838e-09
53.56843537414966,,,,,5.381093960049702e-13
53.59165532879818,,,,,4.81227567300664e-13
53.614875283446715,,,,,0.010000000001048575
53.63809523809524,,,,,0.010000009101636117
53.661315192743764,,,,,6.283770785583822e-10
53.68453514739229,,,,,5.032221263195485e-11
53.707755102040814,,,,,2.520901569903746e-11
53.730975056689346,,,,,0.010000000417859206
53.75419501133787,,,,,0.01000000041791903
53.777414965986395,,,,,0.01000000009793012
53.80063492063492,,,,,0.010000009245699255
53.823854875283445,,,,,0.010000046919170016
53.84707482993197,,,,,0.010000206250413311
53.8702947845805,,,,,0.010000206330726055
53.893514739229026,,,,,0.010000001362139436
53.91673469387755,,,,,0.010000005174442442
53.939954648526076,,,,,0.010000001180632464
53.9631746031746,,,,,0.010000002688201507
53.98639455782313,,,,,0.010000027849725965
54.00961451247166,,,,,5.327472685310684e-11
54.03283446712018,,,,,3.675467857351797e-10
54.05605442176871,,,,,0.010000016043522963
54.07927437641723,,,,,0.010000000013396362
54.102494331065756,,,,,0.010000000003460302
54.12571428571429,,,,,0.010000005216229449
54.14893424036281,,,,,0.010000000417925077
54.17215419501134,,,,,0.010000001546554296
54.19537414965986,,,,,0.01000000928748663
54.21859410430839,,,,,0.0100000470079773
54.24181405895692,,,,,0.010000016226422838
54.265034013605444,,,,,0.010000000208892742
54.28825396825397,,,,,0.010000047007977299
54.31147392290249,,,,,0.010000078102280324
54.33469387755102,,,,,0.0100000470079773
54.35791383219954,,,,,0.010000001546554296
54.381133786848075,,,,,0.010000002871100368
54.4043537414966,,,,,0.01000000928748663
54.427573696145124,,,,,0.01000000928748663
54.45079365079365,163.73982271948398,51.886820576352434,52.0,-11.317942364756561,0.010000000417925077
54.474013605442174,161.8591104483076,51.68682057635243,52.0,-31.317942364756846,0.010000802780927255
54.497233560090706,160.92687057085655,51.58682057635242,52.0,-41.3179423647577,0.0100028158258111
54.52045351473923,160.92687057085655,51.58682057635242,52.0,-41.3179423647577,0.010073751764282884
54.543673469387755,160.92687057085655,51.58682057635242,52.0,-41.3179423647577,0.010013068846238975
54.56689342403628,163.73982271948398,51.886820576352434,52.0,-11.317942364756561,0.010009025493342988
54.590113378684805,163.73982271948398,51.886820576352434,52.0,-11.317942364756561,0.010004191052795272
54.61333333333334,162.7967507364298,51.786820576352426,52.0,-21.317942364757414,0.01000123296498612
54.63655328798186,160.0,51.48682057635243,51.0,48.68205763524287,0.01000419105279527
54.659773242630386,160.0,51.48682057635243,51.0,48.68205763524287,0.010037765502929688
54.68299319727891,160.0,51.48682057635243,51.0,48.68205763524287,0.01001876450976914
54.706213151927436,160.0,51.48682057635243,51.0,48.68205763524287,0.010073751764282882
54.72943310657596,160.0,51.48682057635243,51.0,48.68205763524287,0.01001876450976914
54.75265306122449,160.0,51.48682057635243,51.0,48.68205763524287,0.01014004604470407
54.77587301587302,160.92687057085655,51.58682057635242,52.0,-41.3179423647577,0.010002815825811102
54.79909297052154,161.8591104483076,51.68682057635243,52.0,-31.317942364756846,0.010001873046012551
54.82231292517007,162.7967507364298,51.786820576352426,52.0,-21.317942364757414,0.010349055133375843
54.84553287981859,162.7967507364298,51.786820576352426,52.0,-21.317942364757414,0.010467533617069905
54.868752834467124,163.73982271948398,51.886820576352434,52.0,-11.317942364756561,0.011085791888943373
54.89197278911565,163.73982271948398,51.886820576352434,52.0,-11.317942364756561,0.011422334250709076
54.91519274376417,163.73982271948398,51.886820576352434,52.0,-11.317942364756561,0.010467533617069903
54.9384126984127,163.73982271948398,51.886820576352434,52.0,-11.317942364756561,0.01019107549696831
54.96163265306122,161.8591104483076,51.68682057635243,52.0,-31.317942364756846,0.011085791888943373
54.98485260770975,162.7967507364298,51.786820576352426,52.0,-21.317942364757414,0.010824463728234169
55.00807256235828,161.8591104483076,51.68682057635243,52.0,-31.317942364756846,0.010349055133375844
55.031292517006804,162.7967507364298,51.786820576352426,52.0,-21.317942364757414,0.010052967545965857
55.05451247165533,162.7967507364298,51.786820576352426,52.0,-21.317942364757414,0.0100028158258111
55.077732426303854,161.8591104483076,51.68682057635243,52.0,-31.317942364756846,0.010001873046012551
55.10095238095238,162.7967507364298,51.786820576352426,52.0,-21.317942364757414,0.010622609040911533
55.12417233560091,161.8591104483076,51.68682057635243,52.0,-31.317942364756846,0.026168028608935755
55.147392290249435,161.8591104483076,51.68682057635243,52.0,-31.317942364756846,0.03010686179419501
55.17061224489796,160.92687057085655,51.58682057635242,52.0,-41.3179423647577,0.034897428019625254
55.193832199546485,161.8591104483076,51.68682057635243,52.0,-31.317942364756846,0.010622609040911531
55.21705215419501,161.8591104483076,51.68682057635243,52.0,-31.317942364756846,0.01002672467381077
55.240272108843534,161.8591104483076,51.68682057635243,52.0,-31.317942364756846,0.010259050559778863
55.263492063492066,160.92687057085655,51.58682057635242,52.0,-41.3179423647577,0.0229442191246386
55.28671201814059,160.0,51.48682057635243,51.0,48.68205763524287,0.040697331568881064
55.309931972789116,160.0,51.48682057635243,51.0,48.68205763524287,0.06608151270920702
55.33315192743764,160.0,51.48682057635243,51.0,48.68205763524287,0.03010686179419501
55.356371882086165,158.1622432564634,51.28682057635243,51.0,28.682057635243297,0.01002672467381077
55.3795918367347,160.0,51.48682057635243,51.0,48.68205763524287,0.010052967545965857
55.40281179138322,160.0,51.48682057635243,51.0,48.68205763524287,0.010259050559778863
55.42603174603175,160.0,51.48682057635243,51.0,48.68205763524287,0.010467533617069907
55.44925170068027,160.0,51.48682057635243,51.0,48.68205763524287,0.011085791888943373
55.472471655328796,159.07846781080758,51.38682057635243,51.0,38.68205763524273,0.011085791888943371
55.49569160997732,157.25129576724018,51.18682057635243,51.0,18.682057635243154,0.010052967545965857
55.51891156462585,155.44511058457692,50.98682057635243,51.0,-1.3179423647571298,0.01010197459374499
55.54213151927438,155.44511058457692,50.98682057635243,51.0,-1.3179423647571298,0.01000032860450166
55.5653514739229,158.1622432564634,51.28682057635243,51.0,28.682057635243297,0.01000419105279527
55.58857142857143,158.1622432564634,51.28682057635243,51.0,28.682057635243297,0.010467533617069905
55.61179138321995,158.1622432564634,51.28682057635243,51.0,28.682057635243297,0.010349055133375844
55.635011337868484,158.1622432564634,51.28682057635243,51.0,28.682057635243297,0.011085791888943371
55.65823129251701,156.34559494947933,51.08682057635242,51.0,8.682057635242302,0.010009025493342984
55.68145124716553,158.1622432564634,51.28682057635243,51.0,28.682057635243297,0.010000516719604526
55.70467120181406,159.07846781080758,51.38682057635243,51.0,38.68205763524273,0.010013068846238975
55.72789115646258,155.44511058457692,50.98682057635243,51.0,-1.3179423647571298,0.01010197459374499
55.75111111111111,155.44511058457692,50.98682057635243,51.0,-1.3179423647571298,0.010467533617069905
55.77433106575964,154.54981262797529,50.88682057635242,51.0,-11.317942364757982,0.011085791888943373
55.797551020408164,155.44511058457692,50.98682057635243,51.0,-1.3179423647571298,0.03489742801962526
55.82077097505669,156.34559494947933,51.08682057635242,51.0,8.682057635242302,0.015085587297504338
55.843990929705214,155.44511058457692,50.98682057635243,51.0,-1.3179423647571298,0.018187375734912182
55.86721088435374,156.34559494947933,51.08682057635242,51.0,8.682057635242302,0.011085791888943373
55.89043083900227,154.54981262797529,50.88682057635242,51.0,-11.317942364757982,0.010000802780927255
55.913650793650795,153.6596712081607,50.786820576352426,51.0,-21.317942364757414,0.01000187304601255
55.93687074829932,152.77465662566667,50.68682057635243,51.0,-31.317942364756846,0.0100028158258111
55.960090702947845,152.77465662566667,50.68682057635243,51.0,-31.317942364756846,0.010037765502929688
55.98331065759637,154.54981262797529,50.88682057635242,51.0,-11.317942364757982,0.010349055133375846
56.006530612244894,155.44511058457692,50.98682057635243,51.0,-1.3179423647571298,0.010349055133375844
56.029750566893426,155.44511058457692,50.98682057635243,51.0,-1.3179423647571298,0.011853505394683413
56.05297052154195,155.44511058457692,50.98682057635243,51.0,-1.3179423647571298,0.010622609040911534
56.076190476190476,153.6596712081607,50.786820576352426,51.0,-21.317942364757414,0.010622609040911534
56.099410430839,154.54981262797529,50.88682057635242,51.0,-11.317942364757982,0.010467533617069905
56.122630385487525,157.25129576724018,51.18682057635243,51.0,18.682057635243154,0.010191075496968311
56.14585034013606,156.34559494947933,51.08682057635242,51.0,8.682057635242302,0.010026724673810772
56.16907029478458,157.25129576724018,51.18682057635243,51.0,18.682057635243154,0.010001873046012553
56.19229024943311,155.44511058457692,50.98682057635243,51.0,-1.3179423647571298,0.010000078102280324
56.21551020408163,154.54981262797529,50.88682057635242,51.0,-11.317942364757982,0.010000016226422836
56.23873015873016,156.34559494947933,51.08682057635242,51.0,8.682057635242302,0.01000123296498612
56.26195011337869,156.34559494947933,51.08682057635242,51.0,8.682057635242302,0.010006178555334078
56.28517006802721,157.25129576724018,51.18682057635243,51.0,18.682057635243154,0.010259050559778863
56.30839002267574,155.44511058457692,50.98682057635243,51.0,-1.3179423647571298,0.01240312479355135
56.33160997732426,155.44511058457692,50.98682057635243,51.0,-1.3179423647571298,0.010101974593744989
56.35482993197279,159.07846781080758,51.38682057635243,51.0,38.68205763524273,0.010259050559778863
56.37804988662131,160.0,51.48682057635243,51.0,48.68205763524287,0.010013068846238975
56.401269841269844,161.8591104483076,51.68682057635243,52.0,-31.317942364756846,0.01002672467381077
56.42448979591837,158.1622432564634,51.28682057635243,51.0,28.682057635243297,0.010140046044704068
56.447709750566894,157.25129576724018,51.18682057635243,51.0,18.682057635243154,0.010013068846238973
56.47092970521542,157.25129576724018,51.18682057635243,51.0,18.682057635243154,0.010073751764282886
56.49414965986394,159.07846781080758,51.38682057635243,51.0,38.68205763524273,0.010009025493342986
56.517369614512475,162.7967507364298,51.786820576352426,52.0,-21.317942364757414,0.010259050559778861
56.540589569161,162.7967507364298,51.786820576352426,52.0,-21.317942364757414,0.010467533617069905
56.563809523809525,162.7967507364298,51.786820576352426,52.0,-21.317942364757414,0.010824463728234167
56.58702947845805,160.92687057085655,51.58682057635242,52.0,-41.3179423647577,0.010349055133375844
56.610249433106574,161.8591104483076,51.68682057635243,52.0,-31.317942364756846,0.01002672467381077
56.6334693877551,166.60194440556904,52.18682057635243,52.0,18.682057635243154,0.010073751764282884
56.65668934240363,167.56705965130027,52.286820576352426,52.0,28.682057635242586,0.010009025493342986
56.679909297052156,171.4837540058069,52.68682057635243,53.0,-31.317942364756846,0.010073751764282884
56.70312925170068,172.47714928685681,52.78682057635243,53.0,-21.317942364756703,0.010052967545965855
56.726349206349205,170.49608026055748,52.58682057635242,53.0,-41.3179423647577,0.010000802780927255
56.74956916099773,176.50861154619943,53.18682057635243,53.0,18.682057635243154,0.010000802780927255
56.77278911564626,172.47714928685681,52.78682057635243,53.0,-21.317942364756703,0.01000419105279527
56.79600907029479,176.50861154619943,53.18682057635243,53.0,18.682057635243154,0.01000123296498612
56.81922902494331,176.50861154619943,53.18682057635243,53.0,18.682057635243154,0.010006178555334078
56.842448979591836,176.50861154619943,53.18682057635243,53.0,18.682057635243154,0.010006178555334077
56.86566893424036,176.50861154619943,53.18682057635243,53.0,18.682057635243154,0.0100028158258111
56.888888888888886,177.53111553085517,53.286820576352426,53.0,28.682057635242586,0.01002672467381077
56.91210884353742,176.50861154619943,53.18682057635243,53.0,18.682057635243154,0.010013068846238976
56.93532879818594,178.55954282083573,53.386820576352434,53.0,38.68205763524344,0.010009025493342986
56.95854875283447,179.59392772949968,53.48682057635243,53.0,48.68205763524287,0.010073751764282884
56.98176870748299,180.63430476898102,53.58682057635243,54.0,-41.31794236475699,0.010009025451657997
57.00498866213152,180.63430476898102,53.58682057635243,54.0,-41.31794236475699,0.010052962990091828
57.02820861678005,179.59392772949968,53.48682057635243,53.0,48.68205763524287,0.010018750335258854
57.05142857142857,179.59392772949968,53.48682057635243,53.0,48.68205763524287,0.010018756383557693
57.0746485260771,179.59392772949968,53.48682057635243,53.0,48.68205763524287,0.010000516535194116
57.09786848072562,180.63430476898102,53.58682057635243,54.0,-41.31794236475699,0.010009025484908281
57.12108843537415,179.59392772949968,53.48682057635243,53.0,48.68205763524287,0.01000617851354786
57.14430839002267,180.63430476898102,53.58682057635243,54.0,-41.31794236475699,0.010009025484894693
57.167528344671204,180.63430476898102,53.58682057635243,54.0,-41.31794236475699,0.01025905055147636
57.19074829931973,180.63430476898102,53.58682057635243,54.0,-41.31794236475699,0.010467533616876086
57.213968253968254,180.63430476898102,53.58682057635243,54.0,-41.31794236475699,0.012403124793485492
57.23718820861678,180.63430476898102,53.58682057635243,54.0,-41.31794236475699,0.010622609040905487
57.2604081632653,178.55954282083573,53.386820576352434,53.0,38.68205763524344,0.010101974593738943
57.283628117913835,178.55954282083573,53.386820576352434,53.0,38.68205763524344,0.010006178513638797
57.30684807256236,178.55954282083573,53.386820576352434,53.0,38.68205763524344,0.010004182792765477
57.330068027210885,178.55954282083573,53.386820576352434,53.0,38.68205763524344,0.010008956009169904
57.35328798185941,179.59392772949968,53.48682057635243,53.0,48.68205763524287,0.01003747314616461
57.376507936507934,179.59392772949968,53.48682057635243,53.0,48.68205763524287,0.010258758598815405
57.39972789115646,180.63430476898102,53.58682057635243,54.0,-41.31794236475699,0.01019103380696833
57.42294784580499,180.63430476898102,53.58682057635243,54.0,-41.31794236475699,0.010140004625170248
57.446167800453516,180.63430476898102,53.58682057635243,54.0,-41.31794236475699,0.010140043496309769
57.46938775510204,179.59392772949968,53.48682057635243,53.0,48.68205763524287,0.010622608675894174
57.492607709750565,179.59392772949968,53.48682057635243,53.0,48.68205763524287,0.013100261199754337
57.51582766439909,179.59392772949968,53.48682057635243,53.0,48.68205763524287,0.015085586586544762
57.53904761904762,179.59392772949968,53.48682057635243,53.0,48.68205763524287,0.01310026183955382
57.56226757369615,179.59392772949968,53.48682057635243,53.0,48.68205763524287,0.010467532906106476
57.58548752834467,180.63430476898102,53.58682057635243,54.0,-41.31794236475699,0.011085791800351377
57.608707482993196,179.59392772949968,53.48682057635243,53.0,48.68205763524287,0.01034905513197307
57.63192743764172,179.59392772949968,53.48682057635243,53.0,48.68205763524287,0.011085791888407229
57.655147392290246,179.59392772949968,53.48682057635243,53.0,48.68205763524287,0.013100262549110685
57.67836734693878,179.59392772949968,53.48682057635243,53.0,48.68205763524287,0.010824463728040348
57.7015873015873,179.59392772949968,53.48682057635243,53.0,48.68205763524287,0.012403124611104694
57.72480725623583,179.59392772949968,53.48682057635243,53.0,48.68205763524287,0.010824461219883999
57.74802721088435,180.63430476898102,53.58682057635243,54.0,-41.31794236475699,0.01046753343436046
57.77124716553288,180.63430476898102,53.58682057635243,54.0,-41.31794236475699,0.010622607687586596
57.79446712018141,179.59392772949968,53.48682057635243,53.0,48.68205763524287,0.010622608952319262
57.817687074829934,180.63430476898102,53.58682057635243,54.0,-41.31794236475699,0.010622608999225796
57.84090702947846,180.63430476898102,53.58682057635243,54.0,-41.31794236475699,0.011853505352999411
57.86412698412698,179.59392772949968,53.48682057635243,53.0,48.68205763524287,0.011853505391192766
57.88734693877551,178.55954282083573,53.386820576352434,53.0,38.68205763524344,0.011853505394147269
57.91056689342403,178.55954282083573,53.386820576352434,53.0,38.68205763524344,0.01508558729401369
57.933786848072565,179.59392772949968,53.48682057635243,53.0,48.68205763524287,0.016467587504524664
57.95700680272109,179.59392772949968,53.48682057635243,53.0,48.68205763524287,0.016467587410666236
57.980226757369614,179.59392772949968,53.48682057635243,53.0,48.68205763524287,0.018187375552465527
58.00344671201814,179.59392772949968,53.48682057635243,53.0,48.68205763524287,0.011853505352999545
58.026666666666664,179.59392772949968,53.48682057635243,53.0,48.68205763524287,0.010467533598114911
58.049886621315196,178.55954282083573,53.386820576352434,53.0,38.68205763524344,0.011422292470087655
58.07310657596372,179.59392772949968,53.48682057635243,53.0,48.68205763524287,0.015085545705735011
58.096326530612245,179.59392772949968,53.48682057635243,53.0,48.68205763524287,0.0164674759000738
58.11954648526077,179.59392772949968,53.48682057635243,53.0,48.68205763524287,0.022944150909935825
58.142766439909295,179.59392772949968,53.48682057635243,53.0,48.68205763524287,0.02031762044468167
58.16598639455783,179.59392772949968,53.48682057635243,53.0,48.68205763524287,0.04069688026423824
58.18920634920635,178.55954282083573,53.386820576352434,53.0,38.68205763524344,0.04768654176248713
58.212426303854876,178.55954282083573,53.386820576352434,53.0,38.68205763524344,0.016467299933585127
58.2356462585034,178.55954282083573,53.386820576352434,53.0,38.68205763524344,0.012403055730385512
58.258866213151926,180.63430476898102,53.58682057635243,54.0,-41.31794236475699,0.011853505352999318
58.28208616780045,179.59392772949968,53.48682057635243,53.0,48.68205763524287,0.016467587591710294
58.30530612244898,179.59392772949968,53.48682057635243,53.0,48.68205763524287,0.020317628556166766
58.32852607709751,178.55954282083573,53.386820576352434,53.0,38.68205763524344,0.020317628556294726
58.35174603174603,178.55954282083573,53.386820576352434,53.0,38.68205763524344,0.018187375733509467
58.37496598639456,178.55954282083573,53.386820576352434,53.0,38.68205763524344,0.03489742346377678
58.39818594104308,177.53111553085517,53.286820576352426,53.0,28.682057635242586,0.013980196208047663
58.42140589569161,178.55954282083573,53.386820576352434,53.0,38.68205763524344,0.011422293193757675
58.44462585034014,178.55954282083573,53.386820576352434,53.0,38.68205763524344,0.010467529060473716
58.46784580498866,180.63430476898102,53.58682057635243,54.0,-41.31794236475699,0.01000051670060444
58.49106575963719,179.59392772949968,53.48682057635243,53.0,48.68205763524287,0.010000328562815942
58.51428571428571,,,,,0.010000016207468678
58.53750566893424,,,,,0.01000001613780737
58.56072562358277,,,,,0.010000005212737789
58.583945578231294,,,,,2.6746414160818978e-14
58.60716553287982,,,,,1.15325915133279e-12
58.63038548752834,,,,,0.010000000005979394
58.65360544217687,,,,,2.5922113400952978e-11
58.6768253968254,248.18316189339754,59.08682057635242,59.0,8.682057635242302,0.010000000628306215
58.700045351473925,246.75373206527053,58.98682057635243,59.0,-1.3179423647571298,0.010000000058971115
58.72326530612245,245.3325351471361,58.88682057635243,59.0,-11.317942364757272,0.010000027664718199
58.746485260770974,245.3325351471361,58.88682057635243,59.0,-11.317942364757272,0.01000123259611171
58.7697052154195,246.75373206527053,58.98682057635243,59.0,-1.3179423647571298,0.010000516677817099
58.792925170068024,245.3325351471361,58.88682057635243,59.0,-11.317942364757272,0.010009025404553411
58.816145124716556,243.91952372092192,58.78682057635243,59.0,-21.317942364756703,0.010002815643000679
58.83936507936508,246.75373206527053,58.98682057635243,59.0,-1.3179423647571298,0.01000080277260716
58.862585034013605,246.75373206527053,58.98682057635243,59.0,-1.3179423647571298,0.010000027831261468
58.88580498866213,,,,,0.010000516719602894
58.909024943310655,248.18316189339754,59.08682057635242,59.0,8.682057635242302,0.010009025493336939
58.93224489795919,245.3325351471361,58.88682057635243,59.0,-11.317942364757272,0.010006178555313246
58.95546485260771,246.75373206527053,58.98682057635243,59.0,-1.3179423647571298,0.010140046044683238
58.978684807256236,245.3325351471361,58.88682057635243,59.0,-11.317942364757272,0.010140046043301359
59.00190476190476,245.3325351471361,58.88682057635243,59.0,-11.317942364757272,0.010018764506278345
59.025124716553286,245.3325351471361,58.88682057635243,59.0,-11.317942364757272,0.010018764421151266
59.04834467120181,242.5146506416637,58.68682057635243,59.0,-31.317942364756846,0.010013064288889493
59.07156462585034,243.91952372092192,58.78682057635243,59.0,-21.317942364756703,0.010006177844138351
59.09478458049887,245.3325351471361,58.88682057635243,59.0,-11.317942364757272,0.010140041410571005
59.11800453514739,245.3325351471361,58.88682057635243,59.0,-11.317942364757272,0.010349053782570339
59.14122448979592,245.3325351471361,58.88682057635243,59.0,-11.317942364757272,0.01082446363964198
59.16444444444444,245.3325351471361,58.88682057635243,59.0,-11.317942364757272,0.010259049847268742
59.187664399092974,246.75373206527053,58.98682057635243,59.0,-1.3179423647571298,0.010037765414312085
59.2108843537415,245.3325351471361,58.88682057635243,59.0,-11.317942364757272,0.01014003780356901
59.23410430839002,242.5146506416637,58.68682057635243,59.0,-31.317942364756846,0.010012885341316719
59.25732426303855,242.5146506416637,58.68682057635243,59.0,-31.317942364756846,0.010073459412929118
59.28054421768707,242.5146506416637,58.68682057635243,59.0,-31.317942364756846,0.010348872001770247
59.3037641723356,242.5146506416637,58.68682057635243,59.0,-31.317942364756846,0.010191051172583971
59.32698412698413,245.3325351471361,58.88682057635243,59.0,-11.317942364757272,0.011422333885693851
59.350204081632654,245.3325351471361,58.88682057635243,59.0,-11.317942364757272,0.0124031247518675
59.37342403628118,245.3325351471361,58.88682057635243,59.0,-11.317942364757272,0.012403124793485494
59.396643990929704,248.18316189339754,59.08682057635242,59.0,8.682057635242302,0.015085587297503955
59.41986394557823,248.18316189339754,59.08682057635242,59.0,8.682057635242302,0.010140046044510187
59.44308390022676,249.6208723242795,59.18682057635243,59.0,18.682057635243154,0.010073751764281253
59.466303854875285,248.18316189339754,59.08682057635242,59.0,8.682057635242302,0.011422334250707442
59.48952380952381,246.75373206527053,58.98682057635243,59.0,-1.3179423647571298,0.010824463728213336
59.512743764172335,248.18316189339754,59.08682057635242,59.0,8.682057635242302,0.013100262542208111
59.53596371882086,245.3325351471361,58.88682057635243,59.0,-11.317942364757272,0.01310026236803197
59.559183673469384,245.3325351471361,58.88682057635243,59.0,-11.317942364757272,0.010349055133375844
59.582403628117916,246.75373206527053,58.98682057635243,59.0,-1.3179423647571298,0.010140046044704068
59.60562358276644,246.75373206527053,58.98682057635243,59.0,-1.3179423647571298,0.010349055133375844
59.628843537414966,248.18316189339754,59.08682057635242,59.0,8.682057635242302,0.011853505394683415
59.65206349206349,246.75373206527053,58.98682057635243,59.0,-1.3179423647571298,0.012403124793551348
59.675283446712015,245.3325351471361,58.88682057635243,59.0,-11.317942364757272,0.01646758759311301
59.69850340136055,245.3325351471361,58.88682057635243,59.0,-11.317942364757272,0.01646758759311301
59.72172335600907,245.3325351471361,58.88682057635243,59.0,-11.317942364757272,0.018187375734912182
59.7449433106576,246.75373206527053,58.98682057635243,59.0,-1.3179423647571298,0.020317628556360583
59.76816326530612,246.75373206527053,58.98682057635243,59.0,-1.3179423647571298,0.022944219124638603
59.791383219954646,246.75373206527053,58.98682057635243,59.0,-1.3179423647571298,0.016467587593113005
59.81460317460318,246.75373206527053,58.98682057635243,59.0,-1.3179423647571298,0.011085791888943375
59.8378231292517,245.3325351471361,58.88682057635243,59.0,-11.317942364757272,0.012403124793551348
59.86104308390023,246.75373206527053,58.98682057635243,59.0,-1.3179423647571298,0.011853505394683413
59.88426303854875,246.75373206527053,58.98682057635243,59.0,-1.3179423647571298,0.018187375734912182
59.90748299319728,246.75373206527053,58.98682057635243,59.0,-1.3179423647571298,0.020317628556360583
59.9307029478458,245.3325351471361,58.88682057635243,59.0,-11.317942364757272,0.016467587593113005
59.953922902494334,245.3325351471361,58.88682057635243,59.0,-11.317942364757272,0.12793708630129036
59.97714285714286,246.75373206527053,58.98682057635243,59.0,-1.3179423647571298,0.09203757081218113
60.00036281179138,245.3325351471361,58.88682057635243,59.0,-11.317942364757272,0.12793708630129036
60.02358276643991,245.3325351471361,58.88682057635243,59.0,-11.317942364757272,0.17653060863289746
60.04680272108843,246.75373206527053,58.98682057635243,59.0,-1.3179423647571298,0.0779752376229483
60.070022675736965,246.75373206527053,58.98682057635243,59.0,-1.3179423647571298,0.04069733156888106
60.09324263038549,246.75373206527053,58.98682057635243,59.0,-1.3179423647571298,0.04069733156888106
60.116462585034014,245.3325351471361,58.88682057635243,59.0,-11.317942364757272,0.03010686179419501
60.13968253968254,245.3325351471361,58.88682057635243,59.0,-11.317942364757272,0.04768699308253104
60.162902494331064,246.75373206527053,58.98682057635243,59.0,-1.3179423647571298,0.047686993082531035
60.18612244897959,246.75373206527053,58.98682057635243,59.0,-1.3179423647571298,0.09203757081218111
60.20934240362812,248.18316189339754,59.08682057635242,59.0,8.682057635242302,0.06608151270920702
60.232562358276645,248.18316189339754,59.08682057635242,59.0,8.682057635242302,0.056071395445892624
60.25578231292517,245.3325351471361,58.88682057635243,59.0,-11.317942364757272,0.030106861794195014
60.279002267573695,245.3325351471361,58.88682057635243,59.0,-11.317942364757272,0.03489742801962526
60.30222222222222,245.3325351471361,58.88682057635243,59.0,-11.317942364757272,0.04069733156888106
60.32544217687075,246.75373206527053,58.98682057635243,59.0,-1.3179423647571298,0.056071395445892624
60.348662131519276,246.75373206527053,58.98682057635243,59.0,-1.3179423647571298,0.0779752376229483
60.3718820861678,243.91952372092192,58.78682057635243,59.0,-21.317942364756703,0.047686993082531035
60.395102040816326,246.75373206527053,58.98682057635243,59.0,-1.3179423647571298,0.03010686179419501
60.41832199546485,246.75373206527053,58.98682057635243,59.0,-1.3179423647571298,0.12793708630129036
60.441541950113375,245.3325351471361,58.88682057635243,59.0,-11.317942364757272,0.10857977072874497
60.46476190476191,245.3325351471361,58.88682057635243,59.0,-11.317942364757272,0.17653060863289746
60.48798185941043,245.3325351471361,58.88682057635243,59.0,-11.317942364757272,0.2065067991177521
60.51120181405896,243.91952372092192,58.78682057635243,59.0,-21.317942364756703,0.0779752376229483
60.53442176870748,243.91952372092192,58.78682057635243,59.0,-21.317942364756703,0.06608151270920701
60.55764172335601,243.91952372092192,58.78682057635243,59.0,-21.317942364756703,0.03010686179419501
60.58086167800454,243.91952372092192,58.78682057635243,59.0,-21.317942364756703,0.07797523762294829
60.60408163265306,245.3325351471361,58.88682057635243,59.0,-11.317942364757272,0.09203757081218113
60.62730158730159,245.3325351471361,58.88682057635243,59.0,-11.317942364757272,0.12793708630129036
60.65052154195011,245.3325351471361,58.88682057635243,59.0,-11.317942364757272,0.15046460134333878
60.67374149659864,245.3325351471361,58.88682057635243,59.0,-11.317942364757272,0.030106861794195007
60.69696145124716,243.91952372092192,58.78682057635243,59.0,-21.317942364756703,0.01240312479355135
60.720181405895694,245.3325351471361,58.88682057635243,59.0,-11.317942364757272,0.030106861794195014
60.74340136054422,245.3325351471361,58.88682057635243,59.0,-11.317942364757272,0.10857977072874499
60.766621315192744,245.3325351471361,58.88682057635243,59.0,-11.317942364757272,0.20650679911775216
60.78984126984127,245.3325351471361,58.88682057635243,59.0,-11.317942364757272,0.24075439447557417
60.81306122448979,243.91952372092192,58.78682057635243,59.0,-21.317942364756703,0.12793708630129036
60.836281179138325,242.5146506416637,58.68682057635243,59.0,-31.317942364756846,0.030106861794195007
60.85950113378685,242.5146506416637,58.68682057635243,59.0,-31.317942364756846,0.013100262550513395
60.882721088435375,243.91952372092192,58.78682057635243,59.0,-21.317942364756703,0.013100262550513395
60.9059410430839,242.5146506416637,58.68682057635243,59.0,-31.317942364756846,0.015085587297504338
60.929160997732424,242.5146506416637,58.68682057635243,59.0,-31.317942364756846,0.012403124793551348
60.95238095238095,242.5146506416637,58.68682057635243,59.0,-31.317942364756846,0.011853505394683413
60.97560090702948,,,,,0.010622609040911533
60.998820861678006,,,,,0.010037765502929688
61.02204081632653,,,,,0.010037765502929688
61.045260770975055,,,,,0.01001876450976914
61.06848072562358,,,,,0.010013068846238975
61.09170068027211,,,,,0.010052967545965857
61.11492063492064,,,,,0.010622609040911534
61.13814058956916,,,,,0.011853505394683415
61.161360544217686,,,,,0.010622609040911533
61.18458049886621,,,,,0.010349055133375844
61.207800453514736,,,,,0.010349055133375844
61.23102040816327,,,,,0.010349055133375844
61.25424036281179,,,,,0.010191075496968311
61.27746031746032,,,,,0.010467533617069905
61.30068027210884,,,,,0.01001876450976914
61.32390022675737,,,,,0.010006178555334077
61.3471201814059,,,,,0.0100028158258111
61.37034013605442,,,,,0.01000123296498612
61.39356009070295,,,,,0.0100028158258111
61.41678004535147,,,,,0.01000032860450166
61.44,,,,,1.5393595308810298e-08
61.46321995464853,,,,,0.010037765502929688
61.486439909297054,,,,,0.010073751764282884
61.50965986394558,,,,,0.01003776550292969
61.532879818594104,,,,,0.010004191052795272
61.55609977324263,,,,,0.010000788366228905
61.57931972789115,,,,,0.010000086025507834
61.602539682539685,,,,,0.01000274635101493
61.62575963718821,,,,,0.01000183123518646
61.648979591836735,,,,,2.4846112674795242e-08
61.67219954648526,213.5743766672055,56.48682057635243,56.0,48.68205763524287,0.010000303826346495
61.695419501133784,216.05599138691042,56.68682057635243,57.0,-31.317942364756846,0.010008733179550859
61.718639455782316,216.05599138691042,56.68682057635243,57.0,-31.317942364756846,0.010026655320793968
61.74185941043084,216.05599138691042,56.68682057635243,57.0,-31.317942364756846,0.010018650788895057
61.765079365079366,218.56644108070327,56.88682057635242,57.0,-11.317942364757982,0.01003747424905775
61.78829931972789,219.83258359329426,56.98682057635243,57.0,-1.3179423647571298,0.010009025493342986
61.811519274376415,222.38691517477395,57.18682057635243,57.0,18.682057635243154,0.010259050559778864
61.83473922902494,223.6751894686431,57.28682057635243,57.0,28.682057635243297,0.01002672467381077
61.85795918367347,224.97092665957592,57.38682057635243,57.0,38.68205763524273,0.010006178555334078
61.881179138322,227.58496291156504,57.58682057635242,58.0,-41.3179423647577,0.01000187304601255
61.90439909297052,226.27416997969522,57.48682057635243,57.0,48.68205763524287,0.010000516719604524
61.92761904761905,230.2293728017312,57.786820576352426,58.0,-21.317942364757414,0.01000419105279527
61.95083900226757,230.2293728017312,57.786820576352426,58.0,-21.317942364757414,0.01001876450976914
61.9740589569161,228.90334918964132,57.68682057635243,58.0,-31.317942364756846,0.01002672467381077
61.99727891156463,230.2293728017312,57.786820576352426,58.0,-21.317942364757414,0.010018764509769141
62.02049886621315,228.90334918964132,57.68682057635243,58.0,-31.317942364756846,0.010006178555334078
62.04371882086168,230.2293728017312,57.786820576352426,58.0,-21.317942364757414,0.010013068846238975
62.0669387755102,230.2293728017312,57.786820576352426,58.0,-21.317942364757414,0.010013068846238975
62.09015873015873,228.90334918964132,57.68682057635243,58.0,-31.317942364756846,0.01000123296498612
62.11337868480726,238.34839409963237,58.386820576352434,58.0,38.68205763524344,0.01001876450976914
62.136598639455784,241.11786903593213,58.58682057635244,59.0,-41.31794236475628,0.010191075496968311
62.15981859410431,241.11786903593213,58.58682057635244,59.0,-41.31794236475628,0.010824463728234165
62.18303854875283,242.5146506416637,58.68682057635243,59.0,-31.317942364756846,0.011422334250709074
62.20625850340136,243.91952372092192,58.78682057635243,59.0,-21.317942364756703,0.010824463728234169
62.22947845804989,243.91952372092192,58.78682057635243,59.0,-21.317942364756703,0.010018764509769138
62.252698412698415,242.5146506416637,58.68682057635243,59.0,-31.317942364756846,0.010009025493342986
62.27591836734694,242.5146506416637,58.68682057635243,59.0,-31.317942364756846,0.010824463728234165
62.299138321995464,239.72913230026904,58.48682057635243,58.0,48.68205763524287,0.015085587297504338
62.32235827664399,241.11786903593213,58.58682057635244,59.0,-41.31794236475628,0.056071395445892624
62.345578231292514,241.11786903593213,58.58682057635244,59.0,-41.31794236475628,0.07797523762294828
62.368798185941046,242.5146506416637,58.68682057635243,59.0,-31.317942364756846,0.047686993082531035
62.39201814058957,242.5146506416637,58.68682057635243,59.0,-31.317942364756846,0.02031762855636058
62.415238095238095,245.3325351471361,58.88682057635243,59.0,-11.317942364757272,0.010073751764282886
62.43845804988662,245.3325351471361,58.88682057635243,59.0,-11.317942364757272,0.010073751764282884
62.461678004535145,245.3325351471361,58.88682057635243,59.0,-11.317942364757272,0.026168028608935755
62.48489795918368,243.91952372092192,58.78682057635243,59.0,-21.317942364756703,0.02031762855636058
62.5081179138322,243.91952372092192,58.78682057635243,59.0,-21.317942364756703,0.15046460134333878
62.531337868480726,243.91952372092192,58.78682057635243,59.0,-21.317942364756703,0.17653060863289743
62.55455782312925,242.5146506416637,58.68682057635243,59.0,-31.317942364756846,0.09203757081218113
62.577777777777776,243.91952372092192,58.78682057635243,59.0,-21.317942364756703,0.10857977072874497
62.6009977324263,243.91952372092192,58.78682057635243,59.0,-21.317942364756703,0.020317628556360583
62.62421768707483,243.91952372092192,58.78682057635243,59.0,-21.317942364756703,0.04069733156888105
62.64743764172336,243.91952372092192,58.78682057635243,59.0,-21.317942364756703,0.06608151270920701
62.67065759637188,245.3325351471361,58.88682057635243,59.0,-11.317942364757272,0.04069733156888106
62.69387755102041,242.5146506416637,58.68682057635243,59.0,-31.317942364756846,0.016467587593113005
62.71709750566893,242.5146506416637,58.68682057635243,59.0,-31.317942364756846,0.015085587297504338
62.74031746031746,242.5146506416637,58.68682057635243,59.0,-31.317942364756846,0.05607139544589263
62.76353741496599,242.5146506416637,58.68682057635243,59.0,-31.317942364756846,0.066081512709207
62.78675736961451,243.91952372092192,58.78682057635243,59.0,-21.317942364756703,0.04768699308253104
62.80997732426304,243.91952372092192,58.78682057635243,59.0,-21.317942364756703,0.0779752376229483
62.83319727891156,243.91952372092192,58.78682057635243,59.0,-21.317942364756703,0.09203757081218113
62.85641723356009,243.91952372092192,58.78682057635243,59.0,-21.317942364756703,0.056071395445892624
62.87963718820862,245.3325351471361,58.88682057635243,59.0,-11.317942364757272,0.03489742801962526
62.902857142857144,245.3325351471361,58.88682057635243,59.0,-11.317942364757272,0.05607139544589262
62.92607709750567,245.3325351471361,58.88682057635243,59.0,-11.317942364757272,0.066081512709207
62.94929705215419,245.3325351471361,58.88682057635243,59.0,-11.317942364757272,0.06608151270920701
62.97251700680272,242.5146506416637,58.68682057635243,59.0,-31.317942364756846,0.0229442191246386
62.99573696145125,241.11786903593213,58.58682057635244,59.0,-41.31794236475628,0.013100262550513393
63.018956916099775,241.11786903593213,58.58682057635244,59.0,-41.31794236475628,0.010467533617069905
63.0421768707483,235.61072929608412,58.18682057635243,58.0,18.682057635243154,0.01002672467381077
63.065396825396824,235.61072929608412,58.18682057635243,58.0,18.682057635243154,0.010004191052795272
63.08861678004535,228.90334918964132,57.68682057635243,58.0,-31.317942364756846,0.01000002785019643
63.111836734693874,232.90450925475,57.98682057635243,58.0,-1.3179423647571298,0.010001232964449816
63.135056689342406,235.61072929608412,58.18682057635243,58.0,18.682057635243154,0.010000516719068356
63.15827664399093,,,,,0.010000328601010994
63.181496598639455,,,,,0.010000802692321458
63.20471655328798,,,,,0.010000027846770532
63.227936507936505,344.95429857371363,64.78682057635243,65.0,-21.317942364757414,0.010000046296779216
63.25115646258504,346.9525984964539,64.88682057635242,65.0,-11.317942364757982,0.010009017378943273
63.27437641723356,342.9675080116138,64.68682057635243,65.0,-31.317942364756846,0.010622567970819454
63.297596371882086,344.95429857371363,64.78682057635243,65.0,-21.317942364757414,0.011422333539536774
63.32081632653061,346.9525984964539,64.88682057635242,65.0,-11.317942364757982,0.010824463728168313
63.344036281179136,344.95429857371363,64.78682057635243,65.0,-21.317942364757414,0.01034905512988449
63.36725623582767,344.95429857371363,64.78682057635243,65.0,-21.317942364757414,0.010026724670320104
63.39047619047619,339.0281901949745,64.48682057635243,64.0,48.68205763524287,0.010018764327314359
63.41369614512472,339.0281901949745,64.48682057635243,64.0,48.68205763524287,0.010013068481207529
63.43691609977324,339.0281901949745,64.48682057635243,64.0,48.68205763524287,0.010052967537663118
63.46013605442177,337.07553150554753,64.38682057635243,64.0,38.68205763524344,0.010191075496968311
63.48335600907029,340.992160521115,64.58682057635242,65.0,-41.3179423647577,0.010191075496968311
63.506575963718824,340.992160521115,64.58682057635242,65.0,-41.3179423647577,0.010140046044703685
63.52979591836735,340.992160521115,64.58682057635242,65.0,-41.3179423647577,0.010191075496968311
63.55301587301587,340.992160521115,64.58682057635242,65.0,-41.3179423647577,0.010018764509768754
63.5762358276644,339.0281901949745,64.48682057635243,64.0,48.68205763524287,0.01014004604469802
63.59945578231292,337.07553150554753,64.38682057635243,64.0,38.68205763524344,0.01310026119975377
63.622675736961455,337.07553150554753,64.38682057635243,64.0,38.68205763524344,0.013980196207584901
63.64589569160998,337.07553150554753,64.38682057635243,64.0,38.68205763524344,0.0229442166170079
63.669115646258504,337.07553150554753,64.38682057635243,64.0,38.68205763524344,0.030106847621972233
63.69233560090703,335.13411930260065,64.28682057635244,64.0,28.682057635244007,0.01646758759257684
63.715555555555554,333.203888811138,64.18682057635243,64.0,18.682057635243154,0.02031762855616676
63.73877551020408,333.203888811138,64.18682057635243,64.0,18.682057635243154,0.01646758759311291
63.76199546485261,331.28477562924076,64.08682057635244,64.0,8.682057635243723,0.0261680286088699
63.785215419501135,329.3767157259174,63.986820576352436,64.0,-1.3179423647564192,0.05607139526344119
63.80843537414966,331.28477562924076,64.08682057635244,64.0,8.682057635243723,0.040697307244397546
63.831655328798185,331.28477562924076,64.08682057635244,64.0,8.682057635243723,0.03489697671622458
63.85487528344671,331.28477562924076,64.08682057635244,64.0,8.682057635243723,0.01508558720888674
63.87809523809524,335.13411930260065,64.28682057635244,64.0,28.682057635244007,0.010259050559778863
63.901315192743766,335.13411930260065,64.28682057635244,64.0,28.682057635244007,0.01010197459374499
63.92453514739229,331.28477562924076,64.08682057635244,64.0,8.682057635243723,0.010073751762880119
63.947755102040816,331.28477562924076,64.08682057635244,64.0,8.682057635243723,0.010191034356417264
63.97097505668934,333.203888811138,64.18682057635243,64.0,18.682057635243154,0.010466820521336108
63.994195011337865,331.28477562924076,64.08682057635244,64.0,8.682057635243723,0.010807796482918621
64.01741496598639,337.07553150554753,64.38682057635243,64.0,38.68205763524344,0.01240204586457548
64.04063492063491,337.07553150554753,64.38682057635243,64.0,38.68205763524344,0.011852410327168762
64.06385487528345,337.07553150554753,64.38682057635243,64.0,38.68205763524344,0.01240312470493332
64.08707482993198,337.07553150554753,64.38682057635243,64.0,38.68205763524344,0.012403124792148576
64.1102947845805,333.203888811138,64.18682057635243,64.0,18.682057635243154,0.020317623994973673
64.13351473922903,331.28477562924076,64.08682057635244,64.0,8.682057635243723,0.04069730724349268
64.15673469387755,329.3767157259174,63.986820576352436,64.0,-1.3179423647564192,0.05605497750885602
64.17995464852608,331.28477562924076,64.08682057635244,64.0,8.682057635243723,0.12793679929843543
64.2031746031746,331.28477562924076,64.08682057635244,64.0,8.682057635243723,0.07797523758126287
64.22639455782313,331.28477562924076,64.08682057635244,64.0,8.682057635243723,0.07797523762154553
64.24961451247165,333.203888811138,64.18682057635243,64.0,18.682057635243154,0.06608151270920702
64.27283446712018,331.28477562924076,64.08682057635244,64.0,8.682057635243723,0.06608151270920702
64.2960544217687,333.203888811138,64.18682057635243,64.0,18.682057635243154,0.05607139544589262
64.31927437641724,333.203888811138,64.18682057635243,64.0,18.682057635243154,0.04069733156888067
64.34249433106577,331.28477562924076,64.08682057635244,64.0,8.682057635243723,0.05603840349741911
64.36571428571429,331.28477562924076,64.08682057635244,64.0,8.682057635243723,0.06601708643074719
64.38893424036281,329.3767157259174,63.986820576352436,64.0,-1.3179423647564192,0.06608043583861534
64.41215419501134,329.3767157259174,63.986820576352436,64.0,-1.3179423647564192,0.05607121522962983
64.43537414965986,331.28477562924076,64.08682057635244,64.0,8.682057635243723,0.022944211012954876
64.45859410430839,331.28477562924076,64.08682057635244,64.0,8.682057635243723,0.030106837466084477
64.48181405895691,331.28477562924076,64.08682057635244,64.0,8.682057635243723,0.02294313972668584
64.50503401360544,329.3767157259174,63.986820576352436,64.0,-1.3179423647564192,0.022941753916116896
64.52825396825396,331.28477562924076,64.08682057635244,64.0,8.682057635243723,0.0348957896774762
64.55147392290249,331.28477562924076,64.08682057635244,64.0,8.682057635243723,0.018186923459178137
64.57469387755103,331.28477562924076,64.08682057635244,64.0,8.682057635243723,0.06608149853366443
64.59791383219955,331.28477562924076,64.08682057635244,64.0,8.682057635243723,0.06608081134607267
64.62113378684808,331.28477562924076,64.08682057635244,64.0,8.682057635243723,0.07797505736763594
64.6443537414966,331.28477562924076,64.08682057635244,64.0,8.682057635243723,0.1085797565565222
64.66757369614513,331.28477562924076,64.08682057635244,64.0,8.682057635243723,0.06608133248576241
64.69079365079365,331.28477562924076,64.08682057635244,64.0,8.682057635243723,0.03489742793103326
64.71401360544218,329.3767157259174,63.986820576352436,64.0,-1.3179423647564192,0.07797523761945765
64.7372335600907,329.3767157259174,63.986820576352436,64.0,-1.3179423647564192,0.06608151270571634
64.76045351473923,329.3767157259174,63.986820576352436,64.0,-1.3179423647564192,0.10857975655628352
64.78367346938775,329.3767157259174,63.986820576352436,64.0,-1.3179423647564192,0.1279370619759828
64.80689342403628,327.4796454389679,63.88682057635242,64.0,-11.317942364757982,0.07797478630290541
64.83011337868481,325.5935014728596,63.786820576352426,64.0,-21.317942364757414,0.07796735235449485
64.85333333333334,325.5935014728596,63.786820576352426,64.0,-21.317942364757414,0.06607987672165974
64.87655328798186,325.5935014728596,63.786820576352426,64.0,-21.317942364757414,0.030098976780769247
64.89977324263039,327.4796454389679,63.88682057635242,64.0,-11.317942364757982,0.08993553585225218
64.92299319727891,327.4796454389679,63.88682057635242,64.0,-11.317942364757982,0.20302969507410526
64.94621315192744,327.4796454389679,63.88682057635242,64.0,-11.317942364757982,0.23631219781685972
64.96943310657596,325.5935014728596,63.786820576352426,64.0,-21.317942364757414,0.2751632887643328
64.99265306122449,329.3767157259174,63.986820576352436,64.0,-1.3179423647564192,0.12721569932771853
65.01587301587301,329.3767157259174,63.986820576352436,64.0,-1.3179423647564192,0.20379819563447107
65.03909297052154,329.3767157259174,63.986820576352436,64.0,-1.3179423647564192,0.4225859106595243
65.06231292517006,327.4796454389679,63.88682057635242,64.0,-11.317942364757982,0.3212371091758554
65.0855328798186,327.4796454389679,63.88682057635242,64.0,-11.317942364757982,0.32062820962235655
65.10875283446713,327.4796454389679,63.88682057635242,64.0,-11.317942364757982,0.06599223491270867
65.13197278911565,327.4796454389679,63.88682057635242,64.0,-11.317942364757982,0.040691921966197114
65.15519274376418,327.4796454389679,63.88682057635242,64.0,-11.317942364757982,0.07797495052818275
65.1784126984127,325.5935014728596,63.786820576352426,64.0,-21.317942364757414,0.04768699173171121
65.20163265306122,323.7182208966152,63.68682057635243,64.0,-31.317942364756846,0.02031762819132879
65.22485260770975,323.7182208966152,63.68682057635243,64.0,-31.317942364756846,0.018187263885951835
65.24807256235827,323.7182208966152,63.68682057635243,64.0,-31.317942364756846,0.022878732440865145
65.2712925170068,323.7182208966152,63.68682057635243,64.0,-31.317942364756846,0.020007167291058423
65.29451247165532,323.7182208966152,63.68682057635243,64.0,-31.317942364756846,0.025614900265605697
65.31773242630385,323.7182208966152,63.68682057635243,64.0,-31.317942364756846,0.013810342869507705
65.34095238095239,318.15693562161516,63.38682057635243,63.0,38.68205763524273,0.015429287016904695
65.36417233560091,320.0,63.48682057635242,63.0,48.68205763524216,0.017633980260506714
65.38739229024944,318.15693562161516,63.38682057635243,63.0,38.68205763524273,0.017877360628529345
65.41061224489796,318.15693562161516,63.38682057635243,63.0,38.68205763524273,0.01178807373093335
65.43383219954649,321.8537411417131,63.58682057635244,64.0,-41.31794236475628,0.010002774396695837
65.45705215419501,,,,,6.222834164103662e-08
65.48027210884354,,,,,6.225722554155796e-08
65.50349206349206,,,,,1.4845827969601091e-07
65.52671201814059,,,,,3.390451734093355e-07
65.54993197278911,,,,,9.66634061134741e-08
65.57315192743764,597.1411145835567,74.28682057635243,74.0,28.682057635242586,0.010013068846238975
65.59637188208617,580.1416661939907,73.78682057635243,74.0,-21.317942364757414,0.010349055133375844
65.6195918367347,573.4781708236496,73.58682057635242,74.0,-41.3179423647577,0.011085791888943373
65.64281179138322,566.8912122255109,73.38682057635243,73.0,38.68205763524344,0.030106861794195014
65.66603174603175,566.8912122255109,73.38682057635243,73.0,38.68205763524344,0.09203757081218113
65.68925170068027,570.1751796098172,73.48682057635243,73.0,48.68205763524287,0.030106861794195007
65.7124716553288,580.1416661939907,73.78682057635243,74.0,-21.317942364757414,0.016467587593113005
65.73569160997732,593.7018348424381,74.18682057635243,74.0,18.682057635243154,0.010349055133375844
65.75891156462585,,,,,5.629455546597494e-05
65.78213151927437,597.1411145835567,74.28682057635243,74.0,28.682057635242586,0.011853505394683413
65.8053514739229,586.8825876509895,73.98682057635241,74.0,-1.3179423647585509,0.011853505394683413
65.82857142857142,580.1416661939907,73.78682057635243,74.0,-21.317942364757414,0.013980210380185928
65.85179138321996,580.1416661939907,73.78682057635243,74.0,-21.317942364757414,0.015085587297504338
65.87501133786849,586.8825876509895,73.98682057635241,74.0,-1.3179423647585509,0.0229442191246386
65.89823129251701,590.282363895001,74.08682057635244,74.0,8.682057635243723,0.034897428019625254
65.92145124716554,597.1411145835567,74.28682057635243,74.0,28.682057635242586,0.06608151270920702
65.94467120181406,,,,,0.003705067343240794
65.96789115646258,,,,,0.0015596516791391828
65.99111111111111,,,,,0.0030047906521400046
66.01433106575963,,,,,0.00022318269534988668
66.03755102040816,,,,,0.00013073999643254075
66.06077097505668,,,,,0.00022318239642777162
66.08399092970521,,,,,1.68625448291637e-05
66.10721088435375,,,,,7.496655564384943e-05
66.13043083900227,,,,,5.629439014229226e-05
66.1536507936508,,,,,7.496714575938085e-05
66.17687074829932,,,,,0.00013073803861981628
66.20009070294785,,,,,0.00017126630476264402
66.22331065759637,,,,,0.00022319243453949162
66.2465306122449,,,,,0.0006128816267308652
66.26975056689342,,,,,0.00013082444802039366
66.29297052154195,,,,,0.00028937987218575296
66.31619047619047,,,,,0.0001307657274334634
66.339410430839,,,,,0.00037342609425170117
66.36263038548753,,,,,0.010342040221891575
66.38585034013606,,,,,9.927187138182701e-05
66.40907029478458,,,,,0.00037329368286165884
66.43229024943311,,,,,7.496648207950461e-05
66.45551020408163,,,,,0.001242374787885862
66.47873015873016,325.5935014728596,63.786820576352426,64.0,-21.317942364757414,0.04169962166784723
66.50195011337868,323.7182208966152,63.68682057635243,64.0,-31.317942364756846,0.13371683236587623
66.52517006802721,323.7182208966152,63.68682057635243,64.0,-31.317942364756846,0.11904157323815977
66.54839002267573,321.8537411417131,63.58682057635244,64.0,-41.31794236475628,0.06761107171852629
66.57160997732426,318.15693562161516,63.38682057635243,63.0,38.68205763524273,0.03330353612538538
66.59482993197278,320.0,63.48682057635242,63.0,48.68205763524216,0.019584112990906486
66.61804988662132,321.8537411417131,63.58682057635244,64.0,-41.31794236475628,0.020007083737466368
66.64126984126985,323.7182208966152,63.68682057635243,64.0,-31.317942364756846,0.025998042191549355
66.66448979591837,323.7182208966152,63.68682057635243,64.0,-31.317942364756846,0.02604343252650369
66.6877097505669,325.5935014728596,63.786820576352426,64.0,-21.317942364757414,0.018121760386929593
66.71092970521542,323.7182208966152,63.68682057635243,64.0,-31.317942364756846,0.015019971205206525
66.73414965986395,325.5935014728596,63.786820576352426,64.0,-21.317942364757414,0.028458079469025392
66.75736961451247,323.7182208966152,63.68682057635243,64.0,-31.317942364756846,0.014646294613252939
66.780589569161,325.5935014728596,63.786820576352426,64.0,-21.317942364757414,0.02018606253453589
66.80380952380952,327.4796454389679,63.88682057635242,64.0,-11.317942364757982,0.020087155825707494
66.82702947845804,329.3767157259174,63.986820576352436,64.0,-1.3179423647564192,0.020270515381246607
66.85024943310657,331.28477562924076,64.08682057635244,64.0,8.682057635243723,0.04068584339801889
66.87346938775511,329.3767157259174,63.986820576352436,64.0,-1.3179423647564192,0.17490431993932506
66.89668934240363,329.3767157259174,63.986820576352436,64.0,-1.3179423647564192,0.23727694446648281
66.91990929705216,327.4796454389679,63.88682057635242,64.0,-11.317942364757982,0.3143217614588828
66.94312925170068,327.4796454389679,63.88682057635242,64.0,-11.317942364757982,0.40431030925581657
66.96634920634921,325.5935014728596,63.786820576352426,64.0,-21.317942364757414,0.17528645411605845
66.98956916099773,325.5935014728596,63.786820576352426,64.0,-21.317942364757414,0.10845720124901825
67.01278911564626,325.5935014728596,63.786820576352426,64.0,-21.317942364757414,0.047663595313783835
67.03600907029478,325.5935014728596,63.786820576352426,64.0,-21.317942364757414,0.04765348100067598
67.0592290249433,327.4796454389679,63.88682057635242,64.0,-11.317942364757982,0.2059623189623529
67.08244897959183,327.4796454389679,63.88682057635242,64.0,-11.317942364757982,0.23865300094745817
67.10566893424036,327.4796454389679,63.88682057635242,64.0,-11.317942364757982,0.2775056139409602
67.1288888888889,327.4796454389679,63.88682057635242,64.0,-11.317942364757982,0.1752879416010571
67.15210884353742,327.4796454389679,63.88682057635242,64.0,-11.317942364757982,0.09078465521079751
67.17532879818594,327.4796454389679,63.88682057635242,64.0,-11.317942364757982,0.05551954162214715
67.19854875283447,327.4796454389679,63.88682057635242,64.0,-11.317942364757982,0.10817130033017933
67.221768707483,329.3767157259174,63.986820576352436,64.0,-1.3179423647564192,0.14884525916004618
67.24498866213152,331.28477562924076,64.08682057635244,64.0,8.682057635243723,0.23360131289626332
67.26820861678004,329.3767157259174,63.986820576352436,64.0,-1.3179423647564192,0.4632362881784804
67.29142857142857,329.3767157259174,63.986820576352436,64.0,-1.3179423647564192,0.5267745893599347
67.3146485260771,327.4796454389679,63.88682057635242,64.0,-11.317942364757982,0.35801189436670977
67.33786848072562,325.5935014728596,63.786820576352426,64.0,-21.317942364757414,0.3649828858444056
67.36108843537414,327.4796454389679,63.88682057635242,64.0,-11.317942364757982,0.12784799354368756
67.38430839002268,327.4796454389679,63.88682057635242,64.0,-11.317942364757982,0.10849068317981649
67.4075283446712,327.4796454389679,63.88682057635242,64.0,-11.317942364757982,0.17644152414830844
67.43074829931973,327.4796454389679,63.88682057635242,64.0,-11.317942364757982,0.10854677694888339
67.45396825396826,327.4796454389679,63.88682057635242,64.0,-11.317942364757982,0.07794220686058824
67.47718820861678,325.5935014728596,63.786820576352426,64.0,-21.317942364757414,0.04762213261761
67.5004081632653,325.5935014728596,63.786820576352426,64.0,-21.317942364757414,0.029936927553398135
67.52362811791383,321.8537411417131,63.58682057635244,64.0,-41.31794236475628,0.021978287366649304
67.54684807256236,321.8537411417131,63.58682057635244,64.0,-41.31794236475628,0.05031873274975904
67.57006802721088,321.8537411417131,63.58682057635244,64.0,-41.31794236475628,0.07222498570347445
67.5932879818594,321.8537411417131,63.58682057635244,64.0,-41.31794236475628,0.04737656981082256
67.61650793650794,323.7182208966152,63.68682057635243,64.0,-31.317942364756846,0.09194829062232579
67.63972789115647,323.7182208966152,63.68682057635243,64.0,-31.317942364756846,0.04069726318657788
67.662947845805,323.7182208966152,63.68682057635243,64.0,-31.317942364756846,0.026166949093558267
67.68616780045352,325.5935014728596,63.786820576352426,64.0,-21.317942364757414,0.02030972673217201
67.70938775510204,323.7182208966152,63.68682057635243,64.0,-31.317942364756846,0.06535478783286584
67.73260770975057,325.5935014728596,63.786820576352426,64.0,-21.317942364757414,0.07070311097142312
67.75582766439909,325.5935014728596,63.786820576352426,64.0,-21.317942364757414,0.0734596783587855
67.77904761904762,323.7182208966152,63.68682057635243,64.0,-31.317942364756846,0.06880476254735866
67.80226757369614,323.7182208966152,63.68682057635243,64.0,-31.317942364756846,0.07522097041226869
67.82548752834467,323.7182208966152,63.68682057635243,64.0,-31.317942364756846,0.0774280485276931
67.84870748299319,325.5935014728596,63.786820576352426,64.0,-21.317942364757414,0.04038879273260778
67.87192743764173,325.5935014728596,63.786820576352426,64.0,-21.317942364757414,0.030017583899118284
67.89514739229026,325.5935014728596,63.786820576352426,64.0,-21.317942364757414,0.011806420276896391
67.91836734693878,,,,,4.559241725472878e-06
67.9415873015873,,,,,0.01027108500649706
67.96480725623583,,,,,1.7433517124015813e-05
67.98802721088435,,,,,6.574345773753818e-06
68.01124716553288,,,,,1.5029641233098524e-07
68.0344671201814,,,,,3.4325483587129176e-09
68.05768707482993,583.5023926772587,73.88682057635242,74.0,-11.317942364757982,0.010349055133375844
68.08090702947845,573.4781708236496,73.58682057635242,74.0,-41.3179423647577,0.010824463728234167
68.10412698412698,573.4781708236496,73.58682057635242,74.0,-41.3179423647577,0.010824463728234169
68.12734693877552,576.8002960709314,73.68682057635243,74.0,-31.317942364756846,0.010467533617069905
68.15056689342404,590.282363895001,74.08682057635244,74.0,8.682057635243723,0.010140046044704068
68.17378684807257,597.1411145835567,74.28682057635243,74.0,28.682057635242586,0.010191075496968311
68.19700680272109,586.8825876509895,73.98682057635241,74.0,-1.3179423647585509,0.013100262550513395
68.22022675736962,583.5023926772587,73.88682057635242,74.0,-11.317942364757982,0.01646758759311301
68.24344671201814,573.4781708236496,73.58682057635242,74.0,-41.3179423647577,0.03010686179419501
68.26666666666667,563.6261591015351,73.28682057635244,73.0,28.682057635244007,0.03489742801962526
68.28988662131519,563.6261591015351,73.28682057635244,73.0,28.682057635244007,0.04768699308253103
68.31310657596372,560.3799112997665,73.18682057635243,73.0,18.682057635243154,0.03489742801962526
68.33632653061224,557.1523605095193,73.08682057635244,73.0,8.682057635243723,0.04069733156888106
68.35954648526076,560.3799112997665,73.18682057635243,73.0,18.682057635243154,0.034897428019625254
68.3827664399093,560.3799112997665,73.18682057635243,73.0,18.682057635243154,0.020317628556360583
68.40598639455783,563.6261591015351,73.28682057635244,73.0,28.682057635244007,0.020317628556360583
68.42920634920635,566.8912122255109,73.38682057635243,73.0,38.68205763524344,0.011422334250709074
68.45242630385488,563.6261591015351,73.28682057635244,73.0,28.682057635244007,0.02616802860893576
68.4756462585034,557.1523605095193,73.08682057635244,73.0,8.682057635243723,0.09203757081218111
68.49886621315193,557.1523605095193,73.08682057635244,73.0,8.682057635243723,0.10857977072874499
68.52208616780045,557.1523605095193,73.08682057635244,73.0,8.682057635243723,0.15046460134333878
68.54530612244898,557.1523605095193,73.08682057635244,73.0,8.682057635243723,0.1504646013433388
68.5685260770975,566.8912122255109,73.38682057635243,73.0,38.68205763524344,0.03489742801962526
68.59174603174603,560.3799112997665,73.18682057635243,73.0,18.682057635243154,0.056071395445892624
68.61496598639455,557.1523605095193,73.08682057635244,73.0,8.682057635243723,0.047686993082531035
68.63818594104309,553.9433990439315,72.98682057635244,73.0,-1.3179423647557087,0.04768699308253103
68.66140589569162,557.1523605095193,73.08682057635244,73.0,8.682057635243723,0.09203757081218113
68.68462585034014,560.3799112997665,73.18682057635243,73.0,18.682057635243154,0.01646758759311301
68.70784580498866,566.8912122255109,73.38682057635243,73.0,38.68205763524344,0.011853505394683413
68.73106575963719,573.4781708236496,73.58682057635242,74.0,-41.3179423647577,0.013100262550513397
68.75428571428571,573.4781708236496,73.58682057635242,74.0,-41.3179423647577,0.016467587593113005
68.77750566893424,566.8912122255109,73.38682057635243,73.0,38.68205763524344,0.03010686179419501
68.80072562358276,560.3799112997665,73.18682057635243,73.0,18.682057635243154,0.04069733156888106
68.82394557823129,557.1523605095193,73.08682057635244,73.0,8.682057635243723,0.047686993082531035
68.84716553287981,557.1523605095193,73.08682057635244,73.0,8.682057635243723,0.0229442191246386
68.87038548752834,557.1523605095193,73.08682057635244,73.0,8.682057635243723,0.010467533617069905
68.89360544217688,560.3799112997665,73.18682057635243,73.0,18.682057635243154,0.020317628556360587
68.9168253968254,557.1523605095193,73.08682057635244,73.0,8.682057635243723,0.018187375734912182
68.94004535147393,553.9433990439315,72.98682057635244,73.0,-1.3179423647557087,0.04768699308253104
68.96326530612245,550.7529198363712,72.88682057635242,73.0,-11.317942364757982,0.05607139544589262
68.98648526077098,550.7529198363712,72.88682057635242,73.0,-11.317942364757982,0.02616802860893576
69.0097052154195,550.7529198363712,72.88682057635242,73.0,-11.317942364757982,0.026168028608935755
69.03292517006803,570.1751796098172,73.48682057635243,73.0,48.68205763524287,0.011853505394683413
69.05614512471655,580.1416661939907,73.78682057635243,74.0,-21.317942364757414,0.011853505394683413
69.07936507936508,586.8825876509895,73.98682057635241,74.0,-1.3179423647585509,0.011085791888943373
69.1025850340136,583.5023926772587,73.88682057635242,74.0,-11.317942364757982,0.012403124793551348
69.12580498866213,576.8002960709314,73.68682057635243,74.0,-31.317942364756846,0.012403124793551348
69.14902494331066,570.1751796098172,73.48682057635243,73.0,48.68205763524287,0.011085791888943373
69.17224489795919,580.1416661939907,73.78682057635243,74.0,-21.317942364757414,0.01010197459374499
69.19546485260771,,,,,0.010007659338706985
69.21868480725624,,,,,0.010012367515983936
69.24190476190476,,,,,0.010024259666288574
69.26512471655329,,,,,0.010023055128010704
69.28834467120181,,,,,0.010026724673810768
69.31156462585034,,,,,0.010016276704944576
69.33478458049886,,,,,0.01001302768830042
69.35800453514739,,,,,0.010037653575816327
69.38122448979591,,,,,0.01002661273670235
69.40444444444445,,,,,0.010026700124798334
69.42766439909298,,,,,0.01034905261962165
69.4508843537415,,,,,0.010622608329951511
69.47410430839003,,,,,0.010349050576119723
69.49732426303855,,,,,0.010467509284633766
69.52054421768707,,,,,0.010073639844813232
69.5437641723356,,,,,0.010467492478129713
69.56698412698412,,,,,0.011085767556604037
69.59020408163265,,,,,0.010622594836487314
69.61342403628117,,,,,0.010012781160984429
69.6366439909297,,,,,9.797892190358866e-09
69.65986394557824,,,,,1.957129610045515e-09
69.68308390022676,,,,,3.471740444624708e-10
69.70630385487529,,,,,1.1401412654282962e-09
69.72952380952381,,,,,5.673117601592945e-09
69.75274376417234,,,,,3.3548421445061694e-09
69.77596371882086,,,,,1.9220919794292763e-10
69.79918367346939,,,,,3.3601142415065277e-09
69.82240362811791,,,,,3.8781037464093697e-10
69.84562358276644,,,,,5.894784579138187e-09
69.86884353741496,,,,,4.4217634580968194e-08
69.89206349206349,,,,,7.852552774547524e-07
69.91528344671202,,,,,6.389675725528819e-06
69.93850340136055,,,,,4.2157808939737376e-05
69.96172335600907,,,,,7.505415365575486e-05
69.9849433106576,,,,,8.884875420868508e-06
